EU_circo,code_région,nom_région,chef-lieu_région,numéro_département,nom_département,préfecture,numéro_circonscription,nom_commune,codes_postaux,code_insee,latitude,longitude,éloignement
Est,42,Alsace,Strasbourg,67,Bas-Rhin,Strasbourg,1,Strasbourg,67000,67482,48.583333,7.75,1.04
Est,42,Alsace,Strasbourg,67,Bas-Rhin,Strasbourg,2,Strasbourg,67000,67482,48.583333,7.75,1.04
Est,42,Alsace,Strasbourg,67,Bas-Rhin,Strasbourg,3,Bischheim,67800,67043,48.616667,7.75,1.04
Est,42,Alsace,Strasbourg,67,Bas-Rhin,Strasbourg,3,Hoenheim,67800,67204,48.616667,7.75,1.04
Est,42,Alsace,Strasbourg,67,Bas-Rhin,Strasbourg,3,Schiltigheim,67300,67447,48.6,7.75,1.04
Est,42,Alsace,Strasbourg,67,Bas-Rhin,Strasbourg,3,Strasbourg,67000,67482,48.583333,7.75,1.04
Est,42,Alsace,Strasbourg,67,Bas-Rhin,Strasbourg,4,Achenheim,67204,67001,48.583333,7.633333,0.5
Est,42,Alsace,Strasbourg,67,Bas-Rhin,Strasbourg,4,Berstett,67370,67034,48.683333,7.666667,1.59
Est,42,Alsace,Strasbourg,67,Bas-Rhin,Strasbourg,4,Blaesheim,67113,67049,48.5,7.6,0.94
Est,42,Alsace,Strasbourg,67,Bas-Rhin,Strasbourg,4,Breuschwickersheim,67112,67065,48.583333,7.6,0.5
Est,42,Alsace,Strasbourg,67,Bas-Rhin,Strasbourg,4,Dingsheim,67370,67097,48.633333,7.666667,1.67
Est,42,Alsace,Strasbourg,67,Bas-Rhin,Strasbourg,4,Dossenheim-Kochersberg,67117,67102,48.633333,7.566667,0.67
Est,42,Alsace,Strasbourg,67,Bas-Rhin,Strasbourg,4,Duppigheim,67120,67108,48.533333,7.583333,1.43
Est,42,Alsace,Strasbourg,67,Bas-Rhin,Strasbourg,4,Durningen,67270,67109,48.683333,7.566667,1.33
Est,42,Alsace,Strasbourg,67,Bas-Rhin,Strasbourg,4,Eckbolsheim,67201,67118,48.583333,7.683333,0.7
Est,42,Alsace,Strasbourg,67,Bas-Rhin,Strasbourg,4,Entzheim,67960,67124,48.533333,7.633333,0.77
Est,42,Alsace,Strasbourg,67,Bas-Rhin,Strasbourg,4,Eschau,67114,67131,48.483333,7.716667,1.03
Est,42,Alsace,Strasbourg,67,Bas-Rhin,Strasbourg,4,Fegersheim,67640,67137,48.483333,7.683333,1.03
Est,42,Alsace,Strasbourg,67,Bas-Rhin,Strasbourg,4,Fessenheim-le-Bas,67117,67138,48.633333,7.533333,1.75
Est,42,Alsace,Strasbourg,67,Bas-Rhin,Strasbourg,4,Furdenheim,67117,67150,48.616667,7.566667,0.38
Est,42,Alsace,Strasbourg,67,Bas-Rhin,Strasbourg,4,Geispolsheim,67400,67152,48.516667,7.65,1
Est,42,Alsace,Strasbourg,67,Bas-Rhin,Strasbourg,4,Gougenheim,67270,67163,48.7,7.566667,0.97
Est,42,Alsace,Strasbourg,67,Bas-Rhin,Strasbourg,4,Griesheim-sur-Souffel,67370,67173,,,
Est,42,Alsace,Strasbourg,67,Bas-Rhin,Strasbourg,4,Handschuheim,67117,67181,48.6,7.583333,0.79
Est,42,Alsace,Strasbourg,67,Bas-Rhin,Strasbourg,4,Hangenbieten,67980,67182,48.566667,7.6,0.59
Est,42,Alsace,Strasbourg,67,Bas-Rhin,Strasbourg,4,Holtzheim,67810,67212,48.55,7.633333,0.68
Est,42,Alsace,Strasbourg,67,Bas-Rhin,Strasbourg,4,Hurtigheim,67117,67214,48.616667,7.616667,1.57
Est,42,Alsace,Strasbourg,67,Bas-Rhin,Strasbourg,4,Illkirch-Graffenstaden,67400,67218,48.533333,7.716667,1
Est,42,Alsace,Strasbourg,67,Bas-Rhin,Strasbourg,4,Innenheim,67880,67223,48.5,7.566667,1
Est,42,Alsace,Strasbourg,67,Bas-Rhin,Strasbourg,4,Ittenheim,67117,67226,48.6,7.6,1.18
Est,42,Alsace,Strasbourg,67,Bas-Rhin,Strasbourg,4,Kienheim,67270,67236,48.683333,7.583333,1.41
Est,42,Alsace,Strasbourg,67,Bas-Rhin,Strasbourg,4,Kolbsheim,67120,67247,48.566667,7.583333,1.45
Est,42,Alsace,Strasbourg,67,Bas-Rhin,Strasbourg,4,Kuttolsheim,67520,67253,48.65,7.533333,1.91
Est,42,Alsace,Strasbourg,67,Bas-Rhin,Strasbourg,4,Lampertheim,67450,67256,48.65,7.7,0.79
Est,42,Alsace,Strasbourg,67,Bas-Rhin,Strasbourg,4,Lingolsheim,67380,67267,48.566667,7.683333,0.7
Est,42,Alsace,Strasbourg,67,Bas-Rhin,Strasbourg,4,Lipsheim,67640,67268,48.483333,7.666667,2
Est,42,Alsace,Strasbourg,67,Bas-Rhin,Strasbourg,4,Mittelhausbergen,67206,67296,48.616667,7.7,0.79
Est,42,Alsace,Strasbourg,67,Bas-Rhin,Strasbourg,4,Mundolsheim,67450,67309,48.65,7.7,0.79
Est,42,Alsace,Strasbourg,67,Bas-Rhin,Strasbourg,4,Neugartheim-Ittlenheim,67370,67228,,,
Est,42,Alsace,Strasbourg,67,Bas-Rhin,Strasbourg,4,Niederhausbergen,67207,67326,48.616667,7.7,0.79
Est,42,Alsace,Strasbourg,67,Bas-Rhin,Strasbourg,4,Oberhausbergen,67205,67343,48.616667,7.683333,0.7
Est,42,Alsace,Strasbourg,67,Bas-Rhin,Strasbourg,4,Oberschaeffolsheim,67203,67350,48.583333,7.633333,0.5
Est,42,Alsace,Strasbourg,67,Bas-Rhin,Strasbourg,4,Osthoffen,67990,67363,48.583333,7.55,0.5
Est,42,Alsace,Strasbourg,67,Bas-Rhin,Strasbourg,4,Ostwald,67540,67365,48.55,7.716667,0.87
Est,42,Alsace,Strasbourg,67,Bas-Rhin,Strasbourg,4,Pfettisheim,67370,67374,48.666667,7.633333,0.84
Est,42,Alsace,Strasbourg,67,Bas-Rhin,Strasbourg,4,Pfulgriesheim,67370,67375,48.65,7.666667,1.57
Est,42,Alsace,Strasbourg,67,Bas-Rhin,Strasbourg,4,Plobsheim,67115,67378,48.466667,7.716667,1.12
Est,42,Alsace,Strasbourg,67,Bas-Rhin,Strasbourg,4,Quatzenheim,67117,67382,48.633333,7.566667,0.67
Est,42,Alsace,Strasbourg,67,Bas-Rhin,Strasbourg,4,Reichstett,67116,67389,48.65,7.75,1.04
Est,42,Alsace,Strasbourg,67,Bas-Rhin,Strasbourg,4,Rohr,67270,67406,48.7,7.55,0.99
Est,42,Alsace,Strasbourg,67,Bas-Rhin,Strasbourg,4,Schnersheim,67370,67452,48.666667,7.583333,0.21
Est,42,Alsace,Strasbourg,67,Bas-Rhin,Strasbourg,4,Souffelweyersheim,67460,67471,48.633333,7.733333,0.96
Est,42,Alsace,Strasbourg,67,Bas-Rhin,Strasbourg,4,Stutzheim-Offenheim,67370,67485,,,
Est,42,Alsace,Strasbourg,67,Bas-Rhin,Strasbourg,4,Truchtersheim,67370,67495,48.666667,7.6,0.27
Est,42,Alsace,Strasbourg,67,Bas-Rhin,Strasbourg,4,Willgottheim,67370,67532,48.666667,7.516667,1.59
Est,42,Alsace,Strasbourg,67,Bas-Rhin,Strasbourg,4,Wintzenheim-Kochersberg,67370,67542,48.65,7.516667,1.62
Est,42,Alsace,Strasbourg,67,Bas-Rhin,Strasbourg,4,Wiwersheim,67370,67548,48.633333,7.6,0.66
Est,42,Alsace,Strasbourg,67,Bas-Rhin,Strasbourg,4,Wolfisheim,67202,67551,48.583333,7.666667,0.61
Est,42,Alsace,Strasbourg,67,Bas-Rhin,Strasbourg,5,Andlau,67140,67010,,,
Est,42,Alsace,Strasbourg,67,Bas-Rhin,Strasbourg,5,Artolsheim,67390,67011,48.216667,7.566667,2.45
Est,42,Alsace,Strasbourg,67,Bas-Rhin,Strasbourg,5,Baldenheim,67600,67019,48.233333,7.533333,2.36
Est,42,Alsace,Strasbourg,67,Bas-Rhin,Strasbourg,5,Barr,67140,67021,48.4,7.45,1.47
Est,42,Alsace,Strasbourg,67,Bas-Rhin,Strasbourg,5,Benfeld,67230,67028,48.366667,7.6,1.65
Est,42,Alsace,Strasbourg,67,Bas-Rhin,Strasbourg,5,Bernardswiller,67210,67031,48.45,7.466667,1.21
Est,42,Alsace,Strasbourg,67,Bas-Rhin,Strasbourg,5,Bernardvillé,67140,67032,48.366667,7.4,1.65
Est,42,Alsace,Strasbourg,67,Bas-Rhin,Strasbourg,5,Bindernheim,67600,67040,48.283333,7.6,2.09
Est,42,Alsace,Strasbourg,67,Bas-Rhin,Strasbourg,5,Blienschwiller,67650,67051,48.333333,7.416667,1.83
Est,42,Alsace,Strasbourg,67,Bas-Rhin,Strasbourg,5,Boesenbiesen,67390,67053,48.216667,7.566667,2.45
Est,42,Alsace,Strasbourg,67,Bas-Rhin,Strasbourg,5,Bolsenheim,67150,67054,48.416667,7.616667,1.39
Est,42,Alsace,Strasbourg,67,Bas-Rhin,Strasbourg,5,Boofzheim,67860,67055,48.333333,7.683333,1.83
Est,42,Alsace,Strasbourg,67,Bas-Rhin,Strasbourg,5,Bootzheim,67390,67056,48.183333,7.566667,2.62
Est,42,Alsace,Strasbourg,67,Bas-Rhin,Strasbourg,5,Bourgheim,67140,67060,48.416667,7.483333,1.39
Est,42,Alsace,Strasbourg,67,Bas-Rhin,Strasbourg,5,Châtenois,67730,67073,48.266667,7.4,2.18
Est,42,Alsace,Strasbourg,67,Bas-Rhin,Strasbourg,5,Dambach-la-Ville,67650,67084,48.333333,7.433333,1.83
Est,42,Alsace,Strasbourg,67,Bas-Rhin,Strasbourg,5,Daubensand,67150,67086,48.35,7.716667,2.01
Est,42,Alsace,Strasbourg,67,Bas-Rhin,Strasbourg,5,Diebolsheim,67230,67090,48.283333,7.666667,2.09
Est,42,Alsace,Strasbourg,67,Bas-Rhin,Strasbourg,5,Dieffenthal,67650,67094,48.3,7.416667,2
Est,42,Alsace,Strasbourg,67,Bas-Rhin,Strasbourg,5,Ebersheim,67600,67115,48.3,7.5,2
Est,42,Alsace,Strasbourg,67,Bas-Rhin,Strasbourg,5,Ebersmunster,67600,67116,48.3,7.516667,2
Est,42,Alsace,Strasbourg,67,Bas-Rhin,Strasbourg,5,Eichhoffen,67140,67120,48.383333,7.433333,1.56
Est,42,Alsace,Strasbourg,67,Bas-Rhin,Strasbourg,5,Elsenheim,67390,67121,48.166667,7.5,2.71
Est,42,Alsace,Strasbourg,67,Bas-Rhin,Strasbourg,5,Epfig,67680,67125,48.366667,7.45,1.65
Est,42,Alsace,Strasbourg,67,Bas-Rhin,Strasbourg,5,Erstein,67150,67130,48.433333,7.666667,1.3
Est,42,Alsace,Strasbourg,67,Bas-Rhin,Strasbourg,5,Friesenheim,67860,67146,48.3,7.666667,2
Est,42,Alsace,Strasbourg,67,Bas-Rhin,Strasbourg,5,Gerstheim,67150,67154,48.383333,7.716667,1.56
Est,42,Alsace,Strasbourg,67,Bas-Rhin,Strasbourg,5,Gertwiller,67140,67155,48.4,7.466667,1.47
Est,42,Alsace,Strasbourg,67,Bas-Rhin,Strasbourg,5,Goxwiller,67210,67164,48.433333,7.483333,1.3
Est,42,Alsace,Strasbourg,67,Bas-Rhin,Strasbourg,5,Heidolsheim,67390,67187,48.2,7.516667,2.53
Est,42,Alsace,Strasbourg,67,Bas-Rhin,Strasbourg,5,Heiligenstein,67140,67189,48.416667,7.45,1.39
Est,42,Alsace,Strasbourg,67,Bas-Rhin,Strasbourg,5,Herbsheim,67230,67192,48.35,7.633333,1.74
Est,42,Alsace,Strasbourg,67,Bas-Rhin,Strasbourg,5,Hessenheim,67390,67195,48.2,7.55,2.53
Est,42,Alsace,Strasbourg,67,Bas-Rhin,Strasbourg,5,Hilsenheim,67600,67196,48.283333,7.566667,2.09
Est,42,Alsace,Strasbourg,67,Bas-Rhin,Strasbourg,5,Hindisheim,67150,67197,48.466667,7.633333,1.12
Est,42,Alsace,Strasbourg,67,Bas-Rhin,Strasbourg,5,Hipsheim,67150,67200,48.466667,7.683333,1.17
Est,42,Alsace,Strasbourg,67,Bas-Rhin,Strasbourg,5,Huttenheim,67230,67216,48.35,7.583333,1.74
Est,42,Alsace,Strasbourg,67,Bas-Rhin,Strasbourg,5,Ichtratzheim,67640,67217,48.483333,7.683333,1.03
Est,42,Alsace,Strasbourg,67,Bas-Rhin,Strasbourg,5,Itterswiller,67140,67227,48.35,7.416667,1.74
Est,42,Alsace,Strasbourg,67,Bas-Rhin,Strasbourg,5,Kertzfeld,67230,67233,48.383333,7.566667,1.56
Est,42,Alsace,Strasbourg,67,Bas-Rhin,Strasbourg,5,Kintzheim,67600,67239,48.25,7.4,2.27
Est,42,Alsace,Strasbourg,67,Bas-Rhin,Strasbourg,5,Kogenheim,67230,67246,48.333333,7.533333,1.83
Est,42,Alsace,Strasbourg,67,Bas-Rhin,Strasbourg,5,Krautergersheim,67880,67248,48.483333,7.566667,1.03
Est,42,Alsace,Strasbourg,67,Bas-Rhin,Strasbourg,5,La Vancelle,67730,67505,48.283333,7.3,2.09
Est,42,Alsace,Strasbourg,67,Bas-Rhin,Strasbourg,5,Le Hohwald,67140,67210,48.40352,7.32448,-1
Est,42,Alsace,Strasbourg,67,Bas-Rhin,Strasbourg,5,Limersheim,67150,67266,48.45,7.633333,1.21
Est,42,Alsace,Strasbourg,67,Bas-Rhin,Strasbourg,5,Mackenheim,67390,67277,48.183333,7.566667,2.62
Est,42,Alsace,Strasbourg,67,Bas-Rhin,Strasbourg,5,Marckolsheim,67390,67281,48.166667,7.55,2.71
Est,42,Alsace,Strasbourg,67,Bas-Rhin,Strasbourg,5,Matzenheim,67150,67285,48.4,7.616667,1.47
Est,42,Alsace,Strasbourg,67,Bas-Rhin,Strasbourg,5,Meistratzheim,67210,67286,48.45,7.55,1.24
Est,42,Alsace,Strasbourg,67,Bas-Rhin,Strasbourg,5,Mittelbergheim,67140,67295,48.4,7.433333,1.47
Est,42,Alsace,Strasbourg,67,Bas-Rhin,Strasbourg,5,Mussig,67600,67310,48.233333,7.516667,2.36
Est,42,Alsace,Strasbourg,67,Bas-Rhin,Strasbourg,5,Muttersholtz,67600,67311,48.266667,7.533333,2.18
Est,42,Alsace,Strasbourg,67,Bas-Rhin,Strasbourg,5,Niedernai,67210,67329,48.45,7.516667,1.21
Est,42,Alsace,Strasbourg,67,Bas-Rhin,Strasbourg,5,Nordhouse,67150,67336,48.45,7.666667,1.21
Est,42,Alsace,Strasbourg,67,Bas-Rhin,Strasbourg,5,Nothalten,67680,67337,48.35,7.416667,1.74
Est,42,Alsace,Strasbourg,67,Bas-Rhin,Strasbourg,5,Obenheim,67230,67338,48.366667,7.7,2.01
Est,42,Alsace,Strasbourg,67,Bas-Rhin,Strasbourg,5,Obernai,67210,67348,48.466667,7.483333,1.12
Est,42,Alsace,Strasbourg,67,Bas-Rhin,Strasbourg,5,Ohnenheim,67390,67360,48.183333,7.5,2.62
Est,42,Alsace,Strasbourg,67,Bas-Rhin,Strasbourg,5,Orschwiller,67600,67362,48.233333,7.383333,2.36
Est,42,Alsace,Strasbourg,67,Bas-Rhin,Strasbourg,5,Osthouse,67150,67364,48.4,7.633333,1.47
Est,42,Alsace,Strasbourg,67,Bas-Rhin,Strasbourg,5,Reichsfeld,67140,67387,48.366667,7.383333,1.65
Est,42,Alsace,Strasbourg,67,Bas-Rhin,Strasbourg,5,Rhinau,67860,67397,48.316667,7.7,1.92
Est,42,Alsace,Strasbourg,67,Bas-Rhin,Strasbourg,5,Richtolsheim,67390,67398,48.216667,7.6,2.45
Est,42,Alsace,Strasbourg,67,Bas-Rhin,Strasbourg,5,Rossfeld,67230,67412,48.333333,7.616667,1.83
Est,42,Alsace,Strasbourg,67,Bas-Rhin,Strasbourg,5,Saasenheim,67390,67422,48.233333,7.616667,2.36
Est,42,Alsace,Strasbourg,67,Bas-Rhin,Strasbourg,5,Saint-Pierre,67140,67429,48.383333,7.466667,1.56
Est,42,Alsace,Strasbourg,67,Bas-Rhin,Strasbourg,5,Sand,67230,67433,48.383333,7.616667,1.56
Est,42,Alsace,Strasbourg,67,Bas-Rhin,Strasbourg,5,Schaeffersheim,67150,67438,48.433333,7.616667,1.3
Est,42,Alsace,Strasbourg,67,Bas-Rhin,Strasbourg,5,Scherwiller,67750,67445,48.283333,7.416667,2.09
Est,42,Alsace,Strasbourg,67,Bas-Rhin,Strasbourg,5,Schoenau,67390,67453,48.233333,7.65,2.36
Est,42,Alsace,Strasbourg,67,Bas-Rhin,Strasbourg,5,Schwobsheim,67390,67461,48.233333,7.566667,2.36
Est,42,Alsace,Strasbourg,67,Bas-Rhin,Strasbourg,5,Sélestat,67600,67462,48.266667,7.45,2.18
Est,42,Alsace,Strasbourg,67,Bas-Rhin,Strasbourg,5,Sermersheim,67230,67464,48.333333,7.55,1.83
Est,42,Alsace,Strasbourg,67,Bas-Rhin,Strasbourg,5,Stotzheim,67140,67481,48.383333,7.483333,1.56
Est,42,Alsace,Strasbourg,67,Bas-Rhin,Strasbourg,5,Sundhouse,67920,67486,48.25,7.6,2.27
Est,42,Alsace,Strasbourg,67,Bas-Rhin,Strasbourg,5,Uttenheim,67150,67501,48.4,7.6,1.47
Est,42,Alsace,Strasbourg,67,Bas-Rhin,Strasbourg,5,Valff,67210,67504,48.416667,7.516667,1.39
Est,42,Alsace,Strasbourg,67,Bas-Rhin,Strasbourg,5,Westhouse,67230,67526,,,
Est,42,Alsace,Strasbourg,67,Bas-Rhin,Strasbourg,5,Witternheim,67230,67545,48.316667,7.6,1.92
Est,42,Alsace,Strasbourg,67,Bas-Rhin,Strasbourg,5,Wittisheim,67820,67547,48.266667,7.583333,2.18
Est,42,Alsace,Strasbourg,67,Bas-Rhin,Strasbourg,5,Zellwiller,67140,67557,48.4,7.5,1.5
Est,42,Alsace,Strasbourg,67,Bas-Rhin,Strasbourg,6,Albé,67220,67003,48.35,7.316667,1.74
Est,42,Alsace,Strasbourg,67,Bas-Rhin,Strasbourg,6,Altorf,67120,67008,48.516667,7.533333,0.86
Est,42,Alsace,Strasbourg,67,Bas-Rhin,Strasbourg,6,Avolsheim,67120,67016,48.55,7.5,0.69
Est,42,Alsace,Strasbourg,67,Bas-Rhin,Strasbourg,6,Balbronn,67310,67018,,,
Est,42,Alsace,Strasbourg,67,Bas-Rhin,Strasbourg,6,Barembach,67130,67020,48.483333,7.233333,1.61
Est,42,Alsace,Strasbourg,67,Bas-Rhin,Strasbourg,6,Bassemberg,67220,67022,48.333333,7.283333,1.83
Est,42,Alsace,Strasbourg,67,Bas-Rhin,Strasbourg,6,Bellefosse,67130,67026,48.4,7.216667,1.69
Est,42,Alsace,Strasbourg,67,Bas-Rhin,Strasbourg,6,Belmont,67130,67027,48.4,7.233333,1.61
Est,42,Alsace,Strasbourg,67,Bas-Rhin,Strasbourg,6,Bergbieten,67310,67030,48.566667,7.433333,1.21
Est,42,Alsace,Strasbourg,67,Bas-Rhin,Strasbourg,6,Bischoffsheim,67870,67045,48.483333,7.483333,1.03
Est,42,Alsace,Strasbourg,67,Bas-Rhin,Strasbourg,6,Blancherupt,67130,67050,48.4,7.2,1.78
Est,42,Alsace,Strasbourg,67,Bas-Rhin,Strasbourg,6,Boersch,67530,67052,48.483333,7.433333,1.72
Est,42,Alsace,Strasbourg,67,Bas-Rhin,Strasbourg,6,Bourg-Bruche,67420,67059,48.35,7.15,2.04
Est,42,Alsace,Strasbourg,67,Bas-Rhin,Strasbourg,6,Breitenau,67220,67062,48.316667,7.3,1.92
Est,42,Alsace,Strasbourg,67,Bas-Rhin,Strasbourg,6,Breitenbach,67220,67063,48.366667,7.3,1.65
Est,42,Alsace,Strasbourg,67,Bas-Rhin,Strasbourg,6,Colroy-la-Roche,67420,67076,48.383333,7.183333,1.86
Est,42,Alsace,Strasbourg,67,Bas-Rhin,Strasbourg,6,Cosswiller,67310,67077,48.633333,7.4,1.06
Est,42,Alsace,Strasbourg,67,Bas-Rhin,Strasbourg,6,Dachstein,67120,67080,48.566667,7.533333,0.59
Est,42,Alsace,Strasbourg,67,Bas-Rhin,Strasbourg,6,Dahlenheim,67310,67081,48.583333,7.516667,1.49
Est,42,Alsace,Strasbourg,67,Bas-Rhin,Strasbourg,6,Dangolsheim,67310,67085,48.566667,7.466667,1.18
Est,42,Alsace,Strasbourg,67,Bas-Rhin,Strasbourg,6,Dieffenbach-au-Val,67220,67092,48.316667,7.333333,1.92
Est,42,Alsace,Strasbourg,67,Bas-Rhin,Strasbourg,6,Dinsheim,67190,67098,48.533333,7.433333,0.77
Est,42,Alsace,Strasbourg,67,Bas-Rhin,Strasbourg,6,Dorlisheim,67120,67101,48.533333,7.483333,1.16
Est,42,Alsace,Strasbourg,67,Bas-Rhin,Strasbourg,6,Duttlenheim,67120,67112,48.516667,7.566667,1.25
Est,42,Alsace,Strasbourg,67,Bas-Rhin,Strasbourg,6,Ergersheim,67120,67127,48.566667,7.516667,0.59
Est,42,Alsace,Strasbourg,67,Bas-Rhin,Strasbourg,6,Ernolsheim-Bruche,67120,67128,48.566667,7.566667,1.06
Est,42,Alsace,Strasbourg,67,Bas-Rhin,Strasbourg,6,Flexbourg,67310,67139,48.566667,7.433333,1.21
Est,42,Alsace,Strasbourg,67,Bas-Rhin,Strasbourg,6,Fouchy,67220,67143,48.333333,7.283333,1.83
Est,42,Alsace,Strasbourg,67,Bas-Rhin,Strasbourg,6,Fouday,67130,67144,48.416667,7.183333,1.86
Est,42,Alsace,Strasbourg,67,Bas-Rhin,Strasbourg,6,Grandfontaine,67130,67165,48.5,7.166667,1.95
Est,42,Alsace,Strasbourg,67,Bas-Rhin,Strasbourg,6,Grendelbruch,67190,67167,48.5,7.316667,2.3
Est,42,Alsace,Strasbourg,67,Bas-Rhin,Strasbourg,6,Gresswiller,67190,67168,48.533333,7.433333,0.77
Est,42,Alsace,Strasbourg,67,Bas-Rhin,Strasbourg,6,Griesheim-près-Molsheim,67210,67172,48.5,7.533333,1.57
Est,42,Alsace,Strasbourg,67,Bas-Rhin,Strasbourg,6,Heiligenberg,67190,67188,48.533333,7.4,0.77
Est,42,Alsace,Strasbourg,67,Bas-Rhin,Strasbourg,6,Kirchheim,67520,67240,48.616667,7.5,0.33
Est,42,Alsace,Strasbourg,67,Bas-Rhin,Strasbourg,6,La Broque,67130,67066,48.466667,7.216667,1.69
Est,42,Alsace,Strasbourg,67,Bas-Rhin,Strasbourg,6,Lalaye,67220,67255,48.333333,7.266667,1.83
Est,42,Alsace,Strasbourg,67,Bas-Rhin,Strasbourg,6,Lutzelhouse,67130,67276,48.516667,7.283333,1.58
Est,42,Alsace,Strasbourg,67,Bas-Rhin,Strasbourg,6,Maisonsgoutte,67220,67280,48.35,7.266667,1.74
Est,42,Alsace,Strasbourg,67,Bas-Rhin,Strasbourg,6,Marlenheim,67520,67282,48.616667,7.5,0.33
Est,42,Alsace,Strasbourg,67,Bas-Rhin,Strasbourg,6,Mollkirch,67190,67299,48.5,7.383333,0.94
Est,42,Alsace,Strasbourg,67,Bas-Rhin,Strasbourg,6,Molsheim,67120,67300,48.533333,7.483333,1.16
Est,42,Alsace,Strasbourg,67,Bas-Rhin,Strasbourg,6,Muhlbach-sur-Bruche,67130,67306,48.516667,7.3,1.84
Est,42,Alsace,Strasbourg,67,Bas-Rhin,Strasbourg,6,Mutzig,67190,67313,48.533333,7.466667,1.29
Est,42,Alsace,Strasbourg,67,Bas-Rhin,Strasbourg,6,Natzwiller,67130,67314,48.433333,7.25,1.52
Est,42,Alsace,Strasbourg,67,Bas-Rhin,Strasbourg,6,Neubois,67220,67317,48.3,7.333333,2
Est,42,Alsace,Strasbourg,67,Bas-Rhin,Strasbourg,6,Neuve-Eglise,67220,67320,48.333333,7.316667,1.83
Est,42,Alsace,Strasbourg,67,Bas-Rhin,Strasbourg,6,Neuviller-la-Roche,67130,67321,,,
Est,42,Alsace,Strasbourg,67,Bas-Rhin,Strasbourg,6,Niederhaslach,67280,67325,48.55,7.35,1.01
Est,42,Alsace,Strasbourg,67,Bas-Rhin,Strasbourg,6,Nordheim,67520,67335,48.633333,7.516667,0.88
Est,42,Alsace,Strasbourg,67,Bas-Rhin,Strasbourg,6,Oberhaslach,67280,67342,48.55,7.333333,1.1
Est,42,Alsace,Strasbourg,67,Bas-Rhin,Strasbourg,6,Odratzheim,67520,67354,48.6,7.483333,1.22
Est,42,Alsace,Strasbourg,67,Bas-Rhin,Strasbourg,6,Ottrott,67530,67368,48.45,7.416667,1.21
Est,42,Alsace,Strasbourg,67,Bas-Rhin,Strasbourg,6,Plaine,67420,67377,48.416667,7.15,2.04
Est,42,Alsace,Strasbourg,67,Bas-Rhin,Strasbourg,6,Ranrupt,67420,67384,,,
Est,42,Alsace,Strasbourg,67,Bas-Rhin,Strasbourg,6,Romanswiller,67310,67408,48.65,7.416667,0.87
Est,42,Alsace,Strasbourg,67,Bas-Rhin,Strasbourg,6,Rosenwiller,67560,67410,48.5,7.45,0.94
Est,42,Alsace,Strasbourg,67,Bas-Rhin,Strasbourg,6,Rosheim,67560,67411,48.5,7.466667,1.37
Est,42,Alsace,Strasbourg,67,Bas-Rhin,Strasbourg,6,Rothau,67570,67414,48.45,7.216667,1.69
Est,42,Alsace,Strasbourg,67,Bas-Rhin,Strasbourg,6,Russ,67130,67420,48.5,7.25,1.52
Est,42,Alsace,Strasbourg,67,Bas-Rhin,Strasbourg,6,Saales,67420,67421,48.35,7.116667,2.21
Est,42,Alsace,Strasbourg,67,Bas-Rhin,Strasbourg,6,Saint-Blaise-la-Roche,67420,67424,48.4,7.166667,1.95
Est,42,Alsace,Strasbourg,67,Bas-Rhin,Strasbourg,6,Saint-Martin,67220,67426,48.35,7.3,1.74
Est,42,Alsace,Strasbourg,67,Bas-Rhin,Strasbourg,6,Saint-Maurice,67220,67427,48.333333,7.333333,1.83
Est,42,Alsace,Strasbourg,67,Bas-Rhin,Strasbourg,6,Saint-Nabor,67530,67428,48.45,7.416667,1.21
Est,42,Alsace,Strasbourg,67,Bas-Rhin,Strasbourg,6,Saint-Pierre-Bois,67220,67430,48.333333,7.366667,1.88
Est,42,Alsace,Strasbourg,67,Bas-Rhin,Strasbourg,6,Saulxures,67420,67436,48.383333,7.133333,2.12
Est,42,Alsace,Strasbourg,67,Bas-Rhin,Strasbourg,6,Scharrachbergheim-Irmstett,67310,67442,,,
Est,42,Alsace,Strasbourg,67,Bas-Rhin,Strasbourg,6,Schirmeck,67130,67448,48.483333,7.216667,1.69
Est,42,Alsace,Strasbourg,67,Bas-Rhin,Strasbourg,6,Solbach,67130,67470,48.433333,7.2,1.78
Est,42,Alsace,Strasbourg,67,Bas-Rhin,Strasbourg,6,Soultz-les-Bains,67120,67473,48.566667,7.483333,1.19
Est,42,Alsace,Strasbourg,67,Bas-Rhin,Strasbourg,6,Steige,67220,67477,48.366667,7.233333,2.06
Est,42,Alsace,Strasbourg,67,Bas-Rhin,Strasbourg,6,Still,67190,67480,48.55,7.4,0.75
Est,42,Alsace,Strasbourg,67,Bas-Rhin,Strasbourg,6,Thanvillé,67220,67490,48.316667,7.35,1.92
Est,42,Alsace,Strasbourg,67,Bas-Rhin,Strasbourg,6,Traenheim,67310,67492,48.6,7.466667,0.56
Est,42,Alsace,Strasbourg,67,Bas-Rhin,Strasbourg,6,Triembach-au-Val,67220,67493,48.333333,7.333333,1.83
Est,42,Alsace,Strasbourg,67,Bas-Rhin,Strasbourg,6,Urbeis,67220,67499,48.333333,7.233333,1.88
Est,42,Alsace,Strasbourg,67,Bas-Rhin,Strasbourg,6,Urmatt,67280,67500,48.516667,7.333333,1.35
Est,42,Alsace,Strasbourg,67,Bas-Rhin,Strasbourg,6,Villé,67220,67507,48.333333,7.3,1.83
Est,42,Alsace,Strasbourg,67,Bas-Rhin,Strasbourg,6,Waldersbach,67130,67513,48.416667,7.216667,1.69
Est,42,Alsace,Strasbourg,67,Bas-Rhin,Strasbourg,6,Wangen,67520,67517,48.616667,7.466667,1.49
Est,42,Alsace,Strasbourg,67,Bas-Rhin,Strasbourg,6,Wangenbourg-Engenthal,67710,67122,,,
Est,42,Alsace,Strasbourg,67,Bas-Rhin,Strasbourg,6,Wasselonne,67310,67520,48.633333,7.45,0.5
Est,42,Alsace,Strasbourg,67,Bas-Rhin,Strasbourg,6,Westhoffen,67310,67525,48.6,7.433333,0.63
Est,42,Alsace,Strasbourg,67,Bas-Rhin,Strasbourg,6,Wildersbach,67130,67531,48.433333,7.233333,1.61
Est,42,Alsace,Strasbourg,67,Bas-Rhin,Strasbourg,6,Wisches,67130,67543,48.5,7.266667,1.44
Est,42,Alsace,Strasbourg,67,Bas-Rhin,Strasbourg,6,Wolxheim,67120,67554,48.566667,7.5,0.82
Est,42,Alsace,Strasbourg,67,Bas-Rhin,Strasbourg,7,Adamswiller,67320,67002,48.9,7.2,1.78
Est,42,Alsace,Strasbourg,67,Bas-Rhin,Strasbourg,7,Allenwiller,67310,67004,48.666667,7.383333,1.6
Est,42,Alsace,Strasbourg,67,Bas-Rhin,Strasbourg,7,Alteckendorf,67270,67005,48.783333,7.6,1.2
Est,42,Alsace,Strasbourg,67,Bas-Rhin,Strasbourg,7,Altenheim,67490,67006,48.716667,7.466667,1.1
Est,42,Alsace,Strasbourg,67,Bas-Rhin,Strasbourg,7,Altwiller,67260,67009,48.933333,6.966667,2.98
Est,42,Alsace,Strasbourg,67,Bas-Rhin,Strasbourg,7,Asswiller,67320,67013,48.883333,7.216667,1.69
Est,42,Alsace,Strasbourg,67,Bas-Rhin,Strasbourg,7,Baerendorf,67320,67017,48.833333,7.083333,2.38
Est,42,Alsace,Strasbourg,67,Bas-Rhin,Strasbourg,7,Berg,67320,67029,48.9,7.166667,1.95
Est,42,Alsace,Strasbourg,67,Bas-Rhin,Strasbourg,7,Bettwiller,67320,67036,48.883333,7.183333,1.86
Est,42,Alsace,Strasbourg,67,Bas-Rhin,Strasbourg,7,Birkenwald,67440,67041,48.666667,7.35,1.01
Est,42,Alsace,Strasbourg,67,Bas-Rhin,Strasbourg,7,Bischholtz,67340,67044,48.9,7.55,1.3
Est,42,Alsace,Strasbourg,67,Bas-Rhin,Strasbourg,7,Bissert,67260,67047,48.933333,7.033333,2.63
Est,42,Alsace,Strasbourg,67,Bas-Rhin,Strasbourg,7,Bosselshausen,67330,67057,48.8,7.516667,1.04
Est,42,Alsace,Strasbourg,67,Bas-Rhin,Strasbourg,7,Bossendorf,67270,67058,48.783333,7.566667,0.86
Est,42,Alsace,Strasbourg,67,Bas-Rhin,Strasbourg,7,Bouxwiller,67330,67061,,,
Est,42,Alsace,Strasbourg,67,Bas-Rhin,Strasbourg,7,Burbach,67260,67070,48.883333,7.1,2.29
Est,42,Alsace,Strasbourg,67,Bas-Rhin,Strasbourg,7,Bust,67320,67071,48.833333,7.233333,1.61
Est,42,Alsace,Strasbourg,67,Bas-Rhin,Strasbourg,7,Buswiller,67350,67068,48.816667,7.566667,1.46
Est,42,Alsace,Strasbourg,67,Bas-Rhin,Strasbourg,7,Butten,67430,67072,48.966667,7.216667,1.69
Est,42,Alsace,Strasbourg,67,Bas-Rhin,Strasbourg,7,Crastatt,67310,67078,,,
Est,42,Alsace,Strasbourg,67,Bas-Rhin,Strasbourg,7,Dehlingen,67430,67088,48.983333,7.2,1.78
Est,42,Alsace,Strasbourg,67,Bas-Rhin,Strasbourg,7,Dettwiller,67490,67089,48.75,7.466667,0.63
Est,42,Alsace,Strasbourg,67,Bas-Rhin,Strasbourg,7,Diedendorf,67260,67091,48.883333,7.05,2.55
Est,42,Alsace,Strasbourg,67,Bas-Rhin,Strasbourg,7,Diemeringen,67430,67095,48.933333,7.183333,1.86
Est,42,Alsace,Strasbourg,67,Bas-Rhin,Strasbourg,7,Dimbsthal,67440,67096,48.666667,7.366667,0.92
Est,42,Alsace,Strasbourg,67,Bas-Rhin,Strasbourg,7,Domfessel,67430,67099,48.95,7.15,2.04
Est,42,Alsace,Strasbourg,67,Bas-Rhin,Strasbourg,7,Dossenheim-sur-Zinsel,67330,67103,48.8,7.4,1.25
Est,42,Alsace,Strasbourg,67,Bas-Rhin,Strasbourg,7,Drulingen,67320,67105,48.866667,7.183333,1.86
Est,42,Alsace,Strasbourg,67,Bas-Rhin,Strasbourg,7,Duntzenheim,67270,67107,48.716667,7.533333,0.85
Est,42,Alsace,Strasbourg,67,Bas-Rhin,Strasbourg,7,Durstel,67320,67111,48.883333,7.2,1.78
Est,42,Alsace,Strasbourg,67,Bas-Rhin,Strasbourg,7,Eckartswiller,67700,67117,48.766667,7.35,1.24
Est,42,Alsace,Strasbourg,67,Bas-Rhin,Strasbourg,7,Erckartswiller,67290,67126,48.866667,7.366667,1.27
Est,42,Alsace,Strasbourg,67,Bas-Rhin,Strasbourg,7,Ernolsheim-lès-Saverne,67330,67129,48.783333,7.383333,1.65
Est,42,Alsace,Strasbourg,67,Bas-Rhin,Strasbourg,7,Eschbourg,67320,67133,48.816667,7.3,1.96
Est,42,Alsace,Strasbourg,67,Bas-Rhin,Strasbourg,7,Eschwiller,67320,67134,48.866667,7.116667,2.21
Est,42,Alsace,Strasbourg,67,Bas-Rhin,Strasbourg,7,Ettendorf,67350,67135,48.816667,7.583333,1.05
Est,42,Alsace,Strasbourg,67,Bas-Rhin,Strasbourg,7,Eywiller,67320,67136,48.866667,7.116667,2.21
Est,42,Alsace,Strasbourg,67,Bas-Rhin,Strasbourg,7,Friedolsheim,67490,67145,48.7,7.483333,1.68
Est,42,Alsace,Strasbourg,67,Bas-Rhin,Strasbourg,7,Frohmuhl,67290,67148,48.9,7.283333,1.35
Est,42,Alsace,Strasbourg,67,Bas-Rhin,Strasbourg,7,Furchhausen,67700,67149,48.716667,7.433333,0.71
Est,42,Alsace,Strasbourg,67,Bas-Rhin,Strasbourg,7,Geiswiller,67270,67153,48.783333,7.5,1.57
Est,42,Alsace,Strasbourg,67,Bas-Rhin,Strasbourg,7,Gingsheim,67270,67158,48.716667,7.583333,0.77
Est,42,Alsace,Strasbourg,67,Bas-Rhin,Strasbourg,7,Goerlingen,67320,67159,48.8,7.083333,2.38
Est,42,Alsace,Strasbourg,67,Bas-Rhin,Strasbourg,7,Gottenhouse,67700,67161,48.716667,7.366667,0.92
Est,42,Alsace,Strasbourg,67,Bas-Rhin,Strasbourg,7,Gottesheim,67490,67162,48.766667,7.483333,1.1
Est,42,Alsace,Strasbourg,67,Bas-Rhin,Strasbourg,7,Grassendorf,67350,67166,48.816667,7.616667,0.75
Est,42,Alsace,Strasbourg,67,Bas-Rhin,Strasbourg,7,Gungwiller,67320,67178,48.883333,7.15,2.04
Est,42,Alsace,Strasbourg,67,Bas-Rhin,Strasbourg,7,Haegen,67700,67179,48.716667,7.333333,1.31
Est,42,Alsace,Strasbourg,67,Bas-Rhin,Strasbourg,7,Harskirchen,67260,67183,48.916667,7.016667,2.72
Est,42,Alsace,Strasbourg,67,Bas-Rhin,Strasbourg,7,Hattmatt,67330,67185,48.783333,7.416667,1.11
Est,42,Alsace,Strasbourg,67,Bas-Rhin,Strasbourg,7,Hengwiller,67440,67190,48.666667,7.333333,1.36
Est,42,Alsace,Strasbourg,67,Bas-Rhin,Strasbourg,7,Herbitzheim,67260,67191,49.016667,7.083333,2.38
Est,42,Alsace,Strasbourg,67,Bas-Rhin,Strasbourg,7,Hinsbourg,67290,67198,48.9,7.283333,1.35
Est,42,Alsace,Strasbourg,67,Bas-Rhin,Strasbourg,7,Hinsingen,67260,67199,48.95,7,2.81
Est,42,Alsace,Strasbourg,67,Bas-Rhin,Strasbourg,7,Hirschland,67320,67201,48.833333,7.116667,2.21
Est,42,Alsace,Strasbourg,67,Bas-Rhin,Strasbourg,7,Hochfelden,67270,67202,48.75,7.566667,0.38
Est,42,Alsace,Strasbourg,67,Bas-Rhin,Strasbourg,7,Hohatzenheim,67170,67207,48.716667,7.616667,1.49
Est,42,Alsace,Strasbourg,67,Bas-Rhin,Strasbourg,7,Hohengoeft,67310,67208,48.666667,7.483333,1.01
Est,42,Alsace,Strasbourg,67,Bas-Rhin,Strasbourg,7,Hohfrankenheim,67270,67209,48.733333,7.583333,0.54
Est,42,Alsace,Strasbourg,67,Bas-Rhin,Strasbourg,7,Ingenheim,67270,67220,48.733333,7.516667,0.99
Est,42,Alsace,Strasbourg,67,Bas-Rhin,Strasbourg,7,Ingwiller,67340,67222,48.866667,7.483333,1
Est,42,Alsace,Strasbourg,67,Bas-Rhin,Strasbourg,7,Issenhausen,67330,67225,48.8,7.533333,1.34
Est,42,Alsace,Strasbourg,67,Bas-Rhin,Strasbourg,7,Jetterswiller,67440,67229,,,
Est,42,Alsace,Strasbourg,67,Bas-Rhin,Strasbourg,7,Keskastel,67260,67234,48.966667,7.033333,2.63
Est,42,Alsace,Strasbourg,67,Bas-Rhin,Strasbourg,7,Kirrberg,67320,67241,48.816667,7.066667,2.46
Est,42,Alsace,Strasbourg,67,Bas-Rhin,Strasbourg,7,Kirrwiller,67330,67242,,,
Est,42,Alsace,Strasbourg,67,Bas-Rhin,Strasbourg,7,Kleingoeft,67440,67244,48.683333,7.45,2.25
Est,42,Alsace,Strasbourg,67,Bas-Rhin,Strasbourg,7,Knoersheim,67310,67245,48.683333,7.466667,1.18
Est,42,Alsace,Strasbourg,67,Bas-Rhin,Strasbourg,7,Landersheim,67700,67258,48.683333,7.5,2.17
Est,42,Alsace,Strasbourg,67,Bas-Rhin,Strasbourg,7,La Petite-Pierre,67290,67371,48.866667,7.316667,1.18
Est,42,Alsace,Strasbourg,67,Bas-Rhin,Strasbourg,7,Lichtenberg,67340,67265,48.916667,7.483333,1.26
Est,42,Alsace,Strasbourg,67,Bas-Rhin,Strasbourg,7,Littenheim,67490,67269,48.733333,7.483333,0.35
Est,42,Alsace,Strasbourg,67,Bas-Rhin,Strasbourg,7,Lixhausen,67270,67270,48.8,7.55,1.24
Est,42,Alsace,Strasbourg,67,Bas-Rhin,Strasbourg,7,Lochwiller,67440,67272,48.7,7.416667,1.42
Est,42,Alsace,Strasbourg,67,Bas-Rhin,Strasbourg,7,Lohr,67290,67273,48.85,7.25,1.52
Est,42,Alsace,Strasbourg,67,Bas-Rhin,Strasbourg,7,Lorentzen,67430,67274,48.95,7.166667,1.95
Est,42,Alsace,Strasbourg,67,Bas-Rhin,Strasbourg,7,Lupstein,67490,67275,48.733333,7.483333,0.35
Est,42,Alsace,Strasbourg,67,Bas-Rhin,Strasbourg,7,Mackwiller,67430,67278,48.916667,7.183333,1.86
Est,42,Alsace,Strasbourg,67,Bas-Rhin,Strasbourg,7,Maennolsheim,67700,67279,48.7,7.466667,1.44
Est,42,Alsace,Strasbourg,67,Bas-Rhin,Strasbourg,7,Marmoutier,67440,67283,48.683333,7.383333,0.84
Est,42,Alsace,Strasbourg,67,Bas-Rhin,Strasbourg,7,Melsheim,67270,67287,48.75,7.516667,0.97
Est,42,Alsace,Strasbourg,67,Bas-Rhin,Strasbourg,7,Menchhoffen,67340,67289,48.866667,7.5,1
Est,42,Alsace,Strasbourg,67,Bas-Rhin,Strasbourg,7,Minversheim,67270,67293,48.783333,7.616667,1.48
Est,42,Alsace,Strasbourg,67,Bas-Rhin,Strasbourg,7,Mittelhausen,67170,67297,48.7,7.633333,1.32
Est,42,Alsace,Strasbourg,67,Bas-Rhin,Strasbourg,7,Monswiller,67700,67302,48.75,7.383333,0.84
Est,42,Alsace,Strasbourg,67,Bas-Rhin,Strasbourg,7,Mulhausen,67350,67307,,,
Est,42,Alsace,Strasbourg,67,Bas-Rhin,Strasbourg,7,Mutzenhouse,67270,67312,48.733333,7.583333,0.54
Est,42,Alsace,Strasbourg,67,Bas-Rhin,Strasbourg,7,Neuwiller-lès-Saverne,67330,67322,48.816667,7.4,1.2
Est,42,Alsace,Strasbourg,67,Bas-Rhin,Strasbourg,7,Niedermodern,67350,67328,48.85,7.616667,0.91
Est,42,Alsace,Strasbourg,67,Bas-Rhin,Strasbourg,7,Niedersoultzbach,67330,67333,48.85,7.466667,0.91
Est,42,Alsace,Strasbourg,67,Bas-Rhin,Strasbourg,7,Obermodern-Zutzendorf,67330,67347,,,
Est,42,Alsace,Strasbourg,67,Bas-Rhin,Strasbourg,7,Obersoultzbach,67330,67352,48.85,7.45,0.91
Est,42,Alsace,Strasbourg,67,Bas-Rhin,Strasbourg,7,Oermingen,67970,67355,49,7.116667,2.21
Est,42,Alsace,Strasbourg,67,Bas-Rhin,Strasbourg,7,Ottersthal,67700,67366,48.75,7.35,1.06
Est,42,Alsace,Strasbourg,67,Bas-Rhin,Strasbourg,7,Otterswiller,67700,67367,48.716667,7.383333,0.84
Est,42,Alsace,Strasbourg,67,Bas-Rhin,Strasbourg,7,Ottwiller,67320,67369,48.866667,7.233333,1.61
Est,42,Alsace,Strasbourg,67,Bas-Rhin,Strasbourg,7,Petersbach,67290,67370,48.866667,7.266667,1.44
Est,42,Alsace,Strasbourg,67,Bas-Rhin,Strasbourg,7,Pfaffenhoffen,67350,67372,48.85,7.616667,0.91
Est,42,Alsace,Strasbourg,67,Bas-Rhin,Strasbourg,7,Pfalzweyer,67320,67373,48.8,7.25,1.52
Est,42,Alsace,Strasbourg,67,Bas-Rhin,Strasbourg,7,Printzheim,67490,67380,48.783333,7.483333,1.78
Est,42,Alsace,Strasbourg,67,Bas-Rhin,Strasbourg,7,Puberg,67290,67381,48.916667,7.316667,1.26
Est,42,Alsace,Strasbourg,67,Bas-Rhin,Strasbourg,7,Rangen,67310,67383,48.666667,7.483333,1.01
Est,42,Alsace,Strasbourg,67,Bas-Rhin,Strasbourg,7,Ratzwiller,67430,67385,48.95,7.233333,1.61
Est,42,Alsace,Strasbourg,67,Bas-Rhin,Strasbourg,7,Rauwiller,67320,67386,48.816667,7.1,2.29
Est,42,Alsace,Strasbourg,67,Bas-Rhin,Strasbourg,7,Reinhardsmunster,67440,67391,48.683333,7.316667,1.84
Est,42,Alsace,Strasbourg,67,Bas-Rhin,Strasbourg,7,Reipertswiller,67340,67392,48.933333,7.466667,1.35
Est,42,Alsace,Strasbourg,67,Bas-Rhin,Strasbourg,7,Reutenbourg,67440,67395,48.683333,7.4,0.75
Est,42,Alsace,Strasbourg,67,Bas-Rhin,Strasbourg,7,Rexingen,67320,67396,48.9,7.183333,1.86
Est,42,Alsace,Strasbourg,67,Bas-Rhin,Strasbourg,7,Rimsdorf,67260,67401,48.933333,7.133333,2.12
Est,42,Alsace,Strasbourg,67,Bas-Rhin,Strasbourg,7,Ringeldorf,67350,67402,48.833333,7.616667,0.82
Est,42,Alsace,Strasbourg,67,Bas-Rhin,Strasbourg,7,Ringendorf,67350,67403,48.816667,7.55,1.92
Est,42,Alsace,Strasbourg,67,Bas-Rhin,Strasbourg,7,Rosteig,67290,67413,48.933333,7.35,1.35
Est,42,Alsace,Strasbourg,67,Bas-Rhin,Strasbourg,7,Saessolsheim,67270,67423,48.7,7.516667,1.36
Est,42,Alsace,Strasbourg,67,Bas-Rhin,Strasbourg,7,Saint-Jean-Saverne,67700,67425,48.766667,7.366667,1.01
Est,42,Alsace,Strasbourg,67,Bas-Rhin,Strasbourg,7,Salenthal,67440,67431,48.666667,7.366667,0.92
Est,42,Alsace,Strasbourg,67,Bas-Rhin,Strasbourg,7,Sarre-Union,67260,67434,48.933333,7.083333,2.38
Est,42,Alsace,Strasbourg,67,Bas-Rhin,Strasbourg,7,Sarrewerden,67260,67435,48.916667,7.083333,2.38
Est,42,Alsace,Strasbourg,67,Bas-Rhin,Strasbourg,7,Saverne,67700,67437,48.733333,7.366667,0.92
Est,42,Alsace,Strasbourg,67,Bas-Rhin,Strasbourg,7,Schaffhouse-sur-Zorn,67270,67439,48.733333,7.566667,0.29
Est,42,Alsace,Strasbourg,67,Bas-Rhin,Strasbourg,7,Schalkendorf,67350,67441,48.833333,7.566667,1.29
Est,42,Alsace,Strasbourg,67,Bas-Rhin,Strasbourg,7,Scherlenheim,67270,67444,48.766667,7.533333,0.77
Est,42,Alsace,Strasbourg,67,Bas-Rhin,Strasbourg,7,Schillersdorf,67340,67446,48.866667,7.516667,1
Est,42,Alsace,Strasbourg,67,Bas-Rhin,Strasbourg,7,Schoenbourg,67320,67454,48.833333,7.266667,1.44
Est,42,Alsace,Strasbourg,67,Bas-Rhin,Strasbourg,7,Schopperten,67260,67456,48.95,7.05,2.55
Est,42,Alsace,Strasbourg,67,Bas-Rhin,Strasbourg,7,Schwenheim,67440,67459,,,
Est,42,Alsace,Strasbourg,67,Bas-Rhin,Strasbourg,7,Schwindratzheim,67270,67460,48.75,7.6,0.86
Est,42,Alsace,Strasbourg,67,Bas-Rhin,Strasbourg,7,Siewiller,67320,67467,48.85,7.2,1.78
Est,42,Alsace,Strasbourg,67,Bas-Rhin,Strasbourg,7,Siltzheim,67260,67468,49.066667,7.083333,2.45
Est,42,Alsace,Strasbourg,67,Bas-Rhin,Strasbourg,7,Singrist,67440,67469,48.666667,7.383333,0.84
Est,42,Alsace,Strasbourg,67,Bas-Rhin,Strasbourg,7,Sparsbach,67340,67475,48.883333,7.416667,1.47
Est,42,Alsace,Strasbourg,67,Bas-Rhin,Strasbourg,7,Steinbourg,67790,67478,48.766667,7.416667,0.67
Est,42,Alsace,Strasbourg,67,Bas-Rhin,Strasbourg,7,Struth,67290,67483,48.883333,7.25,1.52
Est,42,Alsace,Strasbourg,67,Bas-Rhin,Strasbourg,7,Thal-Drulingen,67320,67488,,,
Est,42,Alsace,Strasbourg,67,Bas-Rhin,Strasbourg,7,Thal-Marmoutier,67440,67489,,,
Est,42,Alsace,Strasbourg,67,Bas-Rhin,Strasbourg,7,Tieffenbach,67290,67491,48.9,7.25,1.52
Est,42,Alsace,Strasbourg,67,Bas-Rhin,Strasbourg,7,Uttwiller,67330,67503,48.85,7.483333,0.91
Est,42,Alsace,Strasbourg,67,Bas-Rhin,Strasbourg,7,Voellerdingen,67430,67508,48.966667,7.133333,2.12
Est,42,Alsace,Strasbourg,67,Bas-Rhin,Strasbourg,7,Volksberg,67290,67509,48.95,7.3,1.44
Est,42,Alsace,Strasbourg,67,Bas-Rhin,Strasbourg,7,Waldhambach,67430,67514,48.916667,7.216667,1.69
Est,42,Alsace,Strasbourg,67,Bas-Rhin,Strasbourg,7,Waldolwisheim,67700,67515,48.733333,7.433333,0.69
Est,42,Alsace,Strasbourg,67,Bas-Rhin,Strasbourg,7,Waltenheim-sur-Zorn,67670,67516,48.75,7.633333,0.92
Est,42,Alsace,Strasbourg,67,Bas-Rhin,Strasbourg,7,Weinbourg,67340,67521,48.866667,7.45,1
Est,42,Alsace,Strasbourg,67,Bas-Rhin,Strasbourg,7,Weislingen,67290,67522,48.916667,7.25,1.52
Est,42,Alsace,Strasbourg,67,Bas-Rhin,Strasbourg,7,Weiterswiller,67340,67524,48.85,7.416667,1.66
Est,42,Alsace,Strasbourg,67,Bas-Rhin,Strasbourg,7,Westhouse-Marmoutier,67440,67527,,,
Est,42,Alsace,Strasbourg,67,Bas-Rhin,Strasbourg,7,Weyer,67320,67528,48.85,7.166667,1.95
Est,42,Alsace,Strasbourg,67,Bas-Rhin,Strasbourg,7,Wickersheim-Wilshausen,67270,67530,,,
Est,42,Alsace,Strasbourg,67,Bas-Rhin,Strasbourg,7,Wilwisheim,67270,67534,48.75,7.516667,0.97
Est,42,Alsace,Strasbourg,67,Bas-Rhin,Strasbourg,7,Wimmenau,67290,67535,48.916667,7.416667,2.08
Est,42,Alsace,Strasbourg,67,Bas-Rhin,Strasbourg,7,Wingen-sur-Moder,67290,67538,48.916667,7.366667,1.26
Est,42,Alsace,Strasbourg,67,Bas-Rhin,Strasbourg,7,Wingersheim,67170,67539,48.716667,7.633333,1.13
Est,42,Alsace,Strasbourg,67,Bas-Rhin,Strasbourg,7,Wolfskirchen,67260,67552,48.866667,7.066667,2.46
Est,42,Alsace,Strasbourg,67,Bas-Rhin,Strasbourg,7,Wolschheim,67700,67553,48.7,7.45,1.14
Est,42,Alsace,Strasbourg,67,Bas-Rhin,Strasbourg,7,Zehnacker,67310,67555,48.666667,7.45,0.82
Est,42,Alsace,Strasbourg,67,Bas-Rhin,Strasbourg,7,Zeinheim,67310,67556,48.666667,7.483333,1.01
Est,42,Alsace,Strasbourg,67,Bas-Rhin,Strasbourg,7,Zittersheim,67290,67559,48.9,7.35,1.17
Est,42,Alsace,Strasbourg,67,Bas-Rhin,Strasbourg,7,Zoebersdorf,67270,67560,,,
Est,42,Alsace,Strasbourg,67,Bas-Rhin,Strasbourg,8,Aschbach,67250,67012,48.933333,7.983333,2.24
Est,42,Alsace,Strasbourg,67,Bas-Rhin,Strasbourg,8,Beinheim,67930,67025,48.866667,8.083333,2.75
Est,42,Alsace,Strasbourg,67,Bas-Rhin,Strasbourg,8,Betschdorf,67660,67339,,,
Est,42,Alsace,Strasbourg,67,Bas-Rhin,Strasbourg,8,Biblisheim,67360,67037,48.9,7.8,1.34
Est,42,Alsace,Strasbourg,67,Bas-Rhin,Strasbourg,8,Bitschhoffen,67350,67048,48.85,7.616667,0.91
Est,42,Alsace,Strasbourg,67,Bas-Rhin,Strasbourg,8,Buhl,67470,67069,,,
Est,42,Alsace,Strasbourg,67,Bas-Rhin,Strasbourg,8,Cleebourg,67160,67074,49,7.9,1.81
Est,42,Alsace,Strasbourg,67,Bas-Rhin,Strasbourg,8,Climbach,67510,67075,49.016667,7.85,1.79
Est,42,Alsace,Strasbourg,67,Bas-Rhin,Strasbourg,8,Croettwiller,67470,67079,48.933333,8.033333,2.5
Est,42,Alsace,Strasbourg,67,Bas-Rhin,Strasbourg,8,Dambach,67110,67083,49,7.633333,1.7
Est,42,Alsace,Strasbourg,67,Bas-Rhin,Strasbourg,8,Dieffenbach-lès-Woerth,67360,67093,48.933333,7.783333,1.35
Est,42,Alsace,Strasbourg,67,Bas-Rhin,Strasbourg,8,Drachenbronn-Birlenbach,67160,67104,,,
Est,42,Alsace,Strasbourg,67,Bas-Rhin,Strasbourg,8,Durrenbach,67360,67110,48.9,7.766667,1.17
Est,42,Alsace,Strasbourg,67,Bas-Rhin,Strasbourg,8,Eberbach-Seltz,67470,67113,,,
Est,42,Alsace,Strasbourg,67,Bas-Rhin,Strasbourg,8,Engwiller,67350,67123,48.883333,7.616667,1.33
Est,42,Alsace,Strasbourg,67,Bas-Rhin,Strasbourg,8,Eschbach,67360,67132,48.866667,7.733333,1.63
Est,42,Alsace,Strasbourg,67,Bas-Rhin,Strasbourg,8,Forstheim,67580,67141,48.9,7.716667,1.17
Est,42,Alsace,Strasbourg,67,Bas-Rhin,Strasbourg,8,Froeschwiller,67360,67147,48.95,7.716667,1.5
Est,42,Alsace,Strasbourg,67,Bas-Rhin,Strasbourg,8,Goersdorf,67360,67160,48.95,7.766667,1.44
Est,42,Alsace,Strasbourg,67,Bas-Rhin,Strasbourg,8,Gumbrechtshoffen,67110,67174,48.9,7.633333,1.17
Est,42,Alsace,Strasbourg,67,Bas-Rhin,Strasbourg,8,Gundershoffen,67110,67176,48.9,7.666667,1.17
Est,42,Alsace,Strasbourg,67,Bas-Rhin,Strasbourg,8,Gunstett,67360,67177,48.916667,7.766667,1.26
Est,42,Alsace,Strasbourg,67,Bas-Rhin,Strasbourg,8,Hatten,67690,67184,48.9,7.983333,2.24
Est,42,Alsace,Strasbourg,67,Bas-Rhin,Strasbourg,8,Hegeney,67360,67186,48.883333,7.733333,1.21
Est,42,Alsace,Strasbourg,67,Bas-Rhin,Strasbourg,8,Hoffen,67250,67206,48.933333,7.95,2.07
Est,42,Alsace,Strasbourg,67,Bas-Rhin,Strasbourg,8,Hunspach,67250,67213,48.95,7.95,2.07
Est,42,Alsace,Strasbourg,67,Bas-Rhin,Strasbourg,8,Ingolsheim,67250,67221,48.966667,7.933333,1.98
Est,42,Alsace,Strasbourg,67,Bas-Rhin,Strasbourg,8,Keffenach,67250,67232,48.966667,7.883333,1.73
Est,42,Alsace,Strasbourg,67,Bas-Rhin,Strasbourg,8,Kesseldorf,67930,67235,48.883333,8.066667,2.67
Est,42,Alsace,Strasbourg,67,Bas-Rhin,Strasbourg,8,Kindwiller,67350,67238,48.866667,7.6,1
Est,42,Alsace,Strasbourg,67,Bas-Rhin,Strasbourg,8,Kutzenhausen,67250,67254,48.933333,7.85,1.55
Est,42,Alsace,Strasbourg,67,Bas-Rhin,Strasbourg,8,Lampertsloch,67250,67257,48.95,7.816667,1.57
Est,42,Alsace,Strasbourg,67,Bas-Rhin,Strasbourg,8,Langensoultzbach,67360,67259,48.966667,7.733333,1.57
Est,42,Alsace,Strasbourg,67,Bas-Rhin,Strasbourg,8,Laubach,67580,67260,48.883333,7.716667,1.09
Est,42,Alsace,Strasbourg,67,Bas-Rhin,Strasbourg,8,Lauterbourg,67630,67261,48.97529,8.17583,-1
Est,42,Alsace,Strasbourg,67,Bas-Rhin,Strasbourg,8,La Walck,67350,67512,48.85,7.616667,0.91
Est,42,Alsace,Strasbourg,67,Bas-Rhin,Strasbourg,8,Lembach,67510,67263,49,7.8,1.7
Est,42,Alsace,Strasbourg,67,Bas-Rhin,Strasbourg,8,Lobsann,67250,67271,48.966667,7.85,1.55
Est,42,Alsace,Strasbourg,67,Bas-Rhin,Strasbourg,8,Memmelshoffen,67250,67288,48.966667,7.866667,1.64
Est,42,Alsace,Strasbourg,67,Bas-Rhin,Strasbourg,8,Merkwiller-Pechelbronn,67250,67290,48.933333,7.833333,1.47
Est,42,Alsace,Strasbourg,67,Bas-Rhin,Strasbourg,8,Mertzwiller,67580,67291,48.866667,7.683333,1
Est,42,Alsace,Strasbourg,67,Bas-Rhin,Strasbourg,8,Mietesheim,67580,67292,48.883333,7.65,1.44
Est,42,Alsace,Strasbourg,67,Bas-Rhin,Strasbourg,8,Morsbronn-les-Bains,67360,67303,48.9,7.733333,1.17
Est,42,Alsace,Strasbourg,67,Bas-Rhin,Strasbourg,8,Mothern,67470,67305,48.933333,8.15,-1
Est,42,Alsace,Strasbourg,67,Bas-Rhin,Strasbourg,8,Munchhausen,67470,67308,48.9334,8.1516,-1
Est,42,Alsace,Strasbourg,67,Bas-Rhin,Strasbourg,8,Neewiller-près-Lauterbourg,67630,67315,,,
Est,42,Alsace,Strasbourg,67,Bas-Rhin,Strasbourg,8,Niederbronn-les-Bains,67110,67324,48.95,7.633333,1.44
Est,42,Alsace,Strasbourg,67,Bas-Rhin,Strasbourg,8,Niederlauterbach,67630,67327,48.966667,8.1,2.84
Est,42,Alsace,Strasbourg,67,Bas-Rhin,Strasbourg,8,Niederroedern,67470,67330,48.9,8.05,2.58
Est,42,Alsace,Strasbourg,67,Bas-Rhin,Strasbourg,8,Niedersteinbach,67510,67334,49.033333,7.716667,1.88
Est,42,Alsace,Strasbourg,67,Bas-Rhin,Strasbourg,8,Oberbronn,67110,67340,48.933333,7.6,1.35
Est,42,Alsace,Strasbourg,67,Bas-Rhin,Strasbourg,8,Oberdorf-Spachbach,67360,67341,48.916667,7.75,1.26
Est,42,Alsace,Strasbourg,67,Bas-Rhin,Strasbourg,8,Oberhoffen-lès-Wissembourg,67160,67344,,,
Est,42,Alsace,Strasbourg,67,Bas-Rhin,Strasbourg,8,Oberlauterbach,67160,67346,48.95,8.066667,2.67
Est,42,Alsace,Strasbourg,67,Bas-Rhin,Strasbourg,8,Oberroedern,67250,67349,48.916667,7.966667,2.15
Est,42,Alsace,Strasbourg,67,Bas-Rhin,Strasbourg,8,Obersteinbach,67510,67353,49.033333,7.683333,1.88
Est,42,Alsace,Strasbourg,67,Bas-Rhin,Strasbourg,8,Offwiller,67340,67358,48.916667,7.55,1.41
Est,42,Alsace,Strasbourg,67,Bas-Rhin,Strasbourg,8,Preuschdorf,67250,67379,48.95,7.8,1.88
Est,42,Alsace,Strasbourg,67,Bas-Rhin,Strasbourg,8,Reichshoffen,67110,67388,48.933333,7.666667,1.35
Est,42,Alsace,Strasbourg,67,Bas-Rhin,Strasbourg,8,Retschwiller,67250,67394,48.95,7.866667,1.64
Est,42,Alsace,Strasbourg,67,Bas-Rhin,Strasbourg,8,Riedseltz,67160,67400,49,7.95,2.07
Est,42,Alsace,Strasbourg,67,Bas-Rhin,Strasbourg,8,Rittershoffen,67690,67404,48.9,7.95,2.07
Est,42,Alsace,Strasbourg,67,Bas-Rhin,Strasbourg,8,Rothbach,67340,67415,48.9,7.533333,1.17
Est,42,Alsace,Strasbourg,67,Bas-Rhin,Strasbourg,8,Rott,67160,67416,49.016667,7.9,1.81
Est,42,Alsace,Strasbourg,67,Bas-Rhin,Strasbourg,8,Salmbach,67160,67432,48.983333,8.066667,2.67
Est,42,Alsace,Strasbourg,67,Bas-Rhin,Strasbourg,8,Schaffhouse-près-Seltz,67470,67440,48.9,8.1,2.84
Est,42,Alsace,Strasbourg,67,Bas-Rhin,Strasbourg,8,Scheibenhard,67630,67443,48.983333,8.133333,-1
Est,42,Alsace,Strasbourg,67,Bas-Rhin,Strasbourg,8,Schleithal,67160,67451,48.983333,8.033333,2.5
Est,42,Alsace,Strasbourg,67,Bas-Rhin,Strasbourg,8,Schoenenbourg,67250,67455,48.95,7.916667,1.9
Est,42,Alsace,Strasbourg,67,Bas-Rhin,Strasbourg,8,Seebach,67160,67351,,,
Est,42,Alsace,Strasbourg,67,Bas-Rhin,Strasbourg,8,Seltz,67470,67463,48.883333,8.1,2.84
Est,42,Alsace,Strasbourg,67,Bas-Rhin,Strasbourg,8,Siegen,67160,67466,48.95,8.05,2.58
Est,42,Alsace,Strasbourg,67,Bas-Rhin,Strasbourg,8,Soultz-sous-Forêts,67250,67474,48.933333,7.883333,1.73
Est,42,Alsace,Strasbourg,67,Bas-Rhin,Strasbourg,8,Steinseltz,67160,67479,49.016667,7.933333,1.98
Est,42,Alsace,Strasbourg,67,Bas-Rhin,Strasbourg,8,Stundwiller,67250,67484,48.916667,7.983333,2.24
Est,42,Alsace,Strasbourg,67,Bas-Rhin,Strasbourg,8,Surbourg,67250,67487,48.916667,7.85,1.55
Est,42,Alsace,Strasbourg,67,Bas-Rhin,Strasbourg,8,Trimbach,67470,67494,48.933333,8.016667,2.41
Est,42,Alsace,Strasbourg,67,Bas-Rhin,Strasbourg,8,Uberach,67350,67496,48.85,7.633333,0.91
Est,42,Alsace,Strasbourg,67,Bas-Rhin,Strasbourg,8,Uhrwiller,67350,67498,48.883333,7.583333,1.52
Est,42,Alsace,Strasbourg,67,Bas-Rhin,Strasbourg,8,Uttenhoffen,67110,67502,48.883333,7.65,1.09
Est,42,Alsace,Strasbourg,67,Bas-Rhin,Strasbourg,8,Walbourg,67360,67511,48.883333,7.783333,1.25
Est,42,Alsace,Strasbourg,67,Bas-Rhin,Strasbourg,8,Windstein,67110,67536,49,7.683333,1.7
Est,42,Alsace,Strasbourg,67,Bas-Rhin,Strasbourg,8,Wingen,67510,67537,49.033333,7.816667,1.88
Est,42,Alsace,Strasbourg,67,Bas-Rhin,Strasbourg,8,Wintzenbach,67470,67541,48.933333,8.1,2.84
Est,42,Alsace,Strasbourg,67,Bas-Rhin,Strasbourg,8,Wissembourg,67160,67544,49.033333,7.95,2.07
Est,42,Alsace,Strasbourg,67,Bas-Rhin,Strasbourg,8,Woerth,67360,67550,48.933333,7.75,-1
Est,42,Alsace,Strasbourg,67,Bas-Rhin,Strasbourg,8,Zinswiller,67110,67558,48.916667,7.583333,1.28
Est,42,Alsace,Strasbourg,67,Bas-Rhin,Strasbourg,9,Auenheim,67480,67014,48.816667,8.016667,2.41
Est,42,Alsace,Strasbourg,67,Bas-Rhin,Strasbourg,9,Batzendorf,67500,67023,48.783333,7.7,1.39
Est,42,Alsace,Strasbourg,67,Bas-Rhin,Strasbourg,9,Bernolsheim,67170,67033,48.75,7.683333,0.7
Est,42,Alsace,Strasbourg,67,Bas-Rhin,Strasbourg,9,Berstheim,67170,67035,48.8,7.683333,1.54
Est,42,Alsace,Strasbourg,67,Bas-Rhin,Strasbourg,9,Bietlenheim,67720,67038,48.716667,7.783333,1.21
Est,42,Alsace,Strasbourg,67,Bas-Rhin,Strasbourg,9,Bilwisheim,67170,67039,48.716667,7.666667,0.61
Est,42,Alsace,Strasbourg,67,Bas-Rhin,Strasbourg,9,Bischwiller,67240,67046,48.766667,7.866667,1.64
Est,42,Alsace,Strasbourg,67,Bas-Rhin,Strasbourg,9,Brumath,67170,67067,48.733333,7.716667,0.9
Est,42,Alsace,Strasbourg,67,Bas-Rhin,Strasbourg,9,Dalhunden,67770,67082,48.766667,7.983333,2.24
Est,42,Alsace,Strasbourg,67,Bas-Rhin,Strasbourg,9,Dauendorf,67350,67087,48.833333,7.65,1.27
Est,42,Alsace,Strasbourg,67,Bas-Rhin,Strasbourg,9,Donnenheim,67170,67100,48.716667,7.65,0.78
Est,42,Alsace,Strasbourg,67,Bas-Rhin,Strasbourg,9,Drusenheim,67410,67106,48.766667,7.95,2.07
Est,42,Alsace,Strasbourg,67,Bas-Rhin,Strasbourg,9,Eckwersheim,67550,67119,48.683333,7.7,1
Est,42,Alsace,Strasbourg,67,Bas-Rhin,Strasbourg,9,Forstfeld,67480,67140,48.85,8.033333,2.5
Est,42,Alsace,Strasbourg,67,Bas-Rhin,Strasbourg,9,Fort-Louis,67480,67142,48.8,8.05,2.58
Est,42,Alsace,Strasbourg,67,Bas-Rhin,Strasbourg,9,Gambsheim,67760,67151,48.7,7.883333,1.73
Est,42,Alsace,Strasbourg,67,Bas-Rhin,Strasbourg,9,Geudertheim,67170,67156,48.716667,7.75,1.73
Est,42,Alsace,Strasbourg,67,Bas-Rhin,Strasbourg,9,Gries,67240,67169,48.75,7.816667,1.38
Est,42,Alsace,Strasbourg,67,Bas-Rhin,Strasbourg,9,Haguenau,67500,67180,48.816667,7.783333,1.21
Est,42,Alsace,Strasbourg,67,Bas-Rhin,Strasbourg,9,Herrlisheim,67850,67194,48.733333,7.9,1.81
Est,42,Alsace,Strasbourg,67,Bas-Rhin,Strasbourg,9,Hochstett,67170,67203,48.783333,7.683333,1.15
Est,42,Alsace,Strasbourg,67,Bas-Rhin,Strasbourg,9,Hoerdt,67720,67205,48.7,7.783333,1.21
Est,42,Alsace,Strasbourg,67,Bas-Rhin,Strasbourg,9,Huttendorf,67270,67215,48.8,7.633333,1.99
Est,42,Alsace,Strasbourg,67,Bas-Rhin,Strasbourg,9,Kaltenhouse,67240,67230,48.8,7.833333,1.47
Est,42,Alsace,Strasbourg,67,Bas-Rhin,Strasbourg,9,Kauffenheim,67480,67231,48.85,8.033333,2.5
Est,42,Alsace,Strasbourg,67,Bas-Rhin,Strasbourg,9,Kilstett,67840,67237,48.683333,7.85,1.55
Est,42,Alsace,Strasbourg,67,Bas-Rhin,Strasbourg,9,Krautwiller,67170,67249,48.733333,7.683333,0.7
Est,42,Alsace,Strasbourg,67,Bas-Rhin,Strasbourg,9,Kriegsheim,67170,67250,48.75,7.733333,1.34
Est,42,Alsace,Strasbourg,67,Bas-Rhin,Strasbourg,9,Kurtzenhouse,67240,67252,48.733333,7.8,1.71
Est,42,Alsace,Strasbourg,67,Bas-Rhin,Strasbourg,9,La Wantzenau,67610,67519,48.666667,7.833333,1.47
Est,42,Alsace,Strasbourg,67,Bas-Rhin,Strasbourg,9,Leutenheim,67480,67264,48.85,8.016667,2.41
Est,42,Alsace,Strasbourg,67,Bas-Rhin,Strasbourg,9,Mittelschaeffolsheim,67170,67298,48.7,7.65,1.04
Est,42,Alsace,Strasbourg,67,Bas-Rhin,Strasbourg,9,Mommenheim,67670,67301,48.75,7.65,0.73
Est,42,Alsace,Strasbourg,67,Bas-Rhin,Strasbourg,9,Morschwiller,67350,67304,48.816667,7.633333,1.03
Est,42,Alsace,Strasbourg,67,Bas-Rhin,Strasbourg,9,Neuhaeusel,67480,67319,48.816667,8.083333,2.75
Est,42,Alsace,Strasbourg,67,Bas-Rhin,Strasbourg,9,Niederschaeffolsheim,67500,67331,48.766667,7.733333,0.96
Est,42,Alsace,Strasbourg,67,Bas-Rhin,Strasbourg,9,Oberhoffen-sur-Moder,67240,67345,48.783333,7.866667,1.64
Est,42,Alsace,Strasbourg,67,Bas-Rhin,Strasbourg,9,Offendorf,67850,67356,48.716667,7.916667,1.9
Est,42,Alsace,Strasbourg,67,Bas-Rhin,Strasbourg,9,Ohlungen,67590,67359,48.816667,7.7,1
Est,42,Alsace,Strasbourg,67,Bas-Rhin,Strasbourg,9,Olwisheim,67170,67361,48.7,7.666667,0.85
Est,42,Alsace,Strasbourg,67,Bas-Rhin,Strasbourg,9,Roeschwoog,67480,67405,48.833333,8.033333,2.5
Est,42,Alsace,Strasbourg,67,Bas-Rhin,Strasbourg,9,Rohrwiller,67410,67407,48.75,7.9,1.81
Est,42,Alsace,Strasbourg,67,Bas-Rhin,Strasbourg,9,Roppenheim,67480,67409,,,
Est,42,Alsace,Strasbourg,67,Bas-Rhin,Strasbourg,9,Rottelsheim,67170,67417,48.75,7.716667,0.97
Est,42,Alsace,Strasbourg,67,Bas-Rhin,Strasbourg,9,Rountzenheim,67480,67418,48.816667,8,2.32
Est,42,Alsace,Strasbourg,67,Bas-Rhin,Strasbourg,9,Schirrhein,67240,67449,48.8,7.9,1.81
Est,42,Alsace,Strasbourg,67,Bas-Rhin,Strasbourg,9,Schirrhoffen,67240,67450,48.8,7.916667,1.9
Est,42,Alsace,Strasbourg,67,Bas-Rhin,Strasbourg,9,Schweighouse-sur-Moder,67590,67458,,,
Est,42,Alsace,Strasbourg,67,Bas-Rhin,Strasbourg,9,Sessenheim,67770,67465,48.8,7.983333,2.24
Est,42,Alsace,Strasbourg,67,Bas-Rhin,Strasbourg,9,Soufflenheim,67620,67472,48.833333,7.966667,2.15
Est,42,Alsace,Strasbourg,67,Bas-Rhin,Strasbourg,9,Stattmatten,67770,67476,48.8,8,2.32
Est,42,Alsace,Strasbourg,67,Bas-Rhin,Strasbourg,9,Uhlwiller,67350,67497,48.816667,7.666667,1.89
Est,42,Alsace,Strasbourg,67,Bas-Rhin,Strasbourg,9,Vendenheim,67550,67506,48.666667,7.716667,1
Est,42,Alsace,Strasbourg,67,Bas-Rhin,Strasbourg,9,Wahlenheim,67170,67510,48.766667,7.683333,0.76
Est,42,Alsace,Strasbourg,67,Bas-Rhin,Strasbourg,9,Weitbruch,67500,67523,48.75,7.783333,1.21
Est,42,Alsace,Strasbourg,67,Bas-Rhin,Strasbourg,9,Weyersheim,67720,67529,48.716667,7.8,1.3
Est,42,Alsace,Strasbourg,67,Bas-Rhin,Strasbourg,9,Wintershouse,67590,67540,48.8,7.7,1
Est,42,Alsace,Strasbourg,67,Bas-Rhin,Strasbourg,9,Wittersheim,67670,67546,48.783333,7.65,1.35
Est,42,Alsace,Strasbourg,68,Haut-Rhin,Colmar,1,Algolsheim,68600,68001,48,7.566667,2.29
Est,42,Alsace,Strasbourg,68,Haut-Rhin,Colmar,1,Andolsheim,68280,68007,48.066667,7.416667,1.66
Est,42,Alsace,Strasbourg,68,Haut-Rhin,Colmar,1,Appenwihr,68280,68008,48.016667,7.433333,1.24
Est,42,Alsace,Strasbourg,68,Haut-Rhin,Colmar,1,Artzenheim,68320,68009,48.116667,7.533333,2.03
Est,42,Alsace,Strasbourg,68,Haut-Rhin,Colmar,1,Balgau,68740,68016,47.916667,7.533333,2.03
Est,42,Alsace,Strasbourg,68,Haut-Rhin,Colmar,1,Baltzenheim,68320,68019,48.083333,7.55,2.16
Est,42,Alsace,Strasbourg,68,Haut-Rhin,Colmar,1,Biesheim,68600,68036,48.033333,7.55,2.16
Est,42,Alsace,Strasbourg,68,Haut-Rhin,Colmar,1,Bischwihr,68320,68038,48.083333,7.433333,1.55
Est,42,Alsace,Strasbourg,68,Haut-Rhin,Colmar,1,Colmar,68000,68066,48.083333,7.366667,1.55
Est,42,Alsace,Strasbourg,68,Haut-Rhin,Colmar,1,Dessenheim,68600,68069,47.966667,7.483333,1.64
Est,42,Alsace,Strasbourg,68,Haut-Rhin,Colmar,1,Durrenentzen,68320,68076,48.083333,7.5,1.77
Est,42,Alsace,Strasbourg,68,Haut-Rhin,Colmar,1,Fortschwihr,68320,68095,48.083333,7.45,1.55
Est,42,Alsace,Strasbourg,68,Haut-Rhin,Colmar,1,Geiswasser,68600,68104,47.966667,7.6,2.56
Est,42,Alsace,Strasbourg,68,Haut-Rhin,Colmar,1,Grussenheim,68320,68110,48.133333,7.483333,1.82
Est,42,Alsace,Strasbourg,68,Haut-Rhin,Colmar,1,Heiteren,68600,68130,47.966667,7.533333,2.03
Est,42,Alsace,Strasbourg,68,Haut-Rhin,Colmar,1,Hettenschlag,68600,68136,48,7.45,2.02
Est,42,Alsace,Strasbourg,68,Haut-Rhin,Colmar,1,Holtzwihr,68320,68143,48.116667,7.416667,1.73
Est,42,Alsace,Strasbourg,68,Haut-Rhin,Colmar,1,Horbourg-Wihr,68180,68145,,,
Est,42,Alsace,Strasbourg,68,Haut-Rhin,Colmar,1,Houssen,68125,68146,48.116667,7.383333,1.73
Est,42,Alsace,Strasbourg,68,Haut-Rhin,Colmar,1,Jebsheim,68320,68157,48.116667,7.483333,1.73
Est,42,Alsace,Strasbourg,68,Haut-Rhin,Colmar,1,Kunheim,68320,68172,48.083333,7.533333,2.03
Est,42,Alsace,Strasbourg,68,Haut-Rhin,Colmar,1,Logelheim,68280,68189,48.016667,7.4,1.18
Est,42,Alsace,Strasbourg,68,Haut-Rhin,Colmar,1,Muntzenheim,68320,68227,48.1,7.466667,1.64
Est,42,Alsace,Strasbourg,68,Haut-Rhin,Colmar,1,Nambsheim,68740,68230,47.916667,7.55,2.16
Est,42,Alsace,Strasbourg,68,Haut-Rhin,Colmar,1,Neuf-Brisach,68600,68231,48.016667,7.533333,2.03
Est,42,Alsace,Strasbourg,68,Haut-Rhin,Colmar,1,Obersaasheim,68600,68246,47.983333,7.55,2.16
Est,42,Alsace,Strasbourg,68,Haut-Rhin,Colmar,1,Riedwihr,68320,68272,48.116667,7.433333,1.73
Est,42,Alsace,Strasbourg,68,Haut-Rhin,Colmar,1,Sainte-Croix-en-Plaine,68127,68295,48.016667,7.383333,1.18
Est,42,Alsace,Strasbourg,68,Haut-Rhin,Colmar,1,Sundhoffen,68280,68331,48.033333,7.416667,1.27
Est,42,Alsace,Strasbourg,68,Haut-Rhin,Colmar,1,Urschenheim,68320,68345,48.083333,7.483333,1.64
Est,42,Alsace,Strasbourg,68,Haut-Rhin,Colmar,1,Vogelgrun,68600,68351,48.016667,7.566667,2.29
Est,42,Alsace,Strasbourg,68,Haut-Rhin,Colmar,1,Volgelsheim,68600,68352,,,
Est,42,Alsace,Strasbourg,68,Haut-Rhin,Colmar,1,Weckolsheim,68600,68360,48,7.516667,1.9
Est,42,Alsace,Strasbourg,68,Haut-Rhin,Colmar,1,Wickerschwihr,68320,68366,48.1,7.433333,1.64
Est,42,Alsace,Strasbourg,68,Haut-Rhin,Colmar,1,Widensolen,68320,68367,,,
Est,42,Alsace,Strasbourg,68,Haut-Rhin,Colmar,1,Wolfgantzen,68600,68379,48.033333,7.516667,1.9
Est,42,Alsace,Strasbourg,68,Haut-Rhin,Colmar,2,Ammerschwihr,68770,68005,48.116667,7.283333,1.73
Est,42,Alsace,Strasbourg,68,Haut-Rhin,Colmar,2,Aubure,68150,68014,48.2,7.216667,2.19
Est,42,Alsace,Strasbourg,68,Haut-Rhin,Colmar,2,Beblenheim,68980,68023,48.15,7.333333,1.91
Est,42,Alsace,Strasbourg,68,Haut-Rhin,Colmar,2,Bennwihr,68630,68026,48.15,7.316667,1.91
Est,42,Alsace,Strasbourg,68,Haut-Rhin,Colmar,2,Bergheim,68750,68028,48.2,7.366667,2.19
Est,42,Alsace,Strasbourg,68,Haut-Rhin,Colmar,2,Breitenbach-Haut-Rhin,68380,68051,48.016667,7.1,1.38
Est,42,Alsace,Strasbourg,68,Haut-Rhin,Colmar,2,Eguisheim,68420,68078,48.05,7.3,1.6
Est,42,Alsace,Strasbourg,68,Haut-Rhin,Colmar,2,Eschbach-au-Val,68140,68083,48.016667,7.15,1.18
Est,42,Alsace,Strasbourg,68,Haut-Rhin,Colmar,2,Fréland,68240,68097,48.166667,7.2,2
Est,42,Alsace,Strasbourg,68,Haut-Rhin,Colmar,2,Griesbach-au-Val,68140,68109,48.033333,7.183333,1.46
Est,42,Alsace,Strasbourg,68,Haut-Rhin,Colmar,2,Gueberschwihr,68420,68111,48,7.283333,1.5
Est,42,Alsace,Strasbourg,68,Haut-Rhin,Colmar,2,Guémar,68970,68113,48.183333,7.4,2.09
Est,42,Alsace,Strasbourg,68,Haut-Rhin,Colmar,2,Gundolsheim,68250,68116,47.916667,7.3,0.96
Est,42,Alsace,Strasbourg,68,Haut-Rhin,Colmar,2,Gunsbach,68140,68117,48.05,7.183333,1.46
Est,42,Alsace,Strasbourg,68,Haut-Rhin,Colmar,2,Hattstatt,68420,68123,48.016667,7.3,1.18
Est,42,Alsace,Strasbourg,68,Haut-Rhin,Colmar,2,Herrlisheim-près-Colmar,68420,68134,48.016667,7.316667,1.18
Est,42,Alsace,Strasbourg,68,Haut-Rhin,Colmar,2,Hohrod,68140,68142,48.05,7.133333,1.36
Est,42,Alsace,Strasbourg,68,Haut-Rhin,Colmar,2,Hunawihr,68150,68147,48.166667,7.316667,2
Est,42,Alsace,Strasbourg,68,Haut-Rhin,Colmar,2,Husseren-les-Châteaux,68420,68150,48.033333,7.283333,1.27
Est,42,Alsace,Strasbourg,68,Haut-Rhin,Colmar,2,Illhaeusern,68970,68153,48.183333,7.433333,2.09
Est,42,Alsace,Strasbourg,68,Haut-Rhin,Colmar,2,Ingersheim,68040,68155,48.1,7.3,1.64
Est,42,Alsace,Strasbourg,68,Haut-Rhin,Colmar,2,Katzenthal,68230,68161,48.1,7.283333,1.64
Est,42,Alsace,Strasbourg,68,Haut-Rhin,Colmar,2,Kaysersberg,68240,68162,48.133333,7.25,1.82
Est,42,Alsace,Strasbourg,68,Haut-Rhin,Colmar,2,Kientzheim,68240,68164,48.133333,7.283333,1.82
Est,42,Alsace,Strasbourg,68,Haut-Rhin,Colmar,2,Labaroche,68910,68173,48.116667,7.2,1.73
Est,42,Alsace,Strasbourg,68,Haut-Rhin,Colmar,2,Lapoutroie,68650,68175,48.15,7.166667,1.91
Est,42,Alsace,Strasbourg,68,Haut-Rhin,Colmar,2,Le Bonhomme,68650,68044,48.166667,7.116667,2
Est,42,Alsace,Strasbourg,68,Haut-Rhin,Colmar,2,Lièpvre,68660,68185,48.266667,7.283333,2.55
Est,42,Alsace,Strasbourg,68,Haut-Rhin,Colmar,2,Luttenbach-près-Munster,68140,68193,48.016667,7.116667,1.25
Est,42,Alsace,Strasbourg,68,Haut-Rhin,Colmar,2,Metzeral,68380,68204,48.016667,7.066667,1.64
Est,42,Alsace,Strasbourg,68,Haut-Rhin,Colmar,2,Mittelwihr,68630,68209,48.15,7.316667,1.91
Est,42,Alsace,Strasbourg,68,Haut-Rhin,Colmar,2,Mittlach,68380,68210,,,
Est,42,Alsace,Strasbourg,68,Haut-Rhin,Colmar,2,Muhlbach-sur-Munster,68380,68223,48.033333,7.083333,1.51
Est,42,Alsace,Strasbourg,68,Haut-Rhin,Colmar,2,Munster,68140,68226,48.05,7.133333,1.36
Est,42,Alsace,Strasbourg,68,Haut-Rhin,Colmar,2,Niedermorschwihr,68230,68237,48.1,7.283333,1.64
Est,42,Alsace,Strasbourg,68,Haut-Rhin,Colmar,2,Obermorschwihr,68420,68244,48.016667,7.3,1.18
Est,42,Alsace,Strasbourg,68,Haut-Rhin,Colmar,2,Orbey,68370,68249,48.133333,7.166667,1.82
Est,42,Alsace,Strasbourg,68,Haut-Rhin,Colmar,2,Osenbach,68570,68251,47.983333,7.216667,1
Est,42,Alsace,Strasbourg,68,Haut-Rhin,Colmar,2,Ostheim,68150,68252,48.15,7.366667,1.91
Est,42,Alsace,Strasbourg,68,Haut-Rhin,Colmar,2,Pfaffenheim,68250,68255,47.983333,7.283333,1.12
Est,42,Alsace,Strasbourg,68,Haut-Rhin,Colmar,2,Ribeauvillé,68150,68269,48.2,7.316667,2.19
Est,42,Alsace,Strasbourg,68,Haut-Rhin,Colmar,2,Riquewihr,68340,68277,48.166667,7.3,2
Est,42,Alsace,Strasbourg,68,Haut-Rhin,Colmar,2,Rodern,68590,68280,48.233333,7.35,2.37
Est,42,Alsace,Strasbourg,68,Haut-Rhin,Colmar,2,Rombach-le-Franc,68660,68283,48.283333,7.266667,2.64
Est,42,Alsace,Strasbourg,68,Haut-Rhin,Colmar,2,Rorschwihr,68590,68285,48.216667,7.366667,2.28
Est,42,Alsace,Strasbourg,68,Haut-Rhin,Colmar,2,Rouffach,68250,68287,47.966667,7.283333,1.02
Est,42,Alsace,Strasbourg,68,Haut-Rhin,Colmar,2,Sainte-Croix-aux-Mines,68160,68294,48.266667,7.216667,2.55
Est,42,Alsace,Strasbourg,68,Haut-Rhin,Colmar,2,Sainte-Marie-aux-Mines,68160,68298,48.25,7.183333,2.46
Est,42,Alsace,Strasbourg,68,Haut-Rhin,Colmar,2,Saint-Hippolyte,68590,68296,48.233333,7.366667,2.37
Est,42,Alsace,Strasbourg,68,Haut-Rhin,Colmar,2,Sigolsheim,68240,68310,48.133333,7.3,1.82
Est,42,Alsace,Strasbourg,68,Haut-Rhin,Colmar,2,Sondernach,68380,68311,47.983333,7.083333,1.51
Est,42,Alsace,Strasbourg,68,Haut-Rhin,Colmar,2,Soultzbach-les-Bains,68230,68316,48.033333,7.2,1.27
Est,42,Alsace,Strasbourg,68,Haut-Rhin,Colmar,2,Soultzeren,68140,68317,48.066667,7.1,1.45
Est,42,Alsace,Strasbourg,68,Haut-Rhin,Colmar,2,Soultzmatt,68570,68318,47.966667,7.233333,1.14
Est,42,Alsace,Strasbourg,68,Haut-Rhin,Colmar,2,Stosswihr,68140,68329,48.05,7.1,1.38
Est,42,Alsace,Strasbourg,68,Haut-Rhin,Colmar,2,Thannenkirch,68590,68335,48.233333,7.3,2.37
Est,42,Alsace,Strasbourg,68,Haut-Rhin,Colmar,2,Turckheim,68230,68338,48.083333,7.283333,1.55
Est,42,Alsace,Strasbourg,68,Haut-Rhin,Colmar,2,Voegtlinshoffen,68420,68350,,,
Est,42,Alsace,Strasbourg,68,Haut-Rhin,Colmar,2,Walbach,68230,68354,48.066667,7.233333,1.45
Est,42,Alsace,Strasbourg,68,Haut-Rhin,Colmar,2,Wasserbourg,68230,68358,48,7.166667,2.07
Est,42,Alsace,Strasbourg,68,Haut-Rhin,Colmar,2,Westhalten,68250,68364,47.95,7.266667,1.29
Est,42,Alsace,Strasbourg,68,Haut-Rhin,Colmar,2,Wettolsheim,68920,68365,48.066667,7.316667,1.45
Est,42,Alsace,Strasbourg,68,Haut-Rhin,Colmar,2,Wihr-au-Val,68230,68368,48.05,7.2,1.36
Est,42,Alsace,Strasbourg,68,Haut-Rhin,Colmar,2,Wintzenheim,68920,68374,48.066667,7.283333,1.45
Est,42,Alsace,Strasbourg,68,Haut-Rhin,Colmar,2,Zellenberg,68340,68383,48.166667,7.316667,2
Est,42,Alsace,Strasbourg,68,Haut-Rhin,Colmar,2,Zimmerbach,68230,68385,48.066667,7.233333,1.45
Est,42,Alsace,Strasbourg,68,Haut-Rhin,Colmar,3,Altenach,68210,68002,47.616667,7.116667,1.25
Est,42,Alsace,Strasbourg,68,Haut-Rhin,Colmar,3,Altkirch,68130,68004,47.616667,7.25,1.37
Est,42,Alsace,Strasbourg,68,Haut-Rhin,Colmar,3,Ammertzwiller,68210,68006,47.683333,7.166667,1.37
Est,42,Alsace,Strasbourg,68,Haut-Rhin,Colmar,3,Aspach,68130,68010,47.65,7.233333,1.88
Est,42,Alsace,Strasbourg,68,Haut-Rhin,Colmar,3,Aspach-le-Haut,68700,68012,47.783333,7.133333,1.12
Est,42,Alsace,Strasbourg,68,Haut-Rhin,Colmar,3,Ballersdorf,68210,68017,47.633333,7.166667,1.2
Est,42,Alsace,Strasbourg,68,Haut-Rhin,Colmar,3,Balschwiller,68210,68018,47.666667,7.166667,1.23
Est,42,Alsace,Strasbourg,68,Haut-Rhin,Colmar,3,Bellemagny,68210,68024,47.7,7.066667,1.64
Est,42,Alsace,Strasbourg,68,Haut-Rhin,Colmar,3,Bendorf,68480,68025,47.483333,7.283333,1.74
Est,42,Alsace,Strasbourg,68,Haut-Rhin,Colmar,3,Berentzwiller,68130,68027,47.583333,7.383333,1.87
Est,42,Alsace,Strasbourg,68,Haut-Rhin,Colmar,3,Bettendorf,68560,68033,47.583333,7.283333,1.45
Est,42,Alsace,Strasbourg,68,Haut-Rhin,Colmar,3,Bettlach,68480,68034,47.5,7.416667,1.65
Est,42,Alsace,Strasbourg,68,Haut-Rhin,Colmar,3,Biederthal,68480,68035,47.466667,7.45,2.02
Est,42,Alsace,Strasbourg,68,Haut-Rhin,Colmar,3,Bisel,68580,68039,47.533333,7.216667,1.47
Est,42,Alsace,Strasbourg,68,Haut-Rhin,Colmar,3,Bitschwiller-les-Thann,68620,68040,47.833333,7.083333,1.51
Est,42,Alsace,Strasbourg,68,Haut-Rhin,Colmar,3,Bourbach-le-Bas,68290,68045,47.783333,7.066667,2.21
Est,42,Alsace,Strasbourg,68,Haut-Rhin,Colmar,3,Bourbach-le-Haut,68290,68046,47.8,7.033333,1.9
Est,42,Alsace,Strasbourg,68,Haut-Rhin,Colmar,3,Bouxwiller,68480,68049,47.508333,7.341667,-1
Est,42,Alsace,Strasbourg,68,Haut-Rhin,Colmar,3,Bréchaumont,68210,68050,47.666667,7.066667,1.64
Est,42,Alsace,Strasbourg,68,Haut-Rhin,Colmar,3,Bretten,68780,68052,47.7,7.066667,1.64
Est,42,Alsace,Strasbourg,68,Haut-Rhin,Colmar,3,Buethwiller,68210,68057,47.65,7.15,0.98
Est,42,Alsace,Strasbourg,68,Haut-Rhin,Colmar,3,Carspach,68130,68062,47.616667,7.216667,2.13
Est,42,Alsace,Strasbourg,68,Haut-Rhin,Colmar,3,Chavannes-sur-l'Etang,68210,68065,47.633333,7.033333,1.9
Est,42,Alsace,Strasbourg,68,Haut-Rhin,Colmar,3,Courtavon,68480,68067,47.45,7.2,1.92
Est,42,Alsace,Strasbourg,68,Haut-Rhin,Colmar,3,Dannemarie,68210,68068,47.633333,7.133333,1.12
Est,42,Alsace,Strasbourg,68,Haut-Rhin,Colmar,3,Diefmatten,68780,68071,47.7,7.116667,1.55
Est,42,Alsace,Strasbourg,68,Haut-Rhin,Colmar,3,Dolleren,68290,68073,47.8,6.933333,2.69
Est,42,Alsace,Strasbourg,68,Haut-Rhin,Colmar,3,Durlinsdorf,68480,68074,47.483333,7.25,1.74
Est,42,Alsace,Strasbourg,68,Haut-Rhin,Colmar,3,Durmenach,68480,68075,47.533333,7.333333,1.47
Est,42,Alsace,Strasbourg,68,Haut-Rhin,Colmar,3,Eglingen,68720,68077,47.666667,7.183333,2.07
Est,42,Alsace,Strasbourg,68,Haut-Rhin,Colmar,3,Elbach,68210,68079,47.65,7.083333,1.51
Est,42,Alsace,Strasbourg,68,Haut-Rhin,Colmar,3,Emlingen,68130,68080,47.633333,7.3,0.92
Est,42,Alsace,Strasbourg,68,Haut-Rhin,Colmar,3,Eteimbes,68210,68085,47.7,7.05,1.77
Est,42,Alsace,Strasbourg,68,Haut-Rhin,Colmar,3,Falkwiller,68210,68086,47.683333,7.133333,1.12
Est,42,Alsace,Strasbourg,68,Haut-Rhin,Colmar,3,Feldbach,68640,68087,47.533333,7.266667,1.49
Est,42,Alsace,Strasbourg,68,Haut-Rhin,Colmar,3,Fellering,68470,68089,47.9,6.983333,2.3
Est,42,Alsace,Strasbourg,68,Haut-Rhin,Colmar,3,Ferrette,68480,68090,47.5,7.316667,1.65
Est,42,Alsace,Strasbourg,68,Haut-Rhin,Colmar,3,Fislis,68480,68092,47.5,7.366667,1.65
Est,42,Alsace,Strasbourg,68,Haut-Rhin,Colmar,3,Franken,68130,68096,47.6,7.35,1.1
Est,42,Alsace,Strasbourg,68,Haut-Rhin,Colmar,3,Friesen,68580,68098,47.566667,7.15,1.28
Est,42,Alsace,Strasbourg,68,Haut-Rhin,Colmar,3,Froeningen,68720,68099,47.683333,7.266667,0.64
Est,42,Alsace,Strasbourg,68,Haut-Rhin,Colmar,3,Fulleren,68210,68100,47.6,7.15,1.24
Est,42,Alsace,Strasbourg,68,Haut-Rhin,Colmar,3,Geishouse,68690,68102,47.883333,7.066667,1.64
Est,42,Alsace,Strasbourg,68,Haut-Rhin,Colmar,3,Gildwiller,68210,68105,,,
Est,42,Alsace,Strasbourg,68,Haut-Rhin,Colmar,3,Goldbach-Altenbach,68760,68106,,,
Est,42,Alsace,Strasbourg,68,Haut-Rhin,Colmar,3,Gommersdorf,68210,68107,47.633333,7.133333,1.12
Est,42,Alsace,Strasbourg,68,Haut-Rhin,Colmar,3,Grentzingen,68960,68108,47.566667,7.3,1.28
Est,42,Alsace,Strasbourg,68,Haut-Rhin,Colmar,3,Guevenatten,68210,68114,47.683333,7.083333,1.51
Est,42,Alsace,Strasbourg,68,Haut-Rhin,Colmar,3,Guewenheim,68116,68115,47.75,7.083333,1.51
Est,42,Alsace,Strasbourg,68,Haut-Rhin,Colmar,3,Hagenbach,68210,68119,47.65,7.166667,1.17
Est,42,Alsace,Strasbourg,68,Haut-Rhin,Colmar,3,Hausgauen,68130,68124,47.6,7.333333,1.1
Est,42,Alsace,Strasbourg,68,Haut-Rhin,Colmar,3,Hecken,68210,68125,47.683333,7.133333,1.12
Est,42,Alsace,Strasbourg,68,Haut-Rhin,Colmar,3,Heidwiller,68720,68127,47.666667,7.25,0.74
Est,42,Alsace,Strasbourg,68,Haut-Rhin,Colmar,3,Heimersdorf,68560,68128,47.566667,7.25,1.28
Est,42,Alsace,Strasbourg,68,Haut-Rhin,Colmar,3,Heiwiller,68130,68131,47.616667,7.316667,1.01
Est,42,Alsace,Strasbourg,68,Haut-Rhin,Colmar,3,Henflingen,68960,68133,47.566667,7.3,1.28
Est,42,Alsace,Strasbourg,68,Haut-Rhin,Colmar,3,Hindlingen,68580,68137,47.566667,7.133333,1.31
Est,42,Alsace,Strasbourg,68,Haut-Rhin,Colmar,3,Hirsingue,68560,68138,47.583333,7.25,1.19
Est,42,Alsace,Strasbourg,68,Haut-Rhin,Colmar,3,Hirtzbach,68118,68139,47.6,7.216667,1.1
Est,42,Alsace,Strasbourg,68,Haut-Rhin,Colmar,3,Hochstatt,68720,68141,47.716667,7.283333,1.42
Est,42,Alsace,Strasbourg,68,Haut-Rhin,Colmar,3,Hundsbach,68130,68148,47.6,7.333333,1.1
Est,42,Alsace,Strasbourg,68,Haut-Rhin,Colmar,3,Husseren-Wesserling,68470,68151,47.883333,6.983333,2.3
Est,42,Alsace,Strasbourg,68,Haut-Rhin,Colmar,3,Illfurth,68720,68152,47.666667,7.266667,0.74
Est,42,Alsace,Strasbourg,68,Haut-Rhin,Colmar,3,Jettingen,68130,68158,47.6,7.366667,1.37
Est,42,Alsace,Strasbourg,68,Haut-Rhin,Colmar,3,Kiffis,68480,68165,47.433333,7.366667,2.01
Est,42,Alsace,Strasbourg,68,Haut-Rhin,Colmar,3,Kirchberg,68290,68167,47.8,6.966667,2.43
Est,42,Alsace,Strasbourg,68,Haut-Rhin,Colmar,3,Koestlach,68480,68169,47.5,7.283333,1.65
Est,42,Alsace,Strasbourg,68,Haut-Rhin,Colmar,3,Kruth,68820,68171,47.933333,6.966667,2.43
Est,42,Alsace,Strasbourg,68,Haut-Rhin,Colmar,3,Largitzen,68580,68176,47.566667,7.183333,1.28
Est,42,Alsace,Strasbourg,68,Haut-Rhin,Colmar,3,Lauw,68290,68179,47.75,7.016667,2.03
Est,42,Alsace,Strasbourg,68,Haut-Rhin,Colmar,3,Leimbach,68800,68180,47.8,7.1,1.38
Est,42,Alsace,Strasbourg,68,Haut-Rhin,Colmar,3,Levoncourt,68480,68181,47.45,7.216667,1.92
Est,42,Alsace,Strasbourg,68,Haut-Rhin,Colmar,3,Liebsdorf,68480,68184,47.466667,7.233333,1.83
Est,42,Alsace,Strasbourg,68,Haut-Rhin,Colmar,3,Ligsdorf,68480,68186,47.466667,7.316667,1.83
Est,42,Alsace,Strasbourg,68,Haut-Rhin,Colmar,3,Linsdorf,68480,68187,47.5,7.383333,1.65
Est,42,Alsace,Strasbourg,68,Haut-Rhin,Colmar,3,Lucelle,68480,68190,,,
Est,42,Alsace,Strasbourg,68,Haut-Rhin,Colmar,3,Luemschwiller,68720,68191,47.65,7.3,1.45
Est,42,Alsace,Strasbourg,68,Haut-Rhin,Colmar,3,Lutter,68480,68194,47.466667,7.383333,1.83
Est,42,Alsace,Strasbourg,68,Haut-Rhin,Colmar,3,Magny,68210,68196,47.6,7.05,1.77
Est,42,Alsace,Strasbourg,68,Haut-Rhin,Colmar,3,Malmerspach,68550,68199,47.866667,7.033333,1.9
Est,42,Alsace,Strasbourg,68,Haut-Rhin,Colmar,3,Manspach,68210,68200,47.616667,7.1,1.38
Est,42,Alsace,Strasbourg,68,Haut-Rhin,Colmar,3,Masevaux,68290,68201,47.783333,7,2.16
Est,42,Alsace,Strasbourg,68,Haut-Rhin,Colmar,3,Mertzen,68210,68202,47.583333,7.133333,1.35
Est,42,Alsace,Strasbourg,68,Haut-Rhin,Colmar,3,Michelbach,68700,68206,47.766667,7.116667,1.56
Est,42,Alsace,Strasbourg,68,Haut-Rhin,Colmar,3,Mitzach,68470,68211,47.866667,7,2.16
Est,42,Alsace,Strasbourg,68,Haut-Rhin,Colmar,3,Moernach,68480,68212,47.5,7.25,1.65
Est,42,Alsace,Strasbourg,68,Haut-Rhin,Colmar,3,Mollau,68470,68213,47.866667,6.966667,2.43
Est,42,Alsace,Strasbourg,68,Haut-Rhin,Colmar,3,Montreux-Jeune,68210,68214,47.616667,7.033333,1.9
Est,42,Alsace,Strasbourg,68,Haut-Rhin,Colmar,3,Montreux-Vieux,68210,68215,47.616667,7.033333,1.9
Est,42,Alsace,Strasbourg,68,Haut-Rhin,Colmar,3,Moosch,68690,68217,47.866667,7.033333,1.9
Est,42,Alsace,Strasbourg,68,Haut-Rhin,Colmar,3,Mooslargue,68580,68216,,,
Est,42,Alsace,Strasbourg,68,Haut-Rhin,Colmar,3,Mortzwiller,68780,68219,47.75,7.033333,1.9
Est,42,Alsace,Strasbourg,68,Haut-Rhin,Colmar,3,Muespach,68640,68221,,,
Est,42,Alsace,Strasbourg,68,Haut-Rhin,Colmar,3,Muespach-le-Haut,68640,68222,47.55,7.416667,1.69
Est,42,Alsace,Strasbourg,68,Haut-Rhin,Colmar,3,Niederbruck,68290,68233,47.783333,6.966667,2.43
Est,42,Alsace,Strasbourg,68,Haut-Rhin,Colmar,3,Oberbruck,68290,68239,47.8,6.95,2.56
Est,42,Alsace,Strasbourg,68,Haut-Rhin,Colmar,3,Oberdorf,68960,68240,47.566667,7.316667,1.28
Est,42,Alsace,Strasbourg,68,Haut-Rhin,Colmar,3,Oberlarg,68480,68243,47.45,7.233333,1.92
Est,42,Alsace,Strasbourg,68,Haut-Rhin,Colmar,3,Obermorschwiller,68130,68245,47.65,7.316667,0.83
Est,42,Alsace,Strasbourg,68,Haut-Rhin,Colmar,3,Oderen,68830,68247,47.916667,6.983333,2.3
Est,42,Alsace,Strasbourg,68,Haut-Rhin,Colmar,3,Oltingue,68480,68248,47.483333,7.383333,1.74
Est,42,Alsace,Strasbourg,68,Haut-Rhin,Colmar,3,Pfetterhouse,68480,68257,47.5,7.166667,2.25
Est,42,Alsace,Strasbourg,68,Haut-Rhin,Colmar,3,Raedersdorf,68480,68259,47.466667,7.366667,1.83
Est,42,Alsace,Strasbourg,68,Haut-Rhin,Colmar,3,Rammersmatt,68800,68261,47.8,7.066667,1.64
Est,42,Alsace,Strasbourg,68,Haut-Rhin,Colmar,3,Ranspach,68470,68262,47.883333,7.016667,2.03
Est,42,Alsace,Strasbourg,68,Haut-Rhin,Colmar,3,Retzwiller,68210,68268,47.633333,7.1,1.38
Est,42,Alsace,Strasbourg,68,Haut-Rhin,Colmar,3,Riespach,68640,68273,47.55,7.283333,1.38
Est,42,Alsace,Strasbourg,68,Haut-Rhin,Colmar,3,Rimbach-près-Masevaux,68290,68275,47.833333,6.95,2.56
Est,42,Alsace,Strasbourg,68,Haut-Rhin,Colmar,3,Roderen,68800,68279,47.783333,7.083333,1.51
Est,42,Alsace,Strasbourg,68,Haut-Rhin,Colmar,3,Romagny,68210,68282,47.616667,7.066667,1.64
Est,42,Alsace,Strasbourg,68,Haut-Rhin,Colmar,3,Roppentzwiller,68480,68284,47.55,7.333333,1.38
Est,42,Alsace,Strasbourg,68,Haut-Rhin,Colmar,3,Ruederbach,68560,68288,47.566667,7.266667,1.28
Est,42,Alsace,Strasbourg,68,Haut-Rhin,Colmar,3,Saint-Amarin,68550,68292,47.883333,7.016667,2.03
Est,42,Alsace,Strasbourg,68,Haut-Rhin,Colmar,3,Saint-Bernard,68720,68081,,,
Est,42,Alsace,Strasbourg,68,Haut-Rhin,Colmar,3,Saint-Cosme,68210,68293,47.683333,7.066667,1.64
Est,42,Alsace,Strasbourg,68,Haut-Rhin,Colmar,3,Saint-Ulrich,68210,68299,47.6,7.116667,1.25
Est,42,Alsace,Strasbourg,68,Haut-Rhin,Colmar,3,Schwoben,68130,68303,47.616667,7.3,1.01
Est,42,Alsace,Strasbourg,68,Haut-Rhin,Colmar,3,Sentheim,68780,68304,47.75,7.066667,1.64
Est,42,Alsace,Strasbourg,68,Haut-Rhin,Colmar,3,Seppois-le-Bas,68580,68305,47.55,7.166667,1.38
Est,42,Alsace,Strasbourg,68,Haut-Rhin,Colmar,3,Seppois-le-Haut,68580,68306,47.516667,7.183333,1.56
Est,42,Alsace,Strasbourg,68,Haut-Rhin,Colmar,3,Sewen,68290,68307,47.8,6.9,2.95
Est,42,Alsace,Strasbourg,68,Haut-Rhin,Colmar,3,Sickert,68290,68308,47.783333,6.983333,2.3
Est,42,Alsace,Strasbourg,68,Haut-Rhin,Colmar,3,Sondersdorf,68480,68312,47.483333,7.35,1.74
Est,42,Alsace,Strasbourg,68,Haut-Rhin,Colmar,3,Soppe-le-Bas,68780,68313,47.716667,7.083333,1.51
Est,42,Alsace,Strasbourg,68,Haut-Rhin,Colmar,3,Soppe-le-Haut,68780,68314,47.733333,7.066667,1.64
Est,42,Alsace,Strasbourg,68,Haut-Rhin,Colmar,3,Spechbach-le-Bas,68720,68319,47.666667,7.233333,0.74
Est,42,Alsace,Strasbourg,68,Haut-Rhin,Colmar,3,Spechbach-le-Haut,68720,68320,47.683333,7.216667,1.13
Est,42,Alsace,Strasbourg,68,Haut-Rhin,Colmar,3,Steinsoultz,68640,68325,47.55,7.35,1.38
Est,42,Alsace,Strasbourg,68,Haut-Rhin,Colmar,3,Sternenberg,68780,68326,47.7,7.1,1.38
Est,42,Alsace,Strasbourg,68,Haut-Rhin,Colmar,3,Storckensohn,68470,68328,47.883333,6.95,2.56
Est,42,Alsace,Strasbourg,68,Haut-Rhin,Colmar,3,Strueth,68580,68330,47.583333,7.133333,1.59
Est,42,Alsace,Strasbourg,68,Haut-Rhin,Colmar,3,Tagolsheim,68720,68332,47.65,7.266667,0.83
Est,42,Alsace,Strasbourg,68,Haut-Rhin,Colmar,3,Tagsdorf,68130,68333,47.633333,7.3,0.92
Est,42,Alsace,Strasbourg,68,Haut-Rhin,Colmar,3,Thann,68800,68334,47.816667,7.083333,1.51
Est,42,Alsace,Strasbourg,68,Haut-Rhin,Colmar,3,Traubach-le-Bas,68210,68336,47.666667,7.1,1.38
Est,42,Alsace,Strasbourg,68,Haut-Rhin,Colmar,3,Traubach-le-Haut,68210,68337,47.666667,7.1,1.38
Est,42,Alsace,Strasbourg,68,Haut-Rhin,Colmar,3,Ueberstrass,68580,68340,47.55,7.166667,1.38
Est,42,Alsace,Strasbourg,68,Haut-Rhin,Colmar,3,Urbès,68121,68344,47.883333,6.95,2.56
Est,42,Alsace,Strasbourg,68,Haut-Rhin,Colmar,3,Valdieu-Lutran,68210,68192,,,
Est,42,Alsace,Strasbourg,68,Haut-Rhin,Colmar,3,Vieux-Ferrette,68480,68347,47.5,7.3,1.65
Est,42,Alsace,Strasbourg,68,Haut-Rhin,Colmar,3,Vieux-Thann,68800,68348,47.8,7.133333,1.78
Est,42,Alsace,Strasbourg,68,Haut-Rhin,Colmar,3,Waldighoffen,68640,68355,47.55,7.316667,1.38
Est,42,Alsace,Strasbourg,68,Haut-Rhin,Colmar,3,Walheim,68130,68356,47.65,7.266667,1.2
Est,42,Alsace,Strasbourg,68,Haut-Rhin,Colmar,3,Wegscheid,68290,68361,47.8,6.95,2.56
Est,42,Alsace,Strasbourg,68,Haut-Rhin,Colmar,3,Werentzhouse,68480,68363,47.516667,7.35,1.56
Est,42,Alsace,Strasbourg,68,Haut-Rhin,Colmar,3,Wildenstein,68820,68370,47.983333,6.966667,2.43
Est,42,Alsace,Strasbourg,68,Haut-Rhin,Colmar,3,Willer,68960,68371,47.583333,7.316667,1.4
Est,42,Alsace,Strasbourg,68,Haut-Rhin,Colmar,3,Willer-sur-Thur,68760,68372,47.85,7.083333,1.51
Est,42,Alsace,Strasbourg,68,Haut-Rhin,Colmar,3,Winkel,68480,68373,47.466667,7.266667,1.83
Est,42,Alsace,Strasbourg,68,Haut-Rhin,Colmar,3,Wittersdorf,68130,68377,47.616667,7.283333,1.01
Est,42,Alsace,Strasbourg,68,Haut-Rhin,Colmar,3,Wolfersdorf,68210,68378,47.633333,7.116667,1.25
Est,42,Alsace,Strasbourg,68,Haut-Rhin,Colmar,3,Wolschwiller,68480,68380,47.466667,7.4,1.83
Est,42,Alsace,Strasbourg,68,Haut-Rhin,Colmar,4,Attenschwiller,68220,68013,47.566667,7.466667,1.51
Est,42,Alsace,Strasbourg,68,Haut-Rhin,Colmar,4,Bartenheim,68870,68021,47.633333,7.466667,1.51
Est,42,Alsace,Strasbourg,68,Haut-Rhin,Colmar,4,Blotzheim,68730,68042,47.6,7.483333,1.64
Est,42,Alsace,Strasbourg,68,Haut-Rhin,Colmar,4,Brinckheim,68870,68054,47.633333,7.45,1.38
Est,42,Alsace,Strasbourg,68,Haut-Rhin,Colmar,4,Buschwiller,68220,68061,47.566667,7.516667,1.9
Est,42,Alsace,Strasbourg,68,Haut-Rhin,Colmar,4,Dietwiller,68440,68072,47.7,7.416667,1.11
Est,42,Alsace,Strasbourg,68,Haut-Rhin,Colmar,4,Eschentzwiller,68440,68084,47.716667,7.4,0.98
Est,42,Alsace,Strasbourg,68,Haut-Rhin,Colmar,4,Folgensbourg,68220,68094,47.55,7.45,1.38
Est,42,Alsace,Strasbourg,68,Haut-Rhin,Colmar,4,Geispitzen,68510,68103,47.666667,7.416667,1.11
Est,42,Alsace,Strasbourg,68,Haut-Rhin,Colmar,4,Habsheim,68440,68118,47.733333,7.416667,1.67
Est,42,Alsace,Strasbourg,68,Haut-Rhin,Colmar,4,Hagenthal-le-Bas,68220,68120,47.516667,7.466667,1.56
Est,42,Alsace,Strasbourg,68,Haut-Rhin,Colmar,4,Hagenthal-le-Haut,68220,68121,47.516667,7.466667,1.56
Est,42,Alsace,Strasbourg,68,Haut-Rhin,Colmar,4,Hégenheim,68220,68126,47.566667,7.533333,2.03
Est,42,Alsace,Strasbourg,68,Haut-Rhin,Colmar,4,Helfrantzkirch,68510,68132,47.6,7.416667,1.4
Est,42,Alsace,Strasbourg,68,Haut-Rhin,Colmar,4,Hésingue,68220,68135,47.583333,7.516667,1.9
Est,42,Alsace,Strasbourg,68,Haut-Rhin,Colmar,4,Huningue,68330,68149,47.6,7.583333,2.42
Est,42,Alsace,Strasbourg,68,Haut-Rhin,Colmar,4,Kappelen,68510,68160,47.616667,7.433333,1.24
Est,42,Alsace,Strasbourg,68,Haut-Rhin,Colmar,4,Kembs,68680,68163,47.683333,7.5,1.77
Est,42,Alsace,Strasbourg,68,Haut-Rhin,Colmar,4,Knoeringue,68220,68168,47.566667,7.4,1.63
Est,42,Alsace,Strasbourg,68,Haut-Rhin,Colmar,4,Koetzingue,68510,68170,47.65,7.383333,1.03
Est,42,Alsace,Strasbourg,68,Haut-Rhin,Colmar,4,Landser,68440,68174,47.683333,7.383333,0.85
Est,42,Alsace,Strasbourg,68,Haut-Rhin,Colmar,4,Leymen,68220,68182,47.483333,7.483333,1.74
Est,42,Alsace,Strasbourg,68,Haut-Rhin,Colmar,4,Liebenswiller,68220,68183,47.5,7.45,1.65
Est,42,Alsace,Strasbourg,68,Haut-Rhin,Colmar,4,Magstatt-le-Bas,68510,68197,47.633333,7.4,0.98
Est,42,Alsace,Strasbourg,68,Haut-Rhin,Colmar,4,Magstatt-le-Haut,68510,68198,47.633333,7.383333,1.02
Est,42,Alsace,Strasbourg,68,Haut-Rhin,Colmar,4,Michelbach-le-Bas,68730,68207,47.6,7.45,1.38
Est,42,Alsace,Strasbourg,68,Haut-Rhin,Colmar,4,Michelbach-le-Haut,68220,68208,47.566667,7.433333,1.28
Est,42,Alsace,Strasbourg,68,Haut-Rhin,Colmar,4,Neuwiller,68220,68232,47.516667,7.516667,1.9
Est,42,Alsace,Strasbourg,68,Haut-Rhin,Colmar,4,Ranspach-le-Bas,68730,68263,47.583333,7.45,1.38
Est,42,Alsace,Strasbourg,68,Haut-Rhin,Colmar,4,Ranspach-le-Haut,68220,68264,47.583333,7.416667,1.46
Est,42,Alsace,Strasbourg,68,Haut-Rhin,Colmar,4,Rantzwiller,68510,68265,47.65,7.366667,1.58
Est,42,Alsace,Strasbourg,68,Haut-Rhin,Colmar,4,Riedisheim,68400,68271,47.75,7.366667,0.72
Est,42,Alsace,Strasbourg,68,Haut-Rhin,Colmar,4,Rixheim,68170,68278,47.766667,7.4,0.98
Est,42,Alsace,Strasbourg,68,Haut-Rhin,Colmar,4,Rosenau,68128,68286,47.633333,7.533333,2.03
Est,42,Alsace,Strasbourg,68,Haut-Rhin,Colmar,4,Saint-Louis,68300,68297,47.583333,7.566667,2.29
Est,42,Alsace,Strasbourg,68,Haut-Rhin,Colmar,4,Schlierbach,68440,68301,47.683333,7.4,0.98
Est,42,Alsace,Strasbourg,68,Haut-Rhin,Colmar,4,Sierentz,68510,68309,47.666667,7.466667,2.06
Est,42,Alsace,Strasbourg,68,Haut-Rhin,Colmar,4,Steinbrunn-le-Bas,68440,68323,47.675,7.366667,-1
Est,42,Alsace,Strasbourg,68,Haut-Rhin,Colmar,4,Steinbrunn-le-Haut,68440,68324,47.666667,7.35,1.72
Est,42,Alsace,Strasbourg,68,Haut-Rhin,Colmar,4,Stetten,68510,68327,47.633333,7.416667,1.11
Est,42,Alsace,Strasbourg,68,Haut-Rhin,Colmar,4,Uffheim,68510,68341,47.65,7.433333,1.24
Est,42,Alsace,Strasbourg,68,Haut-Rhin,Colmar,4,Village-Neuf,68128,68349,47.6,7.566667,2.29
Est,42,Alsace,Strasbourg,68,Haut-Rhin,Colmar,4,Wahlbach,68130,68353,47.633333,7.35,0.97
Est,42,Alsace,Strasbourg,68,Haut-Rhin,Colmar,4,Waltenheim,68510,68357,47.65,7.416667,1.11
Est,42,Alsace,Strasbourg,68,Haut-Rhin,Colmar,4,Wentzwiller,68220,68362,47.55,7.483333,1.64
Est,42,Alsace,Strasbourg,68,Haut-Rhin,Colmar,4,Zaessingue,68130,68382,47.616667,7.366667,1.3
Est,42,Alsace,Strasbourg,68,Haut-Rhin,Colmar,4,Zimmersheim,68440,68386,47.716667,7.383333,0.85
Est,42,Alsace,Strasbourg,68,Haut-Rhin,Colmar,5,Bruebach,68440,68055,47.7,7.366667,0.74
Est,42,Alsace,Strasbourg,68,Haut-Rhin,Colmar,5,Brunstatt,68350,68056,47.716667,7.316667,1
Est,42,Alsace,Strasbourg,68,Haut-Rhin,Colmar,5,Didenheim,68350,68070,47.716667,7.3,1
Est,42,Alsace,Strasbourg,68,Haut-Rhin,Colmar,5,Flaxlanden,68720,68093,47.7,7.316667,1.88
Est,42,Alsace,Strasbourg,68,Haut-Rhin,Colmar,5,Galfingue,68990,68101,47.7,7.216667,1
Est,42,Alsace,Strasbourg,68,Haut-Rhin,Colmar,5,Heimsbrunn,68990,68129,47.733333,7.233333,1
Est,42,Alsace,Strasbourg,68,Haut-Rhin,Colmar,5,Morschwiller-le-Bas,68790,68218,47.75,7.266667,0.28
Est,42,Alsace,Strasbourg,68,Haut-Rhin,Colmar,5,Mulhouse,68100,68224,47.75,7.333333,0.46
Est,42,Alsace,Strasbourg,68,Haut-Rhin,Colmar,5,Zillisheim,68720,68384,47.683333,7.266667,0.64
Est,42,Alsace,Strasbourg,68,Haut-Rhin,Colmar,6,Baldersheim,68390,68015,47.8,7.366667,0.72
Est,42,Alsace,Strasbourg,68,Haut-Rhin,Colmar,6,Bantzenheim,68490,68020,47.833333,7.5,1.77
Est,42,Alsace,Strasbourg,68,Haut-Rhin,Colmar,6,Battenheim,68390,68022,47.833333,7.383333,1.48
Est,42,Alsace,Strasbourg,68,Haut-Rhin,Colmar,6,Chalampé,68490,68064,47.816667,7.55,2.16
Est,42,Alsace,Strasbourg,68,Haut-Rhin,Colmar,6,Hombourg,68490,68144,47.766667,7.5,1.77
Est,42,Alsace,Strasbourg,68,Haut-Rhin,Colmar,6,Illzach,68110,68154,47.783333,7.333333,0.46
Est,42,Alsace,Strasbourg,68,Haut-Rhin,Colmar,6,Kingersheim,68260,68166,47.8,7.333333,0.46
Est,42,Alsace,Strasbourg,68,Haut-Rhin,Colmar,6,Lutterbach,68460,68195,47.766667,7.283333,0.19
Est,42,Alsace,Strasbourg,68,Haut-Rhin,Colmar,6,Mulhouse,68100,68224,47.75,7.333333,0.46
Est,42,Alsace,Strasbourg,68,Haut-Rhin,Colmar,6,Niffer,68680,68238,47.716667,7.516667,1.9
Est,42,Alsace,Strasbourg,68,Haut-Rhin,Colmar,6,Ottmarsheim,68490,68253,47.783333,7.5,1.77
Est,42,Alsace,Strasbourg,68,Haut-Rhin,Colmar,6,Petit-Landau,68490,68254,47.716667,7.516667,1.9
Est,42,Alsace,Strasbourg,68,Haut-Rhin,Colmar,6,Pfastatt,68120,68256,47.783333,7.3,1
Est,42,Alsace,Strasbourg,68,Haut-Rhin,Colmar,6,Reiningue,68950,68267,47.75,7.233333,0.33
Est,42,Alsace,Strasbourg,68,Haut-Rhin,Colmar,6,Richwiller,68120,68270,47.783333,7.283333,1
Est,42,Alsace,Strasbourg,68,Haut-Rhin,Colmar,6,Ruelisheim,68270,68289,47.833333,7.366667,1
Est,42,Alsace,Strasbourg,68,Haut-Rhin,Colmar,6,Sausheim,68390,68300,47.783333,7.366667,1.13
Est,42,Alsace,Strasbourg,68,Haut-Rhin,Colmar,6,Wittenheim,68270,68376,47.816667,7.333333,1
Est,42,Alsace,Strasbourg,68,Haut-Rhin,Colmar,7,Aspach-le-Bas,68700,68011,47.766667,7.15,1.14
Est,42,Alsace,Strasbourg,68,Haut-Rhin,Colmar,7,Bergholtz,68500,68029,47.916667,7.25,0.93
Est,42,Alsace,Strasbourg,68,Haut-Rhin,Colmar,7,Bergholtz-zell,68500,68030,47.933333,7.233333,0.96
Est,42,Alsace,Strasbourg,68,Haut-Rhin,Colmar,7,Bernwiller,68210,68031,47.7,7.183333,1.82
Est,42,Alsace,Strasbourg,68,Haut-Rhin,Colmar,7,Berrwiller,68500,68032,47.85,7.216667,1.13
Est,42,Alsace,Strasbourg,68,Haut-Rhin,Colmar,7,Biltzheim,68250,68037,,,
Est,42,Alsace,Strasbourg,68,Haut-Rhin,Colmar,7,Blodelsheim,68740,68041,47.9,7.533333,2.03
Est,42,Alsace,Strasbourg,68,Haut-Rhin,Colmar,7,Bollwiller,68540,68043,47.866667,7.25,1
Est,42,Alsace,Strasbourg,68,Haut-Rhin,Colmar,7,Buhl,68530,68058,47.933333,7.183333,1
Est,42,Alsace,Strasbourg,68,Haut-Rhin,Colmar,7,Burnhaupt-le-Bas,68520,68059,47.716667,7.166667,1
Est,42,Alsace,Strasbourg,68,Haut-Rhin,Colmar,7,Burnhaupt-le-Haut,68520,68060,47.733333,7.15,1
Est,42,Alsace,Strasbourg,68,Haut-Rhin,Colmar,7,Cernay,68700,68063,47.816667,7.166667,0.85
Est,42,Alsace,Strasbourg,68,Haut-Rhin,Colmar,7,Ensisheim,68190,68082,47.866667,7.35,1.42
Est,42,Alsace,Strasbourg,68,Haut-Rhin,Colmar,7,Feldkirch,68540,68088,47.866667,7.283333,1
Est,42,Alsace,Strasbourg,68,Haut-Rhin,Colmar,7,Fessenheim,68740,68091,47.916667,7.533333,2.03
Est,42,Alsace,Strasbourg,68,Haut-Rhin,Colmar,7,Guebwiller,68500,68112,47.916667,7.2,0.63
Est,42,Alsace,Strasbourg,68,Haut-Rhin,Colmar,7,Hartmannswiller,68500,68122,47.866667,7.216667,0.73
Est,42,Alsace,Strasbourg,68,Haut-Rhin,Colmar,7,Hirtzfelden,68740,68140,47.916667,7.45,1.38
Est,42,Alsace,Strasbourg,68,Haut-Rhin,Colmar,7,Issenheim,68500,68156,47.9,7.266667,1.2
Est,42,Alsace,Strasbourg,68,Haut-Rhin,Colmar,7,Jungholtz,68500,68159,47.883333,7.183333,0.86
Est,42,Alsace,Strasbourg,68,Haut-Rhin,Colmar,7,Lautenbach,68610,68177,47.95,7.15,1.14
Est,42,Alsace,Strasbourg,68,Haut-Rhin,Colmar,7,Lautenbach-zell,68610,68178,47.933333,7.15,0.98
Est,42,Alsace,Strasbourg,68,Haut-Rhin,Colmar,7,Linthal,68610,68188,47.933333,7.133333,1.14
Est,42,Alsace,Strasbourg,68,Haut-Rhin,Colmar,7,Merxheim,68500,68203,47.916667,7.283333,1.67
Est,42,Alsace,Strasbourg,68,Haut-Rhin,Colmar,7,Meyenheim,68890,68205,47.916667,7.35,1
Est,42,Alsace,Strasbourg,68,Haut-Rhin,Colmar,7,Munchhouse,68740,68225,47.866667,7.45,1.38
Est,42,Alsace,Strasbourg,68,Haut-Rhin,Colmar,7,Munwiller,68250,68228,47.916667,7.35,0.69
Est,42,Alsace,Strasbourg,68,Haut-Rhin,Colmar,7,Murbach,68530,68229,47.916667,7.166667,1
Est,42,Alsace,Strasbourg,68,Haut-Rhin,Colmar,7,Niederentzen,68250,68234,47.95,7.383333,0.85
Est,42,Alsace,Strasbourg,68,Haut-Rhin,Colmar,7,Niederhergheim,68250,68235,47.983333,7.4,1.21
Est,42,Alsace,Strasbourg,68,Haut-Rhin,Colmar,7,Oberentzen,68250,68241,47.95,7.383333,0.85
Est,42,Alsace,Strasbourg,68,Haut-Rhin,Colmar,7,Oberhergheim,68250,68242,47.966667,7.4,1.11
Est,42,Alsace,Strasbourg,68,Haut-Rhin,Colmar,7,Orschwihr,68500,68250,,,
Est,42,Alsace,Strasbourg,68,Haut-Rhin,Colmar,7,Pulversheim,68840,68258,47.85,7.3,0.27
Est,42,Alsace,Strasbourg,68,Haut-Rhin,Colmar,7,Raedersheim,68190,68260,47.883333,7.283333,1.36
Est,42,Alsace,Strasbourg,68,Haut-Rhin,Colmar,7,Réguisheim,68890,68266,47.9,7.35,1
Est,42,Alsace,Strasbourg,68,Haut-Rhin,Colmar,7,Rimbach-près-Guebwiller,68500,68274,47.9,7.15,1.6
Est,42,Alsace,Strasbourg,68,Haut-Rhin,Colmar,7,Rimbach-zell,68500,68276,47.9,7.183333,0.8
Est,42,Alsace,Strasbourg,68,Haut-Rhin,Colmar,7,Roggenhouse,68740,68281,47.883333,7.466667,1.51
Est,42,Alsace,Strasbourg,68,Haut-Rhin,Colmar,7,Rumersheim-le-Haut,68740,68291,47.85,7.516667,1.9
Est,42,Alsace,Strasbourg,68,Haut-Rhin,Colmar,7,Rustenhart,68740,68290,47.933333,7.45,1.38
Est,42,Alsace,Strasbourg,68,Haut-Rhin,Colmar,7,Schweighouse-Thann,68520,68302,,,
Est,42,Alsace,Strasbourg,68,Haut-Rhin,Colmar,7,Soultz-Haut-Rhin,68360,68315,47.883333,7.233333,0.45
Est,42,Alsace,Strasbourg,68,Haut-Rhin,Colmar,7,Staffelfelden,68850,68321,47.816667,7.25,0.2
Est,42,Alsace,Strasbourg,68,Haut-Rhin,Colmar,7,Steinbach,68700,68322,47.816667,7.15,0.98
Est,42,Alsace,Strasbourg,68,Haut-Rhin,Colmar,7,Uffholtz,68700,68342,47.816667,7.166667,0.85
Est,42,Alsace,Strasbourg,68,Haut-Rhin,Colmar,7,Ungersheim,68190,68343,47.883333,7.316667,0.45
Est,42,Alsace,Strasbourg,68,Haut-Rhin,Colmar,7,Wattwiller,68700,68359,47.85,7.166667,1.62
Est,42,Alsace,Strasbourg,68,Haut-Rhin,Colmar,7,Wittelsheim,68310,68375,47.816667,7.25,0.2
Est,42,Alsace,Strasbourg,68,Haut-Rhin,Colmar,7,Wuenheim,68500,68381,47.883333,7.2,0.59
