"","nom_commune","HTP","CH.Haguenau","CH.Colmar","CH.Mulhouse","CH.Belfort","CH.Epinal","Bar.le.Duc","CH.Forbach","CH.Metz..Mercy.","CHU.Nancy..Central.","choix","choix2"
"742","Bartenheim",75.8,94.7,37.4,21.3,42,104.8,197.9,139.6,160.4,143,"CH.Mulhouse","CH.Mulhouse"
"72","Diebolsheim",38.1,56.9,44,65.9,84.1,116.3,181.4,104.6,125.3,126.4,"HTP","HTP"
"315","Rauwiller",49.1,45.2,91.1,114.2,132.4,100.1,125.5,47.6,68.4,70.6,"CH.Haguenau","CH.Forbach"
"682","Moosch",88.4,107.3,43.5,30.7,37.9,65.5,160.5,152.2,141.7,104.3,"CH.Mulhouse","CH.Mulhouse"
"1","Strasbourg",6.4,23,52.5,75.6,93.8,121.7,153.1,70.7,91.4,98.2,"HTP","HTP"
"60","Bernardswiller",23.2,42.1,35.5,58.6,76.8,104.7,168.3,85.9,106.6,113.4,"HTP","HTP"
"81","Gerstheim",25.7,44.6,46.4,69.5,87.7,115.6,174.7,92.2,113,119.7,"HTP","HTP"
"104","Meistratzheim",21.5,40.3,38.8,61.9,80.1,108,167.7,85.3,106,112.8,"HTP","HTP"
"152","Dachstein",18.8,38.8,45.6,68.7,86.9,114.6,155.5,73.1,93.8,100.6,"HTP","HTP"
"158","Duttlenheim",17.1,36,38,61.1,79.3,107.2,163.7,81.2,102,108.7,"HTP","HTP"
"163","Fouday",48.6,67.4,52.9,76,94.2,79,136.2,102.8,117.4,81.2,"HTP","HTP"
"166","Gresswiller",25.1,44,45.5,68.5,86.8,106.1,161.2,78.8,99.5,106.3,"HTP","HTP"
"174","Marlenheim",16.5,36.5,52.1,75.2,93.4,119,147.1,64.7,85.4,92.2,"HTP","HTP"
"184","Oberhaslach",33.8,52.7,54.2,77.3,95.5,102.7,159.9,79.4,100.1,104.9,"HTP","HTP"
"191","Rothau",43.5,62.3,58.5,81.6,99.8,85.1,142.3,97.7,118.5,87.4,"HTP","HTP"
"201","Solbach",51.2,70.1,55.5,78.6,96.8,82.6,139.8,105.5,121,84.8,"HTP","HTP"
"207","Triembach-au-Val",37.3,56.2,29.4,52.5,70.7,88,153.1,101.2,121.9,98.1,"CH.Colmar","CH.Colmar"
"228","Bischholtz",43,29.9,89.1,112.2,130.4,133.2,158.7,73.9,94.7,103.7,"CH.Haguenau","HTP"
"233","Bust",45.6,41.7,87.6,110.7,128.9,106.1,131.5,42.6,63.4,76.6,"CH.Haguenau","CH.Forbach"
"245","Durstel",52.4,48.5,94.4,117.5,135.7,112.9,138.4,40.6,61.3,83.4,"CH.Forbach","CH.Forbach"
"273","Hohengoeft",24.8,30.6,59,82.1,100.3,117,142.4,60,80.8,87.5,"HTP","HTP"
"274","Hohfrankenheim",22.7,19.9,71,94.1,112.3,118.3,143.7,61.3,82,88.8,"CH.Haguenau","HTP"
"322","Ringendorf",27.5,23.4,73.6,96.7,114.9,120.2,145.6,63.2,83.9,90.7,"CH.Haguenau","HTP"
"330","Schaffhouse-sur-Zorn",21.5,20.6,70.6,93.6,111.9,117.9,143.3,60.9,81.7,88.4,"CH.Haguenau","HTP"
"338","Siltzheim",64.9,61,106.9,130,148.2,127.8,134.2,25,53.7,90.8,"CH.Forbach","CH.Forbach"
"344","Uttwiller",32.1,28.2,78.2,101.3,119.5,120.3,145.8,62.8,83.6,90.8,"CH.Haguenau","HTP"
"347","Waldhambach",58.9,54.9,101.2,124.3,142.5,119.7,145.2,44.3,65,90.2,"CH.Forbach","CH.Forbach"
"362","Zittersheim",52.7,48.8,98.8,121.9,140.1,123.8,149.2,57.4,78.2,94.3,"CH.Haguenau","HTP"
"378","Gumbrechtshoffen",36,20.3,82.1,105.2,123.4,131.8,157.3,74.8,95.6,102.3,"CH.Haguenau","HTP"
"385","Ingolsheim",43.6,25.8,89.7,112.8,131,143.6,169.1,86.6,107.4,114.1,"CH.Haguenau","HTP"
"390","Lampertsloch",43.5,25.7,89.6,112.7,130.9,143.6,169,86.4,107.3,114.1,"CH.Haguenau","HTP"
"419","Rothbach",41.9,30.7,88,111,129.3,130.9,156.4,71.4,92.1,101.4,"CH.Haguenau","HTP"
"422","Schaffhouse-près-Seltz",32.3,29.2,78.4,101.5,119.7,141.3,166.8,84.3,105.1,111.8,"CH.Haguenau","HTP"
"466","Kaltenhouse",28.2,9.8,74.3,97.4,115.6,128.5,153.9,71.5,92.2,99,"CH.Haguenau","HTP"
"491","Stattmatten",28.1,25,74.2,97.3,115.5,137.1,162.6,80.2,100.9,107.7,"CH.Haguenau","HTP"
"512","Grussenheim",52.1,70.9,18.9,40.8,59.1,103.6,174.2,115.9,136.6,119.2,"CH.Colmar","CH.Colmar"
"533","Aubure",58.9,77.8,30.2,56.9,74.4,87,152.1,122.7,133.3,97.1,"CH.Colmar","CH.Colmar"
"543","Guémar",38.8,57.6,15.3,38.4,56.6,95.8,160.8,102.6,123.3,105.9,"CH.Colmar","CH.Colmar"
"559","Lièpvre",43.7,62.5,30.5,53.6,71.8,76.1,141.1,107.5,122.4,86.2,"CH.Colmar","CH.Colmar"
"561","Metzeral",73,91.9,27,57.7,69.7,79.2,173.6,136.9,154.9,117.4,"CH.Colmar","CH.Colmar"
"574","Rombach-le-Franc",46.8,65.6,33.6,56.7,74.9,79.8,144.8,110.6,126.1,89.9,"CH.Colmar","CH.Colmar"
"575","Rorschwihr",39.2,58,19.5,42.6,60.8,90.9,156,103,123.8,101,"CH.Colmar","CH.Colmar"
"577","Sainte-Croix-aux-Mines",50.5,69.3,37.3,60.4,78.6,74.2,139.3,114.3,120.5,84.3,"CH.Colmar","CH.Colmar"
"582","Soultzbach-les-Bains",61.1,79.9,15,45.7,57.7,79.4,173.8,124.9,145.6,117.6,"CH.Colmar","CH.Colmar"
"596","Altenach",90.6,109.4,48.8,29.8,26.2,99.4,194.4,154.4,175.2,138.2,"CH.Belfort","CH.Belfort"
"625","Eglingen",83.5,102.4,41.8,22.4,27.3,93.5,188.5,147.4,168.1,132.3,"CH.Mulhouse","CH.Mulhouse"
"688","Oberlarg",107.1,126,68.7,46.3,49.6,114.6,209.7,170.9,190.9,153.5,"CH.Mulhouse","CH.Mulhouse"
"716","Spechbach-le-Haut",81.1,100,39.4,17.8,24.9,91.1,186.1,145,165.7,129.9,"CH.Mulhouse","CH.Mulhouse"
"760","Koetzingue",83.1,101.9,44.7,13.5,41.3,103.5,198.6,146.9,167.6,142.4,"CH.Mulhouse","CH.Mulhouse"
"819","Berrwiller",71,89.9,26.1,22.5,29.9,86.5,181.5,134.9,155.6,125.3,"CH.Mulhouse","CH.Mulhouse"
"830","Hartmannswiller",70,88.9,25,21.5,31,87.5,182.5,133.8,154.6,126.3,"CH.Mulhouse","CH.Mulhouse"
"839","Munchhouse",66.2,85,27.8,24.9,43.2,105.9,188.3,130,150.7,133.3,"CH.Mulhouse","CH.Mulhouse"
"843","Niederhergheim",53.3,72.2,14.9,26.6,44.8,100.3,175.4,117.1,137.9,120.5,"CH.Colmar","CH.Colmar"
"16","Entzheim",13.6,32.8,41.9,64.9,83.2,111,162.8,80.4,101.1,107.9,"HTP","HTP"
"28","Innenheim",14.6,33.5,43.1,66.2,84.4,112.3,163.5,81.1,101.8,108.6,"HTP","HTP"
"36","Mittelhausbergen",5.9,23.1,55,78.1,96.3,124.2,153.2,70.7,91.5,98.2,"HTP","HTP"
"47","Reichstett",10,18.4,56.1,79.2,97.4,123.1,148.5,66.1,86.8,93.6,"HTP","HTP"
"55","Wolfisheim",6.9,27,48.4,71.5,89.7,117.6,157,74.6,95.3,102.1,"HTP","HTP"
"56","Artolsheim",47.4,66.2,30.6,52.5,70.7,104.3,169.4,111.2,132,114.5,"CH.Colmar","CH.Colmar"
"70","Dambach-la-Ville",36.7,55.5,31.6,54.7,72.9,97.7,162.8,100.5,121.3,107.9,"CH.Colmar","CH.Colmar"
"83","Goxwiller",21.3,40.1,32.4,55.5,73.7,101.6,166.7,85.1,105.8,111.7,"HTP","HTP"
"87","Hessenheim",44,62.9,30.3,53.4,71.6,101,166.1,107.9,128.6,111.1,"CH.Colmar","CH.Colmar"
"89","Hindisheim",18.2,37,42.5,65.6,83.8,111.7,167.1,84.6,105.4,112.1,"HTP","HTP"
"90","Hipsheim",16.6,35.4,44.4,67.5,85.7,113.6,165.5,83.1,103.8,110.6,"HTP","HTP"
"91","Huttenheim",28.4,47.2,32.8,55.9,74.1,102,167.1,94.9,115.6,112.1,"HTP","HTP"
"97","Krautergersheim",16.9,35.7,37.2,60.2,78.5,106.3,165.8,83.3,104.1,110.8,"HTP","HTP"
"121","Saint-Pierre",24.7,43.5,31.2,54.2,72.5,100.4,165.4,88.5,109.2,110.5,"HTP","HTP"
"134","Wittisheim",42.8,61.6,36.6,59.7,77.9,105.8,170.9,106.6,127.4,116,"CH.Colmar","CH.Colmar"
"137","Altorf",20.9,39.7,40.4,63.5,81.7,109.6,159.9,77.4,98.2,104.9,"HTP","HTP"
"143","Bergbieten",26.6,46.6,52,75.1,93.3,110.5,154.1,71.6,92.4,99.1,"HTP","HTP"
"147","Bourg-Bruche",58.8,77.6,52.2,75.3,93.5,74.3,138.8,113.9,120.1,83.9,"CH.Colmar","CH.Colmar"
"171","Lalaye",43.2,62,36.6,59.7,77.9,83,148.1,107,127.8,93.1,"CH.Colmar","CH.Colmar"
"172","Lutzelhouse",34.5,53.4,54.9,78,96.2,93.8,150.7,88.3,109,95.8,"HTP","HTP"
"178","Mutzig",23.1,41.9,42.6,65.7,83.9,107.2,158.7,76.3,97,103.8,"HTP","HTP"
"180","Neubois",40.5,59.3,28.7,51.8,70,89.5,154.6,104.3,125,99.6,"CH.Colmar","CH.Colmar"
"185","Odratzheim",19.1,39.1,48.9,72,90.2,115.8,147.4,64.9,85.7,92.4,"HTP","HTP"
"190","Rosheim",23.7,42.5,40.6,63.7,81.9,109.8,163.4,81,101.8,108.5,"HTP","HTP"
"222","Altwiller",62.2,58.3,104.2,127.3,145.5,119,138.9,40.8,61.6,75.6,"CH.Forbach","CH.Forbach"
"236","Dehlingen",61.3,57.4,103.3,126.4,144.6,124.2,145.8,44.5,65.2,94.7,"CH.Forbach","CH.Forbach"
"237","Dettwiller",29.8,25.8,71.5,94.6,112.8,111.3,136.8,54.3,75.1,81.8,"CH.Haguenau","HTP"
"246","Eckartswiller",31.7,27.8,71.3,94.4,112.6,104.9,130.4,47.9,68.7,75.4,"CH.Haguenau","HTP"
"284","Lichtenberg",51.1,42.6,97.2,120.3,138.5,136.5,161.9,74,94.8,107,"CH.Haguenau","HTP"
"287","Lochwiller",30.6,32.6,64.6,87.7,105.9,112.2,137.7,55.2,76,82.7,"HTP","HTP"
"296","Minversheim",21.1,15.6,67.2,90.3,108.5,113.3,138.8,56.3,77.1,83.8,"CH.Haguenau","HTP"
"300","Neuwiller-lès-Saverne",37.3,33.4,77,100.1,118.3,113,138.4,56,76.7,83.5,"CH.Haguenau","HTP"
"302","Niedersoultzbach",33.3,29.3,79.4,102.4,120.7,120.8,146.3,61.6,82.4,91.4,"CH.Haguenau","HTP"
"303","Obersoultzbach",33.8,29.8,79.9,103,121.2,120.6,146,59.8,80.5,91.1,"CH.Haguenau","HTP"
"307","Ottwiller",48.9,45,90.9,114,132.2,109.4,134.9,41.1,61.8,79.9,"CH.Forbach","CH.Forbach"
"334","Schoenbourg",48.7,44.8,88.6,111.7,129.9,109.2,134.6,47.7,68.4,79.7,"CH.Haguenau","CH.Forbach"
"335","Schopperten",53.4,49.5,95.4,118.5,136.7,116.3,134.8,33.6,54.3,86.8,"CH.Forbach","CH.Forbach"
"348","Waldolwisheim",33.9,29.9,68.5,91.6,109.8,110,135.4,53,73.7,80.5,"CH.Haguenau","HTP"
"359","Wolschheim",28.4,31.7,62.6,85.7,103.9,111.3,136.7,54.3,75.1,81.8,"HTP","HTP"
"368","Climbach",51.6,34.3,97.7,120.8,139,151.7,177.2,86.7,115.5,122.2,"CH.Haguenau","HTP"
"377","Goersdorf",40.9,23.6,87,110.1,128.3,141,166.4,82.3,104.7,111.5,"CH.Haguenau","HTP"
"379","Gundershoffen",32.8,17.2,78.9,102,120.2,132.9,158.3,75.9,96.7,103.4,"CH.Haguenau","HTP"
"403","Munchhausen",36.2,33.1,82.2,105.3,123.5,145.2,170.6,88.2,108.9,115.7,"CH.Haguenau","HTP"
"407","Niedersteinbach",52.5,35.2,98.6,121.7,139.9,152.6,178,72.1,103.3,123.1,"CH.Haguenau","HTP"
"418","Rittershoffen",42.1,25.4,88.2,111.3,129.5,143.2,168.7,86.2,107,113.8,"CH.Haguenau","HTP"
"436","Walbourg",34.6,16.8,80.7,103.8,122,134.7,160.2,77.7,98.5,105.2,"CH.Haguenau","HTP"
"445","Bernolsheim",23.1,19.2,69.2,92.3,110.5,114.4,139.8,57.4,78.2,84.9,"CH.Haguenau","HTP"
"449","Bischwiller",23.5,12.7,69.6,92.7,110.9,132,157.5,75,95.8,102.5,"CH.Haguenau","HTP"
"450","Brumath",16.5,11.8,62.6,85.7,103.9,119.7,145.2,62.8,83.5,90.3,"CH.Haguenau","HTP"
"465","Huttendorf",24.3,15.9,70.4,93.5,111.7,117.4,142.8,60.4,81.1,87.9,"CH.Haguenau","HTP"
"496","Weyersheim",17.6,17.3,63.7,86.8,105,126.7,152.1,69.7,90.4,97.2,"CH.Haguenau","HTP"
"497","Wintershouse",23,11.8,69.1,92.2,110.4,123,148.5,66.1,86.8,93.6,"CH.Haguenau","HTP"
"517","Jebsheim",53.1,72,17,38.9,57.1,101.7,175.2,116.9,137.7,120.3,"CH.Colmar","CH.Colmar"
"524","Riedwihr",48.9,67.7,12.7,36.1,54.4,97.4,170.9,112.7,133.4,116,"CH.Colmar","CH.Colmar"
"525","Sainte-Croix-en-Plaine",50.1,68.9,11.3,26.1,44.3,97.2,172.2,113.9,134.6,117.2,"CH.Colmar","CH.Colmar"
"526","Sundhoffen",50.4,69.2,12.2,29.9,48.1,98.1,172.5,114.2,135,117.5,"CH.Colmar","CH.Colmar"
"540","Fréland",63,81.9,20.3,50.9,64.5,79.4,158.7,126.9,139.9,103.8,"CH.Colmar","CH.Colmar"
"552","Ingersheim",50.1,68.9,5.8,36.5,50,86.8,166.1,113.9,134.7,111.2,"CH.Colmar","CH.Colmar"
"556","Labaroche",65.7,84.5,21.4,52.1,65.6,87.5,166.8,129.5,148.1,111.9,"CH.Colmar","CH.Colmar"
"560","Luttenbach-près-Munster",71.8,90.6,25.7,56.4,68.4,77.9,172.3,135.6,153.6,116.1,"CH.Colmar","CH.Colmar"
"594","Zellenberg",47,65.9,15.5,42.3,59.8,92.6,159.8,110.8,131.6,104.8,"CH.Colmar","CH.Colmar"
"604","Bendorf",103,121.9,64.7,42.2,52.2,117.3,212.3,166.9,187.6,156.1,"CH.Mulhouse","CH.Mulhouse"
"606","Bettendorf",94.5,113.4,56.2,26.6,42,108.2,203.2,158.4,179.1,147,"CH.Mulhouse","CH.Mulhouse"
"635","Friesen",101.1,119.9,59.3,34.7,35.5,103.8,198.8,164.9,180.1,142.6,"CH.Mulhouse","CH.Mulhouse"
"649","Henflingen",96.3,115.2,57.9,28.4,43.8,110,205,160.1,180.9,148.8,"CH.Mulhouse","CH.Mulhouse"
"663","Lauw",87.4,106.3,42.5,27.8,22.6,80.5,175.5,151.2,156.8,119.3,"CH.Belfort","CH.Belfort"
"668","Linsdorf",96.1,114.9,57.7,41.2,56.6,122.7,217.7,159.9,180.7,161.5,"CH.Mulhouse","CH.Mulhouse"
"674","Masevaux",90,108.8,45,30.3,25.6,76.4,171.4,153.8,152.7,115.2,"CH.Belfort","CH.Belfort"
"680","Montreux-Jeune",97.5,116.4,56.2,37.8,19.6,92.8,187.9,161.3,169.1,131.6,"CH.Belfort","CH.Belfort"
"689","Obermorschwiller",86.9,105.8,48.5,15.6,42,105.6,200.6,150.7,171.5,144.4,"CH.Mulhouse","CH.Mulhouse"
"695","Ranspach",91.2,110.1,46.3,33.5,40.7,63.7,158.7,155,139.9,102.5,"CH.Mulhouse","CH.Mulhouse"
"696","Retzwiller",89.9,108.8,48.2,29.2,22.5,95.7,190.7,153.8,171.9,134.5,"CH.Belfort","CH.Belfort"
"701","Roppentzwiller",94.2,113,55.8,32.6,48,114.1,209.2,158,178.8,153,"CH.Mulhouse","CH.Mulhouse"
"741","Attenschwiller",82.4,101.3,44,27.9,48.6,111.3,204.5,146.2,167,149.5,"CH.Mulhouse","CH.Mulhouse"
"747","Eschentzwiller",71.5,90.3,33.1,8.1,36,98.4,193.5,135.3,156.1,137.3,"CH.Mulhouse","CH.Mulhouse"
"773","Rixheim",67,85.8,28.6,10.1,30,92.7,187.8,130.8,151.5,131.6,"CH.Mulhouse","CH.Mulhouse"
"776","Schlierbach",75.5,94.4,37.1,11.7,39.5,101.7,196.7,139.3,160.1,140.5,"CH.Mulhouse","CH.Mulhouse"
"835","Lautenbach-zell",76.7,95.6,31.8,30.9,43.5,95.4,190.5,140.6,161.3,134.3,"CH.Mulhouse","CH.Mulhouse"
"838","Meyenheim",56.9,75.7,18.5,24.6,41.2,97.7,179,120.7,141.4,124,"CH.Colmar","CH.Colmar"
"853","Rustenhart",61.8,80.6,23.4,24.7,42.9,105.6,183.9,125.6,146.3,128.9,"CH.Colmar","CH.Colmar"
"3","Bischheim",8.7,22.2,54.8,77.9,96.1,124,152.2,69.8,90.5,97.3,"HTP","HTP"
"10","Breuschwickersheim",11.8,31.8,49.3,72.4,90.6,118.5,155.5,73,93.8,100.5,"HTP","HTP"
"26","Hurtigheim",9.2,29.3,54.6,77.7,95.9,123.8,155.9,73.5,94.2,101,"HTP","HTP"
"35","Lipsheim",15.1,34,45.2,68.3,86.5,114.4,164.1,81.6,102.4,109.1,"HTP","HTP"
"38","Niederhausbergen",5.9,23.1,55,78.1,96.3,124.2,153.2,70.7,91.5,98.2,"HTP","HTP"
"43","Pfettisheim",11.8,26,61,84,102.3,126,151.5,69,89.8,96.5,"HTP","HTP"
"45","Plobsheim",15.6,34.5,47.1,70.2,88.4,116.3,164.6,82.1,102.9,109.6,"HTP","HTP"
"51","Truchtersheim",16.5,28,61.3,84.4,102.6,127.4,152.9,70.4,91.2,97.9,"HTP","HTP"
"74","Ebersheim",31.3,50.1,27.5,50.6,68.8,96.7,161.7,95.1,115.8,106.8,"CH.Colmar","CH.Colmar"
"82","Gertwiller",23.5,42.3,30,53.1,71.3,99.2,164.2,87.3,108,109.3,"HTP","HTP"
"86","Herbsheim",29.1,47.9,37.2,60.3,78.5,106.4,171.4,95.6,116.3,116.5,"HTP","HTP"
"96","Kogenheim",29,47.8,27.2,50.3,68.5,96.4,161.4,95.4,116.2,106.5,"CH.Colmar","CH.Colmar"
"100","Limersheim",18.9,37.7,43.4,66.5,84.7,112.6,167.8,85.3,106.1,112.8,"HTP","HTP"
"101","Mackenheim",46.8,65.7,27.3,49.3,67.5,103.8,168.9,110.6,131.4,113.9,"CH.Colmar","CH.Colmar"
"126","Schwobsheim",45.6,64.5,33.8,56.9,75.1,104.5,169.5,109.5,130.2,114.6,"CH.Colmar","CH.Colmar"
"127","Sélestat",32.8,51.7,22.1,45.2,63.4,91.2,156.3,96.6,117.4,101.3,"CH.Colmar","CH.Colmar"
"130","Sundhouse",46.1,64.9,37,58.9,77.1,109.2,174.2,109.9,130.7,119.3,"CH.Colmar","CH.Colmar"
"131","Uttenheim",28,46.9,37.8,60.8,79,106.9,172,94.5,115.3,117.1,"HTP","HTP"
"135","Zellwiller",24.9,43.8,32,55,73.3,101.2,166.2,88.7,109.5,111.3,"HTP","HTP"
"145","Blancherupt",53.4,72.2,51.6,74.7,92.9,84.7,141.9,107.6,123.2,87,"CH.Colmar","CH.Colmar"
"153","Dahlenheim",18.3,38.3,48.7,71.8,90,117.7,153.2,70.7,91.5,98.2,"HTP","HTP"
"157","Dorlisheim",23.1,42,42.7,65.8,84,108.9,156,73.5,94.3,101,"HTP","HTP"
"170","La Broque",41.1,60,58.5,81.6,99.8,85.2,142.4,95.4,116.2,87.4,"HTP","HTP"
"187","Plaine",51.5,70.3,53,76.1,94.3,79,136.2,105.7,117.4,81.2,"HTP","HTP"
"188","Romanswiller",24.8,36.5,58.8,81.9,100.1,116.1,141.6,59.1,79.9,86.6,"HTP","HTP"
"210","Villé",40,58.9,32.6,55.7,73.9,85.5,150.5,103.9,124.6,95.6,"CH.Colmar","CH.Colmar"
"216","Wisches",37,55.8,57.3,80.4,98.6,91.7,148.8,91.2,112,93.8,"HTP","HTP"
"217","Wolxheim",20.4,40.4,46.8,69.9,88.1,113.6,152.1,69.6,90.4,97.1,"HTP","HTP"
"247","Erckartswiller",39.4,35.4,85.5,108.6,126.8,119,144.4,54,74.8,89.5,"CH.Haguenau","HTP"
"249","Eschbourg",48.1,44.2,85.8,108.9,127.1,110.1,135.6,54.1,74.9,80.6,"CH.Haguenau","HTP"
"251","Ettendorf",25.3,21.2,71.4,94.4,112.7,117.9,143.4,60.9,81.7,88.4,"CH.Haguenau","HTP"
"254","Frohmuhl",57.8,53.9,103.9,127,145.2,122.9,148.4,51.4,72.2,93.4,"CH.Forbach","CH.Forbach"
"286","Lixhausen",24,20,70.1,93.2,111.4,116.6,142.1,59.7,80.4,87.2,"CH.Haguenau","HTP"
"370","Dambach",52.4,36.8,98.5,121.6,139.8,152.5,177.9,70.4,101.6,123,"CH.Haguenau","HTP"
"388","Kindwiller",42.7,30.5,88.8,111.8,130,132.9,158.3,75.9,96.6,103.4,"CH.Haguenau","HTP"
"389","Kutzenhausen",40.8,23,86.9,110,128.2,140.9,166.3,83.9,104.7,111.4,"CH.Haguenau","HTP"
"435","Uttenhoffen",34.5,18.9,80.6,103.7,121.9,132.2,157.6,75.2,95.9,102.7,"CH.Haguenau","HTP"
"442","Zinswiller",39.7,24,85.8,108.9,127.1,135.6,161.1,74.3,96.9,106.2,"CH.Haguenau","HTP"
"446","Berstheim",24.2,14.6,70.3,93.4,111.6,121.5,147,64.5,85.3,92,"CH.Haguenau","HTP"
"473","Leutenheim",31.7,28.4,77.8,100.9,119.1,140.7,166.2,83.7,104.5,111.2,"CH.Haguenau","HTP"
"474","Mittelschaeffolsheim",19,18.2,65.1,88.2,106.4,124.9,150.4,68,88.7,95.5,"CH.Haguenau","HTP"
"486","Rountzenheim",27,23.6,73.1,96.2,114.4,136,161.5,79,99.8,106.5,"CH.Haguenau","HTP"
"499","Algolsheim",61,79.8,22.8,39.6,57.8,108.7,183.1,124.8,145.6,128.1,"CH.Colmar","CH.Colmar"
"501","Appenwihr",53,71.9,14.9,30.6,48.8,100.8,175.1,116.9,137.6,120.2,"CH.Colmar","CH.Colmar"
"502","Artzenheim",51,69.9,18.2,40.1,58.3,102.9,173.1,114.9,135.6,118.1,"CH.Colmar","CH.Colmar"
"505","Biesheim",58.9,77.8,20.8,38.9,57.1,106.7,181,122.7,143.5,126.1,"CH.Colmar","CH.Colmar"
"511","Geiswasser",67,85.9,28.9,36.8,55,114.8,189.1,130.8,151.6,134.2,"CH.Colmar","CH.Colmar"
"523","Obersaasheim",61.9,80.7,23.7,40.5,58.7,109.6,184,125.7,146.5,129,"CH.Colmar","CH.Colmar"
"532","Ammerschwihr",53,71.8,8.7,39.4,53,84.9,164.3,116.8,137.6,109.3,"CH.Colmar","CH.Colmar"
"547","Herrlisheim-près-Colmar",57.2,76,11.4,30.1,42.2,93.5,176.5,121,141.7,121.5,"CH.Colmar","CH.Colmar"
"565","Niedermorschwihr",52.4,71.3,7.6,38.8,51.9,88.6,168.6,116.3,137,113.7,"CH.Colmar","CH.Colmar"
"576","Rouffach",62.1,80.9,17.7,26.7,38.8,95.3,182.8,125.9,146.7,127.9,"CH.Colmar","CH.Colmar"
"628","Eteimbes",84.1,103,41,24.4,21.3,91.9,186.9,148,168.2,130.7,"CH.Belfort","CH.Belfort"
"633","Fislis",96.2,115,57.8,40.7,55.4,120.4,215.5,160,180.7,159.2,"CH.Mulhouse","CH.Mulhouse"
"634","Franken",88.3,107.2,49.9,26.5,43.8,109.3,204.3,152.1,172.9,148.1,"CH.Mulhouse","CH.Mulhouse"
"637","Fulleren",96.7,115.6,55,30,32.8,106,201,160.6,181.3,144.8,"CH.Mulhouse","CH.Mulhouse"
"646","Heidwiller",82.7,101.5,44.3,14.8,31.5,97.4,192.5,146.5,167.3,136.2,"CH.Mulhouse","CH.Mulhouse"
"648","Heiwiller",89.5,108.3,51.1,21.6,38.7,104.2,199.2,153.3,174.1,143,"CH.Mulhouse","CH.Mulhouse"
"652","Hirtzbach",91.5,110.3,51.7,23.6,37.3,103.4,198.4,155.3,176.1,142.2,"CH.Mulhouse","CH.Mulhouse"
"660","Koestlach",101.9,120.8,63.5,38,49,114.1,209.2,165.7,186.5,152.9,"CH.Mulhouse","CH.Mulhouse"
"661","Kruth",97.6,116.5,52.7,40,47.1,60,155,161.5,136.2,98.8,"CH.Mulhouse","CH.Mulhouse"
"662","Largitzen",99.8,118.7,60.6,31.9,40.9,107,202,163.6,183.2,145.8,"CH.Mulhouse","CH.Mulhouse"
"664","Leimbach",80.2,99,35.2,22.5,29.7,75.7,170.7,144,152,114.5,"CH.Mulhouse","CH.Mulhouse"
"671","Magny",97.4,116.3,55.7,36.6,23.2,94.6,189.6,161.2,170.8,133.4,"CH.Belfort","CH.Belfort"
"683","Mortzwiller",87.3,106.2,42.4,27.7,24.1,80.4,175.4,151.2,156.7,119.2,"CH.Belfort","CH.Belfort"
"711","Sickert",91.6,110.4,46.6,31.9,27.1,74.9,169.9,155.4,151.1,113.7,"CH.Belfort","CH.Belfort"
"721","Tagolsheim",82.4,101.3,44,14.5,32.7,97.1,192.2,146.2,167,136,"CH.Mulhouse","CH.Mulhouse"
"729","Vieux-Thann",76.1,95,31.1,18.4,25.6,76.4,171.4,139.9,152.7,115.2,"CH.Mulhouse","CH.Mulhouse"
"738","Wittersdorf",87,105.9,48.7,19.1,36.3,101.8,196.8,150.9,171.6,140.6,"CH.Mulhouse","CH.Mulhouse"
"753","Hégenheim",80.5,99.4,42.1,26,46.7,109.5,202.6,144.3,165.1,147.7,"CH.Mulhouse","CH.Mulhouse"
"755","Hésingue",79.4,98.3,41,24.9,45.6,108.4,201.5,143.3,164,146.6,"CH.Mulhouse","CH.Mulhouse"
"758","Kembs",73.9,92.8,35.6,19.4,40.1,102.9,196,137.8,158.5,141.1,"CH.Mulhouse","CH.Mulhouse"
"769","Ranspach-le-Bas",83.8,102.7,45.4,27.8,49.3,112.7,205.9,147.6,168.4,150.9,"CH.Mulhouse","CH.Mulhouse"
"771","Rantzwiller",85.2,104,46.8,14.4,42.2,104.4,199.5,149,169.8,143.3,"CH.Mulhouse","CH.Mulhouse"
"781","Uffheim",77.1,95.9,38.7,19.9,43.3,106,199.1,140.9,161.6,144.2,"CH.Mulhouse","CH.Mulhouse"
"789","Brunstatt",74.5,93.4,36.1,5.9,28.6,90.8,185.8,138.3,159.1,129.6,"CH.Mulhouse","CH.Mulhouse"
"796","Zillisheim",77.8,96.7,39.4,12.7,30.1,92.5,187.6,141.6,162.4,131.4,"CH.Mulhouse","CH.Mulhouse"
"797","Baldersheim",65.3,84.1,26.9,11.7,31.4,94.1,187.4,129.1,149.8,132.4,"CH.Mulhouse","CH.Mulhouse"
"809","Pfastatt",70.9,89.7,29.5,11.6,29.4,90.4,185.4,134.7,155.4,129.2,"CH.Mulhouse","CH.Mulhouse"
"816","Bergholtz",65.1,83.9,20.1,22,34.1,90.6,185.3,128.9,149.7,129.4,"CH.Colmar","CH.Colmar"
"831","Hirtzfelden",60.4,79.3,22.1,23.4,41.6,104.3,182.5,124.3,145,127.6,"CH.Colmar","CH.Colmar"
"847","Raedersheim",66.8,85.6,22.8,19.8,34.2,90.7,185.7,130.6,151.3,129.5,"CH.Mulhouse","CH.Mulhouse"
"2","Strasbourg",6.4,23,52.5,75.6,93.8,121.7,153.1,70.7,91.4,98.2,"HTP","HTP"
"5","Schiltigheim",5.4,22.4,51.5,74.6,92.8,120.7,152.5,70.1,90.8,97.6,"HTP","HTP"
"6","Strasbourg",6.4,23,52.5,75.6,93.8,121.7,153.1,70.7,91.4,98.2,"HTP","HTP"
"8","Berstett",15.3,21,64.4,87.5,105.7,127.7,153.2,70.8,91.5,98.3,"HTP","HTP"
"11","Dingsheim",8.9,24.9,57,80.1,98.3,126.2,155,72.6,93.3,100.1,"HTP","HTP"
"22","Gougenheim",18.2,24,67.4,90.5,108.7,121.3,146.8,64.3,85.1,91.8,"HTP","HTP"
"27","Illkirch-Graffenstaden",9.3,28.1,46,69.1,87.3,115.2,158.2,75.8,96.5,103.3,"HTP","HTP"
"50","Souffelweyersheim",9.1,19.7,55.1,78.2,96.4,124.3,149.7,67.3,88,94.8,"HTP","HTP"
"64","Boesenbiesen",47.4,66.2,30.6,52.5,70.7,104.3,169.4,111.2,132,114.5,"CH.Colmar","CH.Colmar"
"71","Daubensand",30,48.9,48.7,71.8,90,117.9,179,96.5,117.3,124,"HTP","HTP"
"73","Dieffenthal",37.2,56.1,27.1,50.2,68.4,91.5,156.6,101,121.8,101.7,"CH.Colmar","CH.Colmar"
"78","Epfig",28.3,47.2,32.4,55.5,73.7,99.3,164.3,92.1,112.9,109.4,"HTP","HTP"
"92","Ichtratzheim",13.8,32.7,44.3,67.3,85.6,113.4,162.7,80.3,101,107.8,"HTP","HTP"
"93","Itterswiller",32.1,51,34.1,57.2,75.4,98.3,163.4,95.9,116.7,108.4,"HTP","HTP"
"111","Obenheim",28.7,47.6,47.6,70.7,88.9,116.8,177.6,95.2,115.9,122.7,"HTP","HTP"
"115","Osthouse",21.6,40.4,36.2,59.3,77.5,105.4,170.5,88,108.8,115.5,"HTP","HTP"
"116","Reichsfeld",32.1,50.9,38.2,61.3,79.5,98.7,163.7,95.9,116.6,108.8,"HTP","HTP"
"117","Rhinau",35.1,54,46.1,69.2,87.4,115.3,180.4,101.6,122.4,125.4,"HTP","HTP"
"139","Barembach",39.4,58.2,59.7,82.8,101,88.2,144.6,93.6,114.4,89.7,"HTP","HTP"
"141","Bellefosse",52.3,71.2,50.3,73.4,91.6,83.7,140.9,106.6,122.1,86,"CH.Colmar","CH.Colmar"
"144","Bischoffsheim",21.9,40.8,38.5,61.6,79.8,107.7,164.6,82.2,102.9,109.7,"HTP","HTP"
"149","Breitenbach",43.1,62,36.6,59.7,77.9,90.1,153,107,127.7,98.1,"CH.Colmar","CH.Colmar"
"151","Cosswiller",26.9,37.6,60.9,83.9,102.2,117.2,142.7,60.2,81,87.7,"HTP","HTP"
"155","Dieffenbach-au-Val",40.4,59.2,30.2,53.3,71.5,90.1,155.2,104.2,125,100.2,"CH.Colmar","CH.Colmar"
"159","Ergersheim",19.9,39.9,46.5,69.6,87.8,113.3,154,71.6,92.3,99.1,"HTP","HTP"
"160","Ernolsheim-Bruche",15.1,35.1,46.1,69.2,87.4,115.3,158.9,76.4,97.2,104,"HTP","HTP"
"162","Fouchy",40.7,59.5,34.1,57.2,75.4,83.3,148.4,104.5,125.2,93.5,"CH.Colmar","CH.Colmar"
"169","Kirchheim",16.5,36.5,52.1,75.2,93.4,119,147.1,64.7,85.4,92.2,"HTP","HTP"
"173","Maisonsgoutte",42.6,61.5,36.1,59.1,77.3,85.4,149.3,106.4,127.2,94.3,"CH.Colmar","CH.Colmar"
"186","Ottrott",26.8,45.6,39,62.1,80.3,108.2,170.5,89.1,109.9,115.6,"HTP","HTP"
"189","Rosenwiller",24.9,43.8,41.9,65,83.2,111.1,164.7,82.3,103,109.8,"HTP","HTP"
"194","Saint-Blaise-la-Roche",50.6,69.5,49.7,72.8,91,76.9,134.1,104.9,115.3,79.1,"CH.Colmar","CH.Colmar"
"196","Saint-Maurice",37.3,56.2,29.4,52.5,70.7,88,153.1,101.2,121.9,98.1,"CH.Colmar","CH.Colmar"
"198","Saint-Pierre-Bois",35.8,54.6,29.8,52.9,71.1,90.5,155.6,99.6,120.3,100.7,"CH.Colmar","CH.Colmar"
"199","Saulxures",56.4,75.2,56.6,79.7,97.9,76.8,134,110.6,115.2,79.1,"HTP","HTP"
"220","Alteckendorf",22.3,17.7,68.4,91.4,109.7,114.9,140.4,57.9,78.7,85.4,"CH.Haguenau","HTP"
"225","Berg",51.2,47.3,93.2,116.3,134.5,114.1,137.6,36.3,57.1,84.6,"CH.Forbach","CH.Forbach"
"227","Birkenwald",28.5,36,62.4,85.5,103.7,115.6,141,58.6,79.3,86.1,"HTP","HTP"
"235","Butten",59.9,56,101.9,125,143.2,122.8,146.2,45,65.7,93.3,"CH.Forbach","CH.Forbach"
"239","Diemeringen",52.7,48.8,94.7,117.8,136,115.5,139,37.7,58.5,86.1,"CH.Forbach","CH.Forbach"
"240","Dimbsthal",27.7,35.4,61.6,84.7,102.9,115,140.4,58,78.8,85.5,"HTP","HTP"
"243","Drulingen",49.4,45.5,91.4,114.5,132.7,109.9,135.3,37,57.8,80.4,"CH.Forbach","CH.Forbach"
"244","Duntzenheim",21.8,25.1,70.2,93.2,111.5,120.2,145.7,63.3,84,90.8,"HTP","HTP"
"248","Ernolsheim-lès-Saverne",34.6,30.7,73.9,97,115.2,110.1,135.6,53.1,73.9,80.7,"CH.Haguenau","HTP"
"264","Harskirchen",57.6,53.7,99.6,122.7,140.9,116.3,141.8,42.7,63.4,78.8,"CH.Forbach","CH.Forbach"
"268","Hinsbourg",57.8,53.9,103.9,127,145.2,122.9,148.4,51.4,72.2,93.4,"CH.Forbach","CH.Forbach"
"275","Ingenheim",26.3,24.8,71.4,94.5,112.7,117.5,142.9,60.5,81.2,88,"CH.Haguenau","HTP"
"278","Keskastel",53.5,49.5,95.5,118.5,136.8,116.3,130.9,29.6,50.4,85.8,"CH.Forbach","CH.Forbach"
"294","Melsheim",24.9,21,71,94.1,112.3,114.4,139.8,57.4,78.1,84.9,"CH.Haguenau","HTP"
"295","Menchhoffen",34.5,28.3,80.6,103.7,121.9,122.7,148.2,65.2,86,93.2,"CH.Haguenau","HTP"
"305","Ottersthal",32.6,28.6,68.1,91.2,109.4,105.1,130.5,50.9,71.7,75.6,"CH.Haguenau","HTP"
"306","Otterswiller",29.5,27.3,63.4,86.5,104.7,106.9,132.4,49.9,70.7,77.4,"CH.Haguenau","HTP"
"308","Petersbach",48.6,44.7,93.8,116.9,135.1,112.3,137.8,44,64.7,82.8,"CH.Forbach","CH.Forbach"
"312","Puberg",55.2,49.5,101.3,124.4,142.6,125.7,151.1,54.2,74.9,96.2,"CH.Haguenau","CH.Forbach"
"318","Reutenbourg",28.5,34.1,62.5,85.6,103.8,113.7,139.2,56.8,77.5,84.3,"HTP","HTP"
"319","Rexingen",53.6,49.7,95.6,118.7,136.9,116.2,140,38.7,59.5,86.8,"CH.Forbach","CH.Forbach"
"320","Rimsdorf",48.2,44.3,90.2,113.3,131.5,111.1,134.5,33.3,54,81.6,"CH.Forbach","CH.Forbach"
"340","Sparsbach",44.3,38.5,90.4,113.4,131.7,125,150.5,60.1,80.8,95.5,"CH.Haguenau","HTP"
"343","Tieffenbach",54,50.1,99.3,122.4,140.6,117.8,143.3,48.2,69,88.3,"CH.Forbach","CH.Forbach"
"345","Voellerdingen",54.1,50.2,96.1,119.2,137.4,117,139.8,38.6,59.3,87.5,"CH.Forbach","CH.Forbach"
"360","Zehnacker",25.7,33.6,59.7,82.8,101,115.1,140.6,58.1,78.9,85.6,"HTP","HTP"
"371","Dieffenbach-lès-Woerth",42,24.7,88.1,111.2,129.4,142.1,167.5,83.4,105.8,112.6,"CH.Haguenau","HTP"
"372","Durrenbach",35.5,18.1,81.6,104.6,122.9,135.5,161,78.5,99.3,106,"CH.Haguenau","HTP"
"374","Eschbach",32.7,17,78.8,101.8,120.1,132.7,158.2,75.7,96.5,103.2,"CH.Haguenau","HTP"
"392","Laubach",31.6,16,77.7,100.8,119,131.7,157.2,74.7,95.5,102.2,"CH.Haguenau","HTP"
"395","Lembach",46.6,29.3,92.7,115.8,134,146.7,172.2,81.7,110.5,117.2,"CH.Haguenau","HTP"
"413","Offwiller",42.7,27.1,88.8,111.9,130.1,133.4,158.9,73.9,94.6,103.9,"CH.Haguenau","HTP"
"423","Scheibenhard",38.3,35.2,84.4,107.5,125.7,147.3,172.8,90.3,111.1,117.8,"CH.Haguenau","HTP"
"424","Schleithal",48.1,37.6,94.2,117.2,135.5,155.4,180.9,98.4,119.2,125.9,"CH.Haguenau","HTP"
"426","Seltz",34.4,31.3,80.5,103.5,121.8,143.4,168.8,86.4,107.2,113.9,"CH.Haguenau","HTP"
"428","Soultz-sous-Forêts",37.3,19.5,83.4,106.5,124.7,137.4,162.8,80.4,101.1,107.9,"CH.Haguenau","HTP"
"429","Steinseltz",52.7,34.9,98.8,121.9,140.1,152.8,178.2,95.8,116.5,123.3,"CH.Haguenau","HTP"
"431","Surbourg",34.4,16.6,80.5,103.6,121.8,134.5,159.9,77.5,98.2,105,"CH.Haguenau","HTP"
"437","Windstein",49.7,34,95.8,118.8,137.1,149.7,175.2,77.8,109,120.2,"CH.Haguenau","HTP"
"438","Wingen",52.7,35.4,98.8,121.9,140.1,152.8,178.3,86.4,116.6,123.3,"CH.Haguenau","HTP"
"447","Bietlenheim",19.9,19.1,66,89.1,107.3,128.3,153.8,71.3,92.1,98.8,"CH.Haguenau","HTP"
"451","Dalhunden",28.8,27.2,74.9,98,116.2,137.8,163.3,80.9,101.6,108.4,"CH.Haguenau","HTP"
"453","Donnenheim",20.4,19.4,66.5,89.6,107.8,124.4,149.8,67.4,88.1,94.9,"CH.Haguenau","HTP"
"464","Hoerdt",14.9,19.3,61,84.1,102.3,123.9,149.4,66.9,87.7,94.4,"HTP","HTP"
"467","Kauffenheim",33.3,29.9,79.3,102.4,120.6,142.3,167.7,85.3,106,112.8,"CH.Haguenau","HTP"
"476","Morschwiller",25,16.6,71.1,94.2,112.4,119.9,145.3,62.9,83.7,90.4,"CH.Haguenau","HTP"
"498","Wittersheim",22,13.6,68.1,91.2,109.4,116.9,142.4,59.9,80.7,87.4,"CH.Haguenau","HTP"
"507","Colmar",47.4,66.2,5.5,31.5,49.7,92.4,169.5,111.2,132,114.5,"CH.Colmar","CH.Colmar"
"515","Holtzwihr",49.2,68.1,13,36.5,54.7,97.8,171.3,113,133.8,116.4,"CH.Colmar","CH.Colmar"
"520","Muntzenheim",51.5,70.3,14.2,35.5,53.7,100,173.5,115.3,136,118.6,"CH.Colmar","CH.Colmar"
"544","Gundolsheim",61,79.8,21.4,24.1,36.2,92.7,183.1,124.8,145.5,128.1,"CH.Colmar","CH.Colmar"
"548","Hohrod",66.7,85.5,20.6,51.3,63.4,72.4,166.8,130.5,148.1,110.6,"CH.Colmar","CH.Colmar"
"562","Mittelwihr",47.8,66.7,12.1,39.1,56.4,89.2,162.1,111.7,132.4,107.1,"CH.Colmar","CH.Colmar"
"563","Muhlbach-sur-Munster",75.4,94.2,29.3,60,72.1,81.5,176,139.2,157.2,119.7,"CH.Colmar","CH.Colmar"
"566","Obermorschwihr",58.2,77.1,12.4,30.2,42.2,94.5,177.6,122.1,142.8,122.6,"CH.Colmar","CH.Colmar"
"567","Orbey",65.1,83.9,22.3,53,66.5,76.8,156.1,128.9,137.4,101.2,"CH.Colmar","CH.Colmar"
"570","Pfaffenheim",59.6,78.5,13.8,27.3,39.3,95.8,178.9,123.4,144.2,124,"CH.Colmar","CH.Colmar"
"571","Ribeauvillé",45.1,64,19.5,43.2,61.4,91.1,156.2,109,129.7,101.3,"CH.Colmar","CH.Colmar"
"579","Saint-Hippolyte",39,57.9,19.4,42.4,60.6,88.8,153.9,102.9,123.6,99,"CH.Colmar","CH.Colmar"
"580","Sigolsheim",49.5,68.4,10.5,39,54.8,84.6,164,113.4,134.1,109,"CH.Colmar","CH.Colmar"
"586","Thannenkirch",48,66.8,28.6,51.6,69.9,87.7,152.8,111.8,132.5,97.8,"CH.Colmar","CH.Colmar"
"591","Wettolsheim",51.7,70.6,4.6,34.9,46.9,87.5,170.6,115.5,136.3,115.6,"CH.Colmar","CH.Colmar"
"592","Wihr-au-Val",60.2,79.1,14.2,44.8,56.9,76.7,171.2,124,144.8,115,"CH.Colmar","CH.Colmar"
"597","Altkirch",88.6,107.5,49.8,20.7,35.4,101.5,196.5,152.5,173.2,140.3,"CH.Mulhouse","CH.Mulhouse"
"599","Aspach",87.2,106,45.9,21.2,31.4,97.6,192.6,151,171.7,136.4,"CH.Mulhouse","CH.Mulhouse"
"602","Balschwiller",81.7,100.6,40,22,25.5,91.6,186.7,145.5,166.3,130.5,"CH.Mulhouse","CH.Mulhouse"
"603","Bellemagny",82.2,101,39,22.5,19.8,90.7,185.7,146,166.8,129.5,"CH.Belfort","CH.Belfort"
"615","Bretten",82.2,101,39,22.5,19.8,90.7,185.7,146,166.8,129.5,"CH.Belfort","CH.Belfort"
"616","Buethwiller",85.2,104.1,43.5,25.5,27.8,95.1,190.2,149,169.8,134,"CH.Mulhouse","CH.Mulhouse"
"617","Carspach",89.9,108.8,48.8,22,34.3,100.4,195.5,153.7,174.5,139.3,"CH.Mulhouse","CH.Mulhouse"
"636","Froeningen",77.8,96.7,39.4,12.7,30.1,92.5,187.6,141.6,162.4,131.4,"CH.Mulhouse","CH.Mulhouse"
"650","Hindlingen",101.8,120.7,60.1,38.3,36.3,107.3,202.4,165.6,183.6,146.2,"CH.Belfort","CH.Belfort"
"658","Kiffis",113.1,132,74.8,55.2,56.3,121.4,216.5,177,197.7,160.2,"CH.Mulhouse","CH.Mulhouse"
"666","Liebsdorf",107.8,126.7,69.5,47,49.4,114.4,209.5,171.7,190.7,153.3,"CH.Mulhouse","CH.Mulhouse"
"669","Luemschwiller",88.8,107.7,50.5,17.5,41.7,107.2,202.2,152.7,173.4,146,"CH.Mulhouse","CH.Mulhouse"
"670","Lutter",99.4,118.2,61,44.9,60.3,125.4,220.4,163.2,184,164.2,"CH.Mulhouse","CH.Mulhouse"
"673","Manspach",91.6,110.5,49.9,30.8,26.1,99.3,194.3,155.5,175.6,138.1,"CH.Belfort","CH.Belfort"
"676","Michelbach",78.9,97.8,34,21.2,26.3,79.9,174.9,142.7,156.2,118.7,"CH.Mulhouse","CH.Mulhouse"
"677","Mitzach",94.2,113,49.2,36.5,43.7,67.8,162.9,158,144.1,106.6,"CH.Mulhouse","CH.Mulhouse"
"679","Mollau",96.1,115,51.2,38.4,45.6,62.6,157.6,159.9,138.9,101.4,"CH.Mulhouse","CH.Mulhouse"
"681","Montreux-Vieux",97.5,116.4,56.2,37.8,19.6,92.8,187.9,161.3,169.1,131.6,"CH.Belfort","CH.Belfort"
"690","Oderen",96.9,115.8,52,39.2,46.4,64.6,159.6,160.8,140.8,103.4,"CH.Mulhouse","CH.Mulhouse"
"692","Pfetterhouse",109.6,128.4,70.6,41.7,37.4,102.5,197.5,173.4,178.7,141.3,"CH.Belfort","CH.Belfort"
"693","Raedersdorf",100.3,119.1,61.9,45.5,58.9,124,219,164.1,184.8,162.8,"CH.Mulhouse","CH.Mulhouse"
"707","Sentheim",89.7,108.6,44.8,30.1,32,89.3,184.3,153.5,165.6,128.1,"CH.Mulhouse","CH.Mulhouse"
"709","Seppois-le-Haut",105.8,124.7,66.8,37.9,38.5,103.6,198.6,169.6,179.9,142.4,"CH.Mulhouse","CH.Mulhouse"
"710","Sewen",100.9,119.8,56,41.3,36.5,67.7,162.7,164.7,144,106.5,"CH.Belfort","CH.Belfort"
"724","Traubach-le-Bas",86.8,105.7,43.3,27.1,24.8,94.9,190,150.7,171.2,133.8,"CH.Belfort","CH.Belfort"
"731","Walheim",82.4,101.3,44,14.5,32.7,97.1,192.2,146.2,167,136,"CH.Mulhouse","CH.Mulhouse"
"744","Brinckheim",77.7,96.5,39.3,23.2,43.9,106.6,199.8,141.5,162.2,144.8,"CH.Mulhouse","CH.Mulhouse"
"754","Helfrantzkirch",82.2,101.1,43.9,23.7,48,111.2,204.3,146.1,166.8,149.4,"CH.Mulhouse","CH.Mulhouse"
"775","Saint-Louis",78.8,97.7,40.4,24.3,45,107.8,200.9,142.6,163.4,146,"CH.Mulhouse","CH.Mulhouse"
"782","Village-Neuf",79.3,98.1,40.9,24.8,45.5,108.2,201.3,143.1,163.8,146.4,"CH.Mulhouse","CH.Mulhouse"
"784","Waltenheim",78.3,97.1,39.9,16.6,44.4,106.6,200.3,142.1,162.8,145.4,"CH.Mulhouse","CH.Mulhouse"
"790","Didenheim",74.5,93.4,36.1,7.3,27,89.2,184.3,138.3,159.1,128.1,"CH.Mulhouse","CH.Mulhouse"
"792","Galfingue",81.1,100,41.8,18.5,27.3,93.4,188.5,145,165.7,132.3,"CH.Mulhouse","CH.Mulhouse"
"795","Mulhouse",71.5,90.3,33.1,6.2,27.8,90.3,185.3,135.3,156,129.1,"CH.Mulhouse","CH.Mulhouse"
"802","Illzach",68.7,87.6,29.5,9.5,27.4,90.1,185.1,132.5,153.3,128.9,"CH.Mulhouse","CH.Mulhouse"
"803","Kingersheim",70.6,89.5,30.8,13.7,31.6,94.3,189.4,134.4,155.2,133.2,"CH.Mulhouse","CH.Mulhouse"
"805","Mulhouse",71.5,90.3,33.1,6.2,27.8,90.3,185.3,135.3,156,129.1,"CH.Mulhouse","CH.Mulhouse"
"811","Richwiller",73.9,92.8,32.6,13.8,28.4,89.6,184.6,137.8,158.5,128.4,"CH.Mulhouse","CH.Mulhouse"
"820","Blodelsheim",68.6,87.4,30.4,29.2,48,110.7,190.7,132.4,153.1,135.7,"CH.Mulhouse","CH.Mulhouse"
"821","Bollwiller",66.8,85.6,21.8,18.4,30.8,87.3,182.4,130.6,151.4,126.1,"CH.Mulhouse","CH.Mulhouse"
"824","Burnhaupt-le-Haut",78.3,97.1,33.3,18.6,21.2,85,180,142.1,161.2,123.8,"CH.Mulhouse","CH.Mulhouse"
"825","Cernay",74.6,93.5,29.7,20.2,27.4,81.1,176.1,138.5,157.3,119.9,"CH.Mulhouse","CH.Mulhouse"
"844","Oberentzen",57.2,76.1,18.9,29.8,44.4,100.9,179.3,121.1,141.8,124.4,"CH.Colmar","CH.Colmar"
"845","Oberhergheim",55.5,74.3,17.1,28.8,46.3,102.4,177.6,119.3,140.1,122.6,"CH.Colmar","CH.Colmar"
"850","Rimbach-zell",74.4,93.2,29.4,27.5,38.1,94.7,189.7,138.2,158.9,133.5,"CH.Mulhouse","CH.Mulhouse"
"851","Roggenhouse",66.3,85.2,27.9,25.1,43.3,106.1,188.4,130.2,150.9,133.5,"CH.Mulhouse","CH.Mulhouse"
"858","Ungersheim",63.2,82.1,24.8,20.1,36.3,92.8,185.3,127,147.8,130.3,"CH.Mulhouse","CH.Mulhouse"
"18","Fegersheim",13.8,32.7,44.3,67.3,85.6,113.4,162.7,80.3,101,107.8,"HTP","HTP"
"42","Ostwald",9.3,28.5,47.1,70.2,88.4,116.3,158.6,76.1,96.9,103.6,"HTP","HTP"
"65","Bolsenheim",23.7,42.6,41.3,64.4,82.6,110.5,172.7,90.2,111,117.7,"HTP","HTP"
"79","Erstein",18.4,37.3,40.1,63.2,81.4,109.3,167.4,84.9,105.7,112.4,"HTP","HTP"
"123","Schaeffersheim",21.6,40.4,39.4,62.5,80.7,108.6,170.5,88,108.8,115.5,"HTP","HTP"
"124","Scherwiller",36.8,55.7,24,47.1,65.3,88.5,153.6,100.7,121.4,98.6,"CH.Colmar","CH.Colmar"
"129","Stotzheim",26.7,45.5,33.2,56.3,74.5,102.4,167.4,90.5,111.2,112.5,"HTP","HTP"
"133","Witternheim",35.6,54.5,36,59.1,77.3,105.2,170.3,102.1,122.9,115.3,"HTP","HTP"
"146","Boersch",27.1,46,44.1,67.2,85.4,111.1,166.9,84.5,105.2,112,"HTP","HTP"
"167","Griesheim-près-Molsheim",23,41.9,40.5,63.6,81.8,109.7,163.6,81.1,101.9,108.6,"HTP","HTP"
"182","Niederhaslach",34.3,53.1,54.6,77.7,95.9,103.2,160.3,81.8,102.5,105.3,"HTP","HTP"
"192","Russ",37.2,56,57.5,80.6,98.8,90.1,147,91.4,112.2,92.1,"HTP","HTP"
"213","Wasselonne",21,37,55,78.1,96.3,118,143.5,61,81.8,88.5,"HTP","HTP"
"224","Baerendorf",52.3,48.3,94.2,117.3,135.5,103.2,128.7,46.2,66.9,73.7,"CH.Forbach","CH.Forbach"
"241","Domfessel",51.2,47.2,93.2,116.2,134.5,114,137.5,36.2,57,84.6,"CH.Forbach","CH.Forbach"
"261","Grassendorf",27.7,19.3,73.8,96.9,115.1,122.2,147.7,65.3,86,92.8,"CH.Haguenau","HTP"
"262","Gungwiller",48.5,44.5,90.4,113.5,131.7,110.9,134.8,33.5,54.3,81.4,"CH.Forbach","CH.Forbach"
"266","Hengwiller",31.4,37.8,65.3,88.4,106.6,117.4,142.8,60.4,81.1,87.9,"HTP","HTP"
"277","Issenhausen",24.6,20.7,70.7,93.8,112,117.3,142.8,60.3,81.1,87.8,"CH.Haguenau","HTP"
"282","Landersheim",23.4,29.2,62,85.1,103.3,115.9,141.4,59,79.7,86.5,"HTP","HTP"
"317","Reipertswiller",50.9,38.9,97,120,138.2,137.4,162.8,69.3,91.8,107.9,"CH.Haguenau","HTP"
"329","Saverne",32.4,28.9,66.3,89.4,107.6,108,133.5,51.5,72.3,78.6,"CH.Haguenau","HTP"
"342","Struth",51.4,47.5,96.2,119.2,137.4,114.6,140.1,46.3,67.1,85.2,"CH.Forbach","CH.Forbach"
"357","Wingersheim",20.1,18.2,68.9,92,110.2,122.6,148.1,65.6,86.4,93.1,"CH.Haguenau","HTP"
"361","Zeinheim",24.8,30.6,59,82.1,100.3,117,142.4,60,80.8,87.5,"HTP","HTP"
"366","Bitschhoffen",32.3,18.4,78.4,101.5,119.7,125.1,150.5,68.1,88.8,95.6,"CH.Haguenau","HTP"
"386","Keffenach",43.9,26.1,90,113,131.3,143.9,169.4,86.9,107.7,114.4,"CH.Haguenau","HTP"
"391","Langensoultzbach",41.9,24.6,88,111.1,129.3,142,167.4,82.4,105.8,112.5,"CH.Haguenau","HTP"
"394","La Walck",32.3,18.4,78.4,101.5,119.7,125.1,150.5,68.1,88.8,95.6,"CH.Haguenau","HTP"
"398","Merkwiller-Pechelbronn",38.7,20.9,84.8,107.9,126.1,138.7,164.2,81.7,102.5,109.3,"CH.Haguenau","HTP"
"401","Morsbronn-les-Bains",33.6,16.3,79.7,102.8,121,133.7,159.1,76.7,97.5,104.2,"CH.Haguenau","HTP"
"404","Niederbronn-les-Bains",39.1,23.5,85.2,108.3,126.5,139.2,164.7,67.7,98.8,109.7,"CH.Haguenau","HTP"
"409","Oberdorf-Spachbach",34.6,17.2,80.7,103.8,122,134.6,160.1,77.6,98.4,105.1,"CH.Haguenau","HTP"
"425","Schoenenbourg",41.6,23.8,87.7,110.7,129,141.6,167.1,84.6,105.4,112.1,"CH.Haguenau","HTP"
"452","Dauendorf",29.3,17.1,75.4,98.5,116.7,126.2,151.7,69.3,90,96.8,"CH.Haguenau","HTP"
"454","Drusenheim",24.6,22.8,70.7,93.7,112,133.6,159,76.6,97.3,104.1,"CH.Haguenau","HTP"
"456","Forstfeld",33.3,29.9,79.3,102.4,120.6,142.3,167.7,85.3,106,112.8,"CH.Haguenau","HTP"
"463","Hochstett",20.6,10.6,66.7,89.8,108,120.5,145.9,63.5,84.2,91,"CH.Haguenau","HTP"
"480","Offendorf",22.8,23.2,68.9,92,110.2,131.8,157.3,74.8,95.6,102.3,"HTP","HTP"
"484","Rohrwiller",20,16.2,66,89.1,107.3,129,154.4,72,92.7,99.5,"CH.Haguenau","HTP"
"489","Sessenheim",25.7,22.6,71.8,94.9,113.1,134.7,160.2,77.7,98.5,105.2,"CH.Haguenau","HTP"
"508","Dessenheim",60.1,78.9,21.9,28.4,46.6,107.5,182.2,123.9,144.7,127.2,"CH.Colmar","CH.Colmar"
"514","Hettenschlag",56.1,75,18,32.7,50.9,103.8,178.2,119.9,140.7,123.3,"CH.Colmar","CH.Colmar"
"518","Kunheim",53.6,72.4,21,42.4,60.6,105.8,175.6,117.4,138.2,120.7,"CH.Colmar","CH.Colmar"
"521","Nambsheim",68.6,87.5,30.5,32.3,50.5,113.3,190.7,132.4,153.2,135.8,"CH.Colmar","CH.Colmar"
"527","Urschenheim",54.6,73.5,17.2,37.6,55.9,103.2,176.7,118.5,139.2,121.8,"CH.Colmar","CH.Colmar"
"530","Wickerschwihr",51.2,70,13.5,34.8,53,99.7,173.3,115,135.8,118.3,"CH.Colmar","CH.Colmar"
"537","Breitenbach-Haut-Rhin",70.3,89.2,24.3,54.9,67,76.5,170.9,134.2,152.1,114.7,"CH.Colmar","CH.Colmar"
"541","Griesbach-au-Val",63.3,82.1,17.2,47.9,59.9,76,170.4,127.1,147.8,114.2,"CH.Colmar","CH.Colmar"
"545","Gunsbach",63.6,82.4,17.5,48.2,60.3,76.3,170.7,127.4,148.2,114.5,"CH.Colmar","CH.Colmar"
"550","Husseren-les-Châteaux",58.6,77.5,12.4,33.9,46,94.5,177.5,122.5,143.2,122.6,"CH.Colmar","CH.Colmar"
"578","Sainte-Marie-aux-Mines",52.5,71.3,38.9,62.4,80.6,72.4,137.5,116.3,118.7,82.6,"CH.Colmar","CH.Colmar"
"595","Zimmerbach",56.7,75.6,10.7,42.3,54.4,79.9,174.3,120.6,141.3,118.1,"CH.Colmar","CH.Colmar"
"600","Aspach-le-Haut",77.5,96.3,32.5,19.8,24.8,77,172.1,141.3,153.3,115.8,"CH.Mulhouse","CH.Mulhouse"
"609","Bisel",100.8,119.6,62.4,32.9,39.7,104.8,199.8,164.6,181,143.6,"CH.Mulhouse","CH.Mulhouse"
"619","Courtavon",110.9,129.7,72.5,47.6,45.1,110.2,205.2,174.7,186.5,149,"CH.Belfort","CH.Belfort"
"638","Geishouse",93.9,112.8,49,36.2,43.4,73.1,168.2,157.7,149.4,112,"CH.Mulhouse","CH.Mulhouse"
"639","Gommersdorf",88.2,107,46.4,27.5,27.1,98.1,193.1,152,172.8,136.9,"CH.Belfort","CH.Belfort"
"667","Ligsdorf",102.2,121,63.8,41.3,54.3,119.3,214.4,166,186.8,158.2,"CH.Mulhouse","CH.Mulhouse"
"675","Mertzen",98.1,117,56.4,34.8,32.6,104.6,199.6,161.9,180.9,143.4,"CH.Belfort","CH.Belfort"
"678","Moernach",104.1,122.9,65.7,36.8,46.4,111.5,206.6,167.9,187.8,150.3,"CH.Mulhouse","CH.Mulhouse"
"686","Oberbruck",95.5,114.3,50.5,35.8,31,73.2,168.3,159.3,149.5,112,"CH.Belfort","CH.Belfort"
"691","Oltingue",96.8,115.7,58.5,42.3,59.7,125.5,218.9,160.7,181.4,164,"CH.Mulhouse","CH.Mulhouse"
"697","Riespach",100.1,119,61.7,33.5,46.9,112,207,163.9,184.7,150.8,"CH.Mulhouse","CH.Mulhouse"
"705","Saint-Ulrich",94.3,113.2,52.6,33.5,28.8,102,197,158.1,178.2,140.8,"CH.Belfort","CH.Belfort"
"723","Thann",80.2,99.1,35.3,22.6,29.7,71.8,166.8,144.1,148.1,110.6,"CH.Mulhouse","CH.Mulhouse"
"734","Wildenstein",100.2,119,54.1,47.3,54.5,63.9,158.9,161.9,140.2,102.7,"CH.Mulhouse","CH.Mulhouse"
"745","Buschwiller",83.3,102.2,44.9,28.8,49.5,112.2,205.4,147.1,167.9,150.4,"CH.Mulhouse","CH.Mulhouse"
"748","Folgensbourg",84.2,103.1,45.8,29.7,50.4,113.2,206.3,148,168.8,151.4,"CH.Mulhouse","CH.Mulhouse"
"759","Knoeringue",88.5,107.4,50.1,30,51.6,117.1,210.6,152.3,173.1,155.6,"CH.Mulhouse","CH.Mulhouse"
"762","Leymen",99.8,118.7,61.4,45.3,66,128.7,221.9,163.6,184.4,166.9,"CH.Mulhouse","CH.Mulhouse"
"767","Michelbach-le-Haut",86.2,105,47.8,31.7,52.4,115.1,208.3,150,170.8,153.3,"CH.Mulhouse","CH.Mulhouse"
"774","Rosenau",76.1,95,37.7,21.6,42.3,105.1,198.2,139.9,160.7,143.3,"CH.Mulhouse","CH.Mulhouse"
"788","Bruebach",77.1,96,38.7,5.8,33.6,95.8,190.8,140.9,161.7,134.6,"CH.Mulhouse","CH.Mulhouse"
"822","Buhl",71.6,90.4,26.6,25.7,38.4,94.9,189.9,135.4,156.2,133.7,"CH.Mulhouse","CH.Mulhouse"
"823","Burnhaupt-le-Bas",76.5,95.4,34.8,16.8,20.3,86.5,181.5,140.3,161.1,125.3,"CH.Mulhouse","CH.Mulhouse"
"828","Fessenheim",67.1,85.9,28.9,31.6,50.4,113.1,189.2,130.9,151.7,134.2,"CH.Colmar","CH.Colmar"
"832","Issenheim",65.7,84.6,20.7,21.5,34.8,91.4,185.9,129.5,150.3,130.2,"CH.Colmar","CH.Colmar"
"840","Munwiller",56.9,75.7,18.5,24.6,41.2,97.7,179,120.7,141.4,124,"CH.Colmar","CH.Colmar"
"857","Uffholtz",74.6,93.5,29.7,20.2,27.4,81.1,176.1,138.5,157.3,119.9,"CH.Mulhouse","CH.Mulhouse"
"25","Holtzheim",13.5,32.6,45.2,68.2,86.5,114.4,162.7,80.2,101,107.8,"HTP","HTP"
"40","Oberschaeffolsheim",8.3,28.4,50.3,73.4,91.6,119.5,156.9,74.4,95.2,101.9,"HTP","HTP"
"57","Baldenheim",43.6,62.5,29.9,53,71.2,100.6,165.7,107.5,128.2,110.7,"CH.Colmar","CH.Colmar"
"61","Bernardvillé",30.2,49,36.3,59.4,77.6,96.8,161.8,94,114.7,106.9,"HTP","HTP"
"68","Bourgheim",23.8,42.7,29.7,52.8,71,98.9,163.9,87.7,108.4,109,"HTP","HTP"
"69","Châtenois",35,53.9,21.9,45,63.2,87,152.1,98.8,119.6,97.1,"CH.Colmar","CH.Colmar"
"76","Eichhoffen",27.3,46.1,33.8,56.9,75.1,99.5,164.6,91.1,111.9,109.7,"HTP","HTP"
"107","Muttersholtz",38.6,57.5,30.7,53.8,72,100,165,102.4,123.2,110.1,"CH.Colmar","CH.Colmar"
"132","Valff",22.9,41.8,34.5,57.6,75.8,103.7,168.8,86.7,107.5,113.8,"HTP","HTP"
"138","Avolsheim",24.1,43,43.7,66.8,85,110.7,155.5,73.1,93.8,100.6,"HTP","HTP"
"156","Dinsheim",25.1,44,45.5,68.5,86.8,106.1,161.2,78.8,99.5,106.3,"HTP","HTP"
"161","Flexbourg",26.6,46.6,52,75.1,93.3,110.5,154.1,71.6,92.4,99.1,"HTP","HTP"
"175","Mollkirch",32.2,51.1,49,72.1,90.3,105.5,162.6,86.5,107.2,107.7,"HTP","HTP"
"212","Wangen",19.1,39.1,52.1,75.2,93.4,119,146.7,64.2,85,91.7,"HTP","HTP"
"214","Westhoffen",23.1,42.7,53.4,76.5,94.7,117,149.2,66.8,87.5,94.3,"HTP","HTP"
"230","Bosselshausen",27.3,23.4,73.4,96.5,114.7,119.3,144.7,62.3,83,89.8,"CH.Haguenau","HTP"
"238","Diedendorf",55.7,51.8,97.7,120.8,139,107.2,132.7,40.8,61.5,75.7,"CH.Forbach","CH.Forbach"
"252","Eywiller",40,36.1,82,105.1,123.3,102.9,128.3,49.4,70.1,73.4,"CH.Haguenau","HTP"
"272","Hohatzenheim",22.6,21.2,71.5,94.5,112.7,125.7,151.1,68.7,89.4,96.2,"CH.Haguenau","HTP"
"297","Mittelhausen",17.2,20.5,66.4,89.5,107.7,125.4,150.9,68.5,89.2,96,"HTP","HTP"
"314","Ratzwiller",65.3,61.3,107.2,130.3,148.5,128.1,151.6,50.3,71.1,98.6,"CH.Forbach","CH.Forbach"
"316","Reinhardsmunster",40.1,39.7,74.1,97.2,115.4,117.7,143.2,62.3,83.1,88.2,"CH.Haguenau","HTP"
"333","Schillersdorf",35.1,28.8,81.2,104.3,122.5,123.6,149.1,66.1,86.9,94.1,"CH.Haguenau","HTP"
"352","Weiterswiller",35.6,31.6,81.7,104.8,123,117.8,143.3,57.6,78.4,88.3,"CH.Haguenau","HTP"
"355","Wimmenau",47.2,41.5,93.3,116.4,134.6,132.5,158,65.7,86.4,103,"CH.Haguenau","HTP"
"365","Biblisheim",36.8,19,82.8,105.9,124.1,136.8,162.3,79.8,100.6,107.3,"CH.Haguenau","HTP"
"380","Gunstett",35.9,18.6,82,105.1,123.3,136,161.4,79,99.7,106.5,"CH.Haguenau","HTP"
"381","Hatten",40.4,29.2,86.5,109.6,127.8,147,172.5,90,110.8,117.5,"CH.Haguenau","HTP"
"384","Hunspach",43.3,25.5,89.4,112.5,130.7,143.4,168.8,86.4,107.1,113.9,"CH.Haguenau","HTP"
"405","Niederlauterbach",41.9,38.8,88,111,129.2,150.9,176.3,93.9,114.6,121.4,"CH.Haguenau","HTP"
"410","Oberlauterbach",40.7,37.6,86.8,109.8,128.1,149.7,175.1,92.7,113.5,120.2,"CH.Haguenau","HTP"
"468","Kilstett",19.2,24.4,65.3,88.3,106.5,129,154.5,72,92.8,99.5,"HTP","HTP"
"475","Mommenheim",18.2,12.2,64.3,87.4,105.6,118.8,144.2,61.8,82.5,89.3,"CH.Haguenau","HTP"
"481","Ohlungen",26.9,12.9,73,96.1,114.3,125.6,151.1,68.6,89.4,96.1,"CH.Haguenau","HTP"
"504","Baltzenheim",56.2,75.1,23.7,45.5,63.7,108.4,178.2,120,140.8,123.3,"CH.Colmar","CH.Colmar"
"519","Logelheim",52.7,71.5,14.5,29.3,47.5,100.4,174.8,116.5,137.3,119.8,"CH.Colmar","CH.Colmar"
"535","Bennwihr",47.8,66.7,12.1,39.1,56.4,89.2,162.1,111.7,132.4,107.1,"CH.Colmar","CH.Colmar"
"549","Hunawihr",47,65.9,15.5,42.3,59.8,92.6,159.8,110.8,131.6,104.8,"CH.Colmar","CH.Colmar"
"551","Illhaeusern",41.2,60.1,17.8,40.9,59.1,98.2,163.3,105,125.8,108.4,"CH.Colmar","CH.Colmar"
"554","Kaysersberg",53.5,72.4,10.7,41.4,55,80.7,160,117.3,138.1,105.1,"CH.Colmar","CH.Colmar"
"623","Durlinsdorf",105.9,124.7,67.5,40.1,47.8,112.9,207.9,169.7,189.2,151.7,"CH.Mulhouse","CH.Mulhouse"
"626","Elbach",94.1,112.9,52.3,33.3,24.2,96.9,191.9,157.9,173.2,135.7,"CH.Belfort","CH.Belfort"
"640","Grentzingen",96.3,115.2,57.9,28.4,43.8,110,205,160.1,180.9,148.8,"CH.Mulhouse","CH.Mulhouse"
"642","Guewenheim",81.6,100.5,36.7,22,24.3,85.4,180.5,145.4,161.7,124.2,"CH.Mulhouse","CH.Mulhouse"
"684","Muespach-le-Haut",86.7,105.6,48.4,32,52.9,115.7,208.8,150.6,171.3,153.9,"CH.Mulhouse","CH.Mulhouse"
"685","Niederbruck",92.5,111.4,47.6,32.9,28.1,74,169.1,156.3,150.3,112.9,"CH.Belfort","CH.Belfort"
"702","Ruederbach",97,115.9,58.6,29.1,44.5,110.6,205.7,160.8,181.6,149.5,"CH.Mulhouse","CH.Mulhouse"
"717","Steinsoultz",92.7,111.5,54.3,34.1,49.5,115.7,210.7,156.5,177.2,154.5,"CH.Mulhouse","CH.Mulhouse"
"728","Vieux-Ferrette",99.4,118.3,61,36.1,49.5,114.6,209.6,163.2,184,153.4,"CH.Mulhouse","CH.Mulhouse"
"766","Michelbach-le-Bas",82.2,101,43.8,23.7,48.4,111.1,204.3,146,166.7,149.3,"CH.Mulhouse","CH.Mulhouse"
"777","Sierentz",71.8,90.7,33.5,17.3,38,100.8,193.9,135.7,156.4,139,"CH.Mulhouse","CH.Mulhouse"
"786","Zaessingue",87,105.9,48.7,21.4,45.6,111.1,206.1,150.9,171.6,149.9,"CH.Mulhouse","CH.Mulhouse"
"804","Lutterbach",71.9,90.8,33.6,11.7,26,86.8,181.8,135.8,156.5,125.6,"CH.Mulhouse","CH.Mulhouse"
"812","Ruelisheim",70,88.8,31.6,18.1,35.9,98.4,192.1,133.8,154.5,137.1,"CH.Mulhouse","CH.Mulhouse"
"827","Feldkirch",66.9,85.7,21.9,16.7,32.7,89.2,184.3,130.7,151.5,128,"CH.Mulhouse","CH.Mulhouse"
"837","Merxheim",62.5,81.4,19.9,22.6,34.7,91.2,184.6,126.3,147.1,129.7,"CH.Colmar","CH.Colmar"
"4","Hoenheim",8.7,22.2,54.8,77.9,96.1,124,152.2,69.8,90.5,97.3,"HTP","HTP"
"14","Durningen",18.9,25.7,64.8,87.9,106.1,123,148.4,66,86.7,93.5,"HTP","HTP"
"15","Eckbolsheim",5.2,26.2,50.3,73.4,91.6,119.5,156.2,73.8,94.6,101.3,"HTP","HTP"
"17","Eschau",14.2,33.1,47,70,88.2,116.1,163.2,80.7,101.5,108.2,"HTP","HTP"
"30","Kienheim",17.9,27.6,66.5,89.6,107.8,124.9,150.3,67.9,88.6,95.4,"HTP","HTP"
"33","Lampertheim",11.1,20.2,57.5,80.6,98.8,124.8,150.3,67.8,88.6,95.3,"HTP","HTP"
"67","Bootzheim",46.8,65.7,27.3,49.3,67.5,103.8,168.9,110.6,131.4,113.9,"CH.Colmar","CH.Colmar"
"75","Ebersmunster",31.7,50.5,28.7,51.7,70,97.9,162.9,95.5,116.2,108,"CH.Colmar","CH.Colmar"
"125","Schoenau",48.2,67.1,40,62,80.2,114.1,179.2,114.7,135.5,124.2,"CH.Colmar","CH.Colmar"
"140","Bassemberg",40.7,59.5,34.1,57.2,75.4,83.3,148.4,104.5,125.2,93.5,"CH.Colmar","CH.Colmar"
"168","Heiligenberg",30.4,49.3,50.8,73.9,92.1,104.8,162,84.1,104.8,107.1,"HTP","HTP"
"215","Wildersbach",48.5,67.4,63.5,86.6,104.8,90.2,147.4,102.8,123.5,92.4,"HTP","HTP"
"234","Buswiller",25.4,21.4,71.5,94.6,112.8,118.1,143.6,61.1,81.9,88.6,"CH.Haguenau","HTP"
"255","Furchhausen",30.8,30.2,65,88.1,106.3,109.8,135.2,52.8,73.5,80.3,"CH.Haguenau","HTP"
"290","Lupstein",29.8,26.4,70.8,93.9,112.1,115.7,141.2,58.7,79.5,86.2,"CH.Haguenau","HTP"
"301","Niedermodern",32.3,18.4,78.4,101.5,119.7,125.1,150.5,68.1,88.8,95.6,"CH.Haguenau","HTP"
"323","Rosteig",52.8,47,98.9,122,140.2,131,156.5,59.6,80.3,101.5,"CH.Haguenau","HTP"
"325","Saint-Jean-Saverne",33.1,29.2,71.8,94.9,113.1,105.1,130.6,48.1,68.9,75.7,"CH.Haguenau","HTP"
"349","Waltenheim-sur-Zorn",19.8,13.8,65.9,89,107.2,118,143.5,61,81.8,88.5,"CH.Haguenau","HTP"
"383","Hoffen",41.7,23.9,87.8,110.9,129.1,141.7,167.2,84.7,105.5,112.2,"CH.Haguenau","HTP"
"427","Siegen",42.8,38.4,88.9,112,130.2,151.8,177.3,94.8,115.6,122.4,"CH.Haguenau","HTP"
"493","Vendenheim",11.4,18.7,57.5,80.6,98.8,123.3,148.8,66.3,87.1,93.8,"HTP","HTP"
"500","Andolsheim",48.3,67.1,10.1,30.5,48.7,96,170.3,112.1,132.8,115.4,"CH.Colmar","CH.Colmar"
"503","Balgau",67.1,85.9,28.9,31.6,50.4,113.1,189.2,130.9,151.7,134.2,"CH.Colmar","CH.Colmar"
"542","Gueberschwihr",59.4,78.3,13.6,28.8,40.9,95.8,178.8,123.3,144,123.8,"CH.Colmar","CH.Colmar"
"610","Bitschwiller-les-Thann",82.9,101.7,37.9,25.2,32.3,71,166,146.7,147.3,109.8,"CH.Mulhouse","CH.Mulhouse"
"655","Husseren-Wesserling",92.4,111.3,47.5,34.7,41.9,62.4,157.5,156.2,138.7,101.2,"CH.Mulhouse","CH.Mulhouse"
"746","Dietwiller",72.2,91.1,33.8,13.2,37.9,100.7,194.3,136,156.8,139.4,"CH.Mulhouse","CH.Mulhouse"
"772","Riedisheim",69.3,88.2,30.9,5.7,30.4,93.2,188.2,133.1,153.9,132,"CH.Mulhouse","CH.Mulhouse"
"783","Wahlbach",86.4,105.2,48,18.1,42.5,108,203.1,150.2,170.9,146.9,"CH.Mulhouse","CH.Mulhouse"
"800","Chalampé",73.3,92.2,35,20.4,38.7,101.4,195.4,137.2,157.9,140.2,"CH.Mulhouse","CH.Mulhouse"
"813","Sausheim",66.5,85.3,28.1,9.5,29.7,92.4,187.5,130.3,151,131.3,"CH.Mulhouse","CH.Mulhouse"
"842","Niederentzen",57.2,76.1,18.9,29.8,44.4,100.9,179.3,121.1,141.8,124.4,"CH.Colmar","CH.Colmar"
"12","Dossenheim-Kochersberg",16.2,33.5,56.7,79.8,98,125.7,152.9,70.5,91.2,98,"HTP","HTP"
"24","Hangenbieten",16.8,36.8,46.8,69.9,88.1,116,161.8,79.4,100.2,106.9,"HTP","HTP"
"41","Osthoffen",16.3,36.3,48.5,71.6,89.8,117.5,154.2,71.8,92.5,99.3,"HTP","HTP"
"48","Rohr",18.5,23.4,66.2,89.3,107.5,120.7,146.2,63.7,84.5,91.2,"HTP","HTP"
"52","Willgottheim",21.2,30.7,62.3,85.4,103.6,119.1,144.6,62.1,82.9,89.6,"HTP","HTP"
"102","Marckolsheim",45.4,64.3,24.4,46.4,64.6,102.4,167.4,109.2,130,112.5,"CH.Colmar","CH.Colmar"
"177","Muhlbach-sur-Bruche",34,52.9,54.4,77.4,95.7,94.6,151.8,88.2,109,96.8,"HTP","HTP"
"193","Saales",57.8,76.6,51.2,74.3,92.5,68.6,133.1,112.1,114.4,78.2,"CH.Colmar","CH.Colmar"
"219","Allenwiller",25.1,32.8,59.1,82.1,100.4,112.4,137.9,55.4,76.2,82.9,"HTP","HTP"
"253","Friedolsheim",26.8,31.2,65.5,88.5,106.8,114.5,140,57.5,78.3,85,"HTP","HTP"
"256","Geiswiller",29.6,25.6,75.7,98.8,117,118.7,144.2,61.7,82.5,89.2,"CH.Haguenau","HTP"
"258","Goerlingen",51.9,48,93.9,117,135.2,96.8,122.2,50.5,71.2,67.3,"CH.Haguenau","CH.Forbach"
"263","Haegen",37.8,33.9,72,95.1,113.3,111.9,137.3,56.5,77.2,82.4,"CH.Haguenau","HTP"
"265","Hattmatt",31.5,27.6,71.2,94.3,112.5,107.2,132.6,50.2,71,77.7,"CH.Haguenau","HTP"
"279","Kirrberg",52,48,94,117,135.3,100.8,126.3,48.8,69.6,71.4,"CH.Haguenau","CH.Forbach"
"298","Monswiller",30.2,26.3,67.7,90.8,109,105.9,131.4,48.9,69.7,76.4,"CH.Haguenau","HTP"
"321","Ringeldorf",29.1,19.9,75.2,98.3,116.5,121.9,147.4,64.9,85.7,92.4,"CH.Haguenau","HTP"
"326","Salenthal",27.7,35.4,61.6,84.7,102.9,115,140.4,58,78.8,85.5,"HTP","HTP"
"331","Schalkendorf",29.3,24,75.4,98.5,116.7,122,147.4,65,85.8,92.5,"CH.Haguenau","HTP"
"337","Siewiller",46.1,42.2,88.1,111.2,129.4,106.6,132.1,39.8,60.6,77.1,"CH.Forbach","CH.Forbach"
"341","Steinbourg",30.9,27,70.6,93.7,111.9,106.6,132.1,49.6,70.4,77.1,"CH.Haguenau","HTP"
"354","Wilwisheim",24.9,21,71,94.1,112.3,114.4,139.8,57.4,78.1,84.9,"CH.Haguenau","HTP"
"356","Wingen-sur-Moder",50.5,44.8,96.6,119.7,137.9,126.8,152.2,60.4,81.2,97.3,"CH.Haguenau","HTP"
"363","Aschbach",43.5,30.1,89.6,112.7,130.9,147.9,173.4,90.9,111.7,118.4,"CH.Haguenau","HTP"
"387","Kesseldorf",28.8,25.8,74.9,98,116.2,137.9,163.3,80.9,101.6,108.4,"CH.Haguenau","HTP"
"396","Lobsann",43.5,25.7,89.6,112.7,130.9,143.6,169,86.6,107.3,114.1,"CH.Haguenau","HTP"
"406","Niederroedern",34.2,31.1,80.3,103.4,121.6,143.2,168.7,86.2,107,113.7,"CH.Haguenau","HTP"
"416","Retschwiller",40,22.2,86.1,109.2,127.4,140,165.5,83,103.8,110.5,"CH.Haguenau","HTP"
"432","Trimbach",41.6,33.4,87.7,110.8,129,150.7,176.1,93.7,114.4,121.2,"CH.Haguenau","HTP"
"458","Gambsheim",18.7,23.2,64.8,87.9,106.1,127.8,153.2,70.8,91.5,98.3,"HTP","HTP"
"469","Krautwiller",18.7,14.2,64.8,87.8,106,121,146.5,64,84.8,91.5,"CH.Haguenau","HTP"
"487","Schirrhein",29.2,15.9,75.3,98.4,116.6,134.5,160,77.5,98.3,105,"CH.Haguenau","HTP"
"492","Uhlwiller",25.5,15.8,71.6,94.7,112.9,122.7,148.2,65.7,86.5,93.2,"CH.Haguenau","HTP"
"516","Houssen",46.2,65,10.1,33.6,51.8,93,168.3,110,130.7,113.3,"CH.Colmar","CH.Colmar"
"538","Eguisheim",53.8,72.7,7.7,33.5,45.6,89.7,172.7,117.7,138.4,117.8,"CH.Colmar","CH.Colmar"
"555","Kientzheim",51.1,70,10.5,40.5,54.7,83.7,163,114.9,135.7,108.1,"CH.Colmar","CH.Colmar"
"557","Lapoutroie",64,82.8,21.2,51.9,65.4,73.3,152.7,127.8,133.9,97.7,"CH.Colmar","CH.Colmar"
"558","Le Bonhomme",68,86.9,25.2,55.9,69.5,67.1,146.5,131.8,127.7,91.5,"CH.Colmar","CH.Colmar"
"569","Ostheim",44.5,63.3,10.3,33.4,51.6,93.6,166.6,108.3,129.1,111.6,"CH.Colmar","CH.Colmar"
"605","Berentzwiller",87.9,106.7,49.5,29.4,48.2,113.8,208.8,151.7,172.4,152.6,"CH.Mulhouse","CH.Mulhouse"
"618","Chavannes-sur-l'Etang",94.8,113.7,51.8,35.1,16.9,90.1,185.2,158.6,166.4,128.9,"CH.Belfort","CH.Belfort"
"622","Dolleren",97.7,116.6,52.8,38.1,33.3,69,164,161.6,145.2,107.8,"CH.Belfort","CH.Belfort"
"629","Falkwiller",82.6,101.4,39,22.8,20.6,90.7,185.7,146.4,167,129.5,"CH.Belfort","CH.Belfort"
"631","Fellering",93.4,112.2,48.4,35.7,42.9,61.7,156.8,157.2,138,100.6,"CH.Mulhouse","CH.Mulhouse"
"641","Guevenatten",84.9,103.8,41.8,25.2,22.5,93.4,188.5,148.8,169.5,132.3,"CH.Belfort","CH.Belfort"
"654","Hundsbach",90.6,109.4,52.2,25.2,42.4,107.9,202.9,154.4,175.1,146.7,"CH.Mulhouse","CH.Mulhouse"
"656","Illfurth",81.7,100.5,43.3,13.8,31.9,96.4,191.4,145.5,166.2,135.2,"CH.Mulhouse","CH.Mulhouse"
"657","Jettingen",86.5,105.4,48.1,27.3,45.4,110.9,205.9,150.3,171.1,149.7,"CH.Mulhouse","CH.Mulhouse"
"708","Seppois-le-Bas",102.3,121.2,62.4,34.4,36.7,101.8,196.8,166.2,178,140.6,"CH.Mulhouse","CH.Mulhouse"
"712","Sondersdorf",102,120.8,63.6,41.1,54.5,119.6,214.6,165.8,186.6,158.4,"CH.Mulhouse","CH.Mulhouse"
"718","Sternenberg",81.8,100.7,38.2,22.1,19.8,89.9,184.9,145.6,166.2,128.7,"CH.Belfort","CH.Belfort"
"719","Storckensohn",95.6,114.5,50.7,37.9,45.1,59.2,154.2,159.5,135.4,98,"CH.Mulhouse","CH.Mulhouse"
"722","Tagsdorf",89.5,108.3,51.1,18.9,38.7,104.2,199.2,153.3,174,143,"CH.Mulhouse","CH.Mulhouse"
"740","Wolschwiller",100.8,119.7,62.4,46.3,62.1,127.2,222.2,164.6,185.4,166,"CH.Mulhouse","CH.Mulhouse"
"752","Hagenthal-le-Haut",91.9,110.8,53.6,37.4,58.1,120.9,214,155.8,176.5,159.1,"CH.Mulhouse","CH.Mulhouse"
"761","Landser",77.5,96.3,39.1,10.4,38.2,100.5,195.5,141.3,162.1,139.3,"CH.Mulhouse","CH.Mulhouse"
"787","Zimmersheim",74.3,93.2,35.9,8.7,36.6,99,194.1,138.1,158.9,137.9,"CH.Mulhouse","CH.Mulhouse"
"798","Bantzenheim",73.8,92.6,35.4,22.3,41,103.8,195.9,137.6,158.3,140.9,"CH.Mulhouse","CH.Mulhouse"
"808","Petit-Landau",79.1,98,40.8,24.5,45.2,107.9,201.2,143,163.7,146.3,"CH.Mulhouse","CH.Mulhouse"
"810","Reiningue",75.2,94,35.4,15.1,27.1,86.5,181.5,139,159.8,125.3,"CH.Mulhouse","CH.Mulhouse"
"814","Wittenheim",68.8,87.6,30.4,14.4,32.3,95.1,190.1,132.6,153.4,133.9,"CH.Mulhouse","CH.Mulhouse"
"829","Guebwiller",69.7,88.5,24.7,23.8,36.4,93,188,133.5,154.2,131.8,"CH.Mulhouse","CH.Mulhouse"
"852","Rumersheim-le-Haut",73.6,92.4,35.2,23.1,41.9,104.6,195.7,137.4,158.2,140.7,"CH.Mulhouse","CH.Mulhouse"
"855","Staffelfelden",72.6,91.4,28.8,16.4,28.6,85.2,180.2,136.4,157.1,124,"CH.Mulhouse","CH.Mulhouse"
"7","Achenheim",8.3,28.4,50.3,73.4,91.6,119.5,156.9,74.4,95.2,101.9,"HTP","HTP"
"9","Blaesheim",17.1,36,41.9,65,83.2,111.1,166.1,83.6,104.4,111.1,"HTP","HTP"
"13","Duppigheim",16.2,35.1,41.3,64.3,82.6,110.4,163.2,80.8,101.5,108.3,"HTP","HTP"
"19","Fessenheim-le-Bas",16.9,36.3,57.5,80.6,98.8,124.6,150.2,67.7,88.5,95.2,"HTP","HTP"
"21","Geispolsheim",12.1,31,43.6,66.6,84.8,112.7,161,78.6,99.3,106.1,"HTP","HTP"
"31","Kolbsheim",13.7,33.8,45.8,68.9,87.1,115,158.8,76.3,97.1,103.8,"HTP","HTP"
"32","Kuttolsheim",19,34.7,59.2,82.3,100.5,123.1,148.6,66.1,86.9,93.6,"HTP","HTP"
"44","Pfulgriesheim",9.2,23.5,58.3,81.4,99.6,127.5,153.5,71.1,91.8,98.6,"HTP","HTP"
"46","Quatzenheim",16.2,33.5,56.7,79.8,98,125.7,152.9,70.5,91.2,98,"HTP","HTP"
"49","Schnersheim",17.3,29.6,61.3,84.4,102.6,125.5,150.9,68.5,89.2,96,"HTP","HTP"
"62","Bindernheim",40.9,59.7,39.6,62.7,80.9,108.8,173.8,106.4,127.2,118.9,"CH.Colmar","CH.Colmar"
"63","Blienschwiller",33.9,52.8,31.2,54.2,72.5,96.8,161.8,97.7,118.5,106.9,"CH.Colmar","CH.Colmar"
"66","Boofzheim",31.4,50.3,42.8,65.9,84.1,112,177.1,97.9,118.7,122.1,"HTP","HTP"
"77","Elsenheim",47.5,66.3,24.8,46.8,65,104.4,169.5,111.3,132.1,114.6,"CH.Colmar","CH.Colmar"
"80","Friesenheim",35.4,54.3,43.8,65.8,84,114.8,179.9,101.9,122.7,124.9,"HTP","HTP"
"94","Kertzfeld",27.8,46.7,34.6,57.7,75.9,103.8,168.8,94.3,115.1,113.9,"HTP","HTP"
"95","Kintzheim",34.8,53.7,22.5,45.6,63.8,89.5,154.6,98.6,119.4,99.7,"CH.Colmar","CH.Colmar"
"98","La Vancelle",45,63.8,31.8,54.9,73.1,79.4,144.4,108.8,125.7,89.5,"CH.Colmar","CH.Colmar"
"99","Le Hohwald",37.7,56.5,44.2,67.2,85.5,95.3,153.5,101.5,122.2,98.6,"HTP","HTP"
"103","Matzenheim",22.3,41.1,34.7,57.8,76,103.9,168.9,88.7,109.5,114,"HTP","HTP"
"109","Nordhouse",16.4,35.3,41.5,64.6,82.8,110.7,165.3,82.9,103.7,110.4,"HTP","HTP"
"118","Richtolsheim",50,68.9,33.2,55.2,73.4,107,172.1,113.9,134.6,117.1,"CH.Colmar","CH.Colmar"
"122","Sand",24.6,43.5,35.8,58.9,77.1,105,170.1,91.1,111.8,115.1,"HTP","HTP"
"128","Sermersheim",29.9,48.7,29.3,52.4,70.6,98.5,163.6,96.4,117.1,108.6,"CH.Colmar","CH.Colmar"
"136","Albé",39.3,58.2,32.8,55.9,74.1,87.3,152.4,103.1,123.9,97.4,"CH.Colmar","CH.Colmar"
"148","Breitenau",43.6,62.4,36.1,59.2,77.4,87.5,152.6,107.4,128.1,97.6,"CH.Colmar","CH.Colmar"
"154","Dangolsheim",24,44.1,48.4,71.5,89.7,111.6,152.2,69.7,90.5,97.2,"HTP","HTP"
"164","Grandfontaine",49.8,68.7,68.5,91.5,109.8,79,134.2,92.1,112.5,79.2,"HTP","HTP"
"165","Grendelbruch",39.3,58.1,55,78.1,96.3,98.1,155.2,93.5,114.3,100.3,"HTP","HTP"
"176","Molsheim",23.1,42,42.7,65.8,84,108.9,156,73.5,94.3,101,"HTP","HTP"
"179","Natzwiller",48.2,67,63.2,86.2,104.5,89.8,147,102.4,123.2,92,"HTP","HTP"
"181","Neuve-Eglise",37.7,56.6,31.2,54.3,72.5,87.7,152.8,101.6,122.3,97.9,"CH.Colmar","CH.Colmar"
"197","Saint-Nabor",26.8,45.6,39,62.1,80.3,108.2,170.5,89.1,109.9,115.6,"HTP","HTP"
"200","Schirmeck",41.5,60.3,61.4,84.5,102.7,87.8,143,95.7,116.5,88.1,"HTP","HTP"
"202","Soultz-les-Bains",22.7,42.8,46,69.1,87.3,112.9,151.4,68.9,89.7,96.4,"HTP","HTP"
"204","Still",28.5,47.3,48.8,71.9,90.1,106,159.7,77.3,98,104.8,"HTP","HTP"
"205","Thanvillé",36.6,55.5,26.9,49.9,68.2,87.6,152.7,100.4,121.2,97.8,"CH.Colmar","CH.Colmar"
"208","Urbeis",46.2,65.1,39.7,62.8,81,86,151.1,110,130.8,96.2,"CH.Colmar","CH.Colmar"
"218","Adamswiller",56.5,52.6,98.5,121.6,139.8,117,142.5,41.6,62.3,87.5,"CH.Forbach","CH.Forbach"
"221","Altenheim",28.4,30.1,66.8,89.9,108.1,113.8,139.3,56.8,77.6,84.3,"HTP","HTP"
"223","Asswiller",52.5,48.5,94.4,117.5,135.7,112.9,138.4,41.7,62.5,83.4,"CH.Forbach","CH.Forbach"
"226","Bettwiller",52.4,48.5,94.4,117.5,135.7,112.9,138.3,37.5,58.2,83.4,"CH.Forbach","CH.Forbach"
"231","Bossendorf",21.2,17.3,67.3,90.4,108.6,113.9,139.4,56.9,77.7,84.4,"CH.Haguenau","HTP"
"242","Dossenheim-sur-Zinsel",34,30.1,73.7,96.8,115,109.7,135.1,52.7,73.4,80.2,"CH.Haguenau","HTP"
"250","Eschwiller",40,36.1,82,105.1,123.3,102.9,128.3,49.4,70.1,73.4,"CH.Haguenau","HTP"
"259","Gottenhouse",30.9,31,64.9,87.9,106.2,110.6,136,53.6,74.4,81.1,"HTP","HTP"
"260","Gottesheim",29.6,25.7,75.7,98.8,117,116.2,141.6,59.2,79.9,86.7,"CH.Haguenau","HTP"
"269","Hinsingen",62.1,58.1,104,127.1,145.3,124.9,136,34.7,55.5,82,"CH.Forbach","CH.Forbach"
"280","Kleingoeft",26.8,33.1,60.8,83.9,102.1,112.7,138.2,55.8,76.5,83.3,"HTP","HTP"
"281","Knoersheim",27.5,33.3,61.8,84.9,103.1,114.3,139.8,57.3,78.1,84.8,"HTP","HTP"
"285","Littenheim",29.8,26.4,70.8,93.9,112.1,115.7,141.2,58.7,79.5,86.2,"CH.Haguenau","HTP"
"288","Lohr",49.7,45.7,91.6,114.7,132.9,110.1,135.6,44.1,64.8,80.6,"CH.Forbach","CH.Forbach"
"291","Mackwiller",53.3,49.3,95.2,118.3,136.5,116.1,139.6,38.3,59.1,86.6,"CH.Forbach","CH.Forbach"
"293","Marmoutier",26,31.8,59.9,83,101.2,111.4,136.9,54.4,75.2,81.9,"HTP","HTP"
"304","Oermingen",59,55.1,101,124.1,142.3,121.9,134.8,33.5,54.2,89.6,"CH.Forbach","CH.Forbach"
"309","Pfaffenhoffen",32.3,18.4,78.4,101.5,119.7,125.1,150.5,68.1,88.8,95.6,"CH.Haguenau","HTP"
"310","Pfalzweyer",40.7,36.8,82.7,105.8,124,101.2,126.7,47.5,68.2,71.7,"CH.Haguenau","HTP"
"313","Rangen",24.8,30.6,59,82.1,100.3,117,142.4,60,80.8,87.5,"HTP","HTP"
"327","Sarre-Union",50.3,46.4,92.3,115.4,133.6,113.1,136.6,35.3,56.1,83.7,"CH.Forbach","CH.Forbach"
"332","Scherlenheim",26.7,22.8,72.8,95.9,114.1,117.8,143.3,60.9,81.6,88.4,"CH.Haguenau","HTP"
"336","Schwindratzheim",21,16,67.1,90.2,108.4,114.3,139.8,57.4,78.1,84.9,"CH.Haguenau","HTP"
"350","Weinbourg",38.9,34.9,85,108.1,126.3,123.7,149.2,61.3,82,94.2,"CH.Haguenau","HTP"
"364","Beinheim",32.6,29.6,78.7,101.8,120,141.7,167.1,84.7,105.4,112.2,"CH.Haguenau","HTP"
"369","Croettwiller",39.2,36.1,85.3,108.4,126.6,148.2,173.7,91.2,112,118.7,"CH.Haguenau","HTP"
"375","Forstheim",34.3,18.7,80.4,103.5,121.7,134.4,159.9,77.4,98.2,104.9,"CH.Haguenau","HTP"
"382","Hegeney",33.7,16.3,79.8,102.8,121.1,133.7,159.2,76.7,97.5,104.2,"CH.Haguenau","HTP"
"397","Memmelshoffen",43.2,25.4,89.3,112.4,130.6,143.2,168.7,86.3,107,113.8,"CH.Haguenau","HTP"
"402","Mothern",36.1,33.1,82.2,105.3,123.5,145.2,170.6,88.2,108.9,115.7,"CH.Haguenau","HTP"
"408","Oberbronn",41.3,25.7,87.4,110.5,128.7,138.2,163.7,72.1,100.2,108.7,"CH.Haguenau","HTP"
"411","Oberroedern",44.6,26.8,90.7,113.8,132,144.7,170.1,87.7,108.4,115.2,"CH.Haguenau","HTP"
"415","Reichshoffen",36.8,21.2,82.9,106,124.2,136.9,162.4,71.8,100.7,107.4,"CH.Haguenau","HTP"
"417","Riedseltz",48.2,30.4,94.3,117.4,135.6,148.3,173.7,91.3,112,118.8,"CH.Haguenau","HTP"
"420","Rott",54,36.2,100.1,123.2,141.4,154.1,179.5,96.5,117.8,124.6,"CH.Haguenau","HTP"
"430","Stundwiller",42.1,28.8,88.2,111.2,129.4,146.7,172.1,89.7,110.4,117.2,"CH.Haguenau","HTP"
"433","Uberach",32.4,16.7,78.5,101.6,119.8,125.3,150.8,68.3,89.1,95.8,"CH.Haguenau","HTP"
"439","Wintzenbach",36,33,82.1,105.2,123.4,145.1,170.5,88.1,108.8,115.6,"CH.Haguenau","HTP"
"443","Auenheim",26.6,23.3,72.7,95.8,114,135.6,161.1,78.6,99.4,106.1,"CH.Haguenau","HTP"
"444","Batzendorf",19.9,8.7,66,89.1,107.3,119.9,145.4,62.9,83.7,90.4,"CH.Haguenau","HTP"
"448","Bilwisheim",18.6,17.8,64.7,87.7,106,124.5,150,67.5,88.3,95,"CH.Haguenau","HTP"
"455","Eckwersheim",15.2,17.6,61.3,84.3,102.6,122.2,147.7,65.2,86,92.8,"HTP","HTP"
"460","Gries",23,12.7,69.1,92.1,110.4,132,157.4,75,95.7,102.5,"CH.Haguenau","HTP"
"470","Kriegsheim",20.3,10.2,66.4,89.5,107.7,120.8,146.3,63.8,84.6,91.3,"CH.Haguenau","HTP"
"471","Kurtzenhouse",20.1,15.4,66.2,89.3,107.5,129.1,154.6,72.1,92.9,99.7,"CH.Haguenau","HTP"
"472","La Wantzenau",16.7,21.9,62.8,85.9,104.1,126.5,152,69.5,90.3,97,"HTP","HTP"
"477","Neuhaeusel",34.4,31.1,80.5,103.6,121.8,143.4,168.9,86.5,107.2,114,"CH.Haguenau","HTP"
"478","Niederschaeffolsheim",19.4,7.4,65.5,88.6,106.8,119.5,145,62.5,83.3,90,"CH.Haguenau","HTP"
"479","Oberhoffen-sur-Moder",25.5,12.5,71.6,94.6,112.9,131.2,156.6,74.2,94.9,101.7,"CH.Haguenau","HTP"
"483","Roeschwoog",29.3,26,75.4,98.5,116.7,138.4,163.8,81.4,102.1,108.9,"CH.Haguenau","HTP"
"485","Rottelsheim",17.9,9.9,64,87.1,105.3,120.5,146,63.5,84.3,91,"CH.Haguenau","HTP"
"509","Durrenentzen",54.5,73.3,17.9,39.2,57.4,103,176.6,118.3,139,121.6,"CH.Colmar","CH.Colmar"
"528","Vogelgrun",59.9,78.8,21.8,38.6,56.8,107.7,182,123.8,144.5,127.1,"CH.Colmar","CH.Colmar"
"529","Weckolsheim",57.9,76.8,19.8,33,51.2,105.7,180,121.8,142.5,125.1,"CH.Colmar","CH.Colmar"
"536","Bergheim",40.7,59.6,16.8,39.9,58.1,93.8,158.8,104.5,125.3,103.9,"CH.Colmar","CH.Colmar"
"539","Eschbach-au-Val",67.3,86.2,21.3,51.9,64,75.2,169.6,131.1,150.9,113.4,"CH.Colmar","CH.Colmar"
"546","Hattstatt",58.2,77.1,12.4,30.2,42.2,94.5,177.6,122.1,142.8,122.6,"CH.Colmar","CH.Colmar"
"553","Katzenthal",52.4,71.3,7.6,38.8,51.9,88.6,168.6,116.3,137,113.7,"CH.Colmar","CH.Colmar"
"573","Rodern",41.3,60.1,21.6,44.7,62.9,90,155.1,105.1,125.9,100.2,"CH.Colmar","CH.Colmar"
"583","Soultzeren",71.3,90.1,25.2,55.9,68,64.6,159.1,135.1,140.3,102.9,"CH.Colmar","CH.Colmar"
"585","Stosswihr",67.9,86.8,21.9,52.5,64.6,68.1,162.6,131.7,143.8,106.4,"CH.Colmar","CH.Colmar"
"587","Turckheim",52,70.8,5.9,37.7,49.8,85.6,170.8,115.8,136.5,115.9,"CH.Colmar","CH.Colmar"
"601","Ballersdorf",90.7,109.6,49.5,23.8,28.2,101.1,196.2,154.6,175.3,140,"CH.Mulhouse","CH.Mulhouse"
"611","Bourbach-le-Bas",87.2,106.1,42.3,28.7,31.2,83.5,178.5,151,159.7,122.3,"CH.Mulhouse","CH.Mulhouse"
"613","Bouxwiller",94.3,113.2,55.9,38.3,53,118.1,213.1,158.1,178.9,156.9,"CH.Mulhouse","CH.Mulhouse"
"621","Diefmatten",80.1,99,36.6,20.4,18.1,88.2,183.3,143.9,164.5,127,"CH.Belfort","CH.Belfort"
"627","Emlingen",89.5,108.3,51.1,18.9,38.7,104.2,199.2,153.3,174,143,"CH.Mulhouse","CH.Mulhouse"
"630","Feldbach",98.5,117.4,60.1,30.6,44,109.1,204.1,162.3,183.1,147.9,"CH.Mulhouse","CH.Mulhouse"
"643","Hagenbach",85,103.9,43.3,25.3,28.3,94.9,190,148.8,169.6,133.8,"CH.Mulhouse","CH.Mulhouse"
"651","Hirsingue",92.2,111,53.8,24.3,39.7,105.8,200.8,156,176.7,144.6,"CH.Mulhouse","CH.Mulhouse"
"653","Hochstatt",73.4,92.3,35.1,8.4,26,88.2,183.2,137.3,158,127,"CH.Mulhouse","CH.Mulhouse"
"665","Levoncourt",109.2,128.1,70.9,48.4,46.8,111.8,206.9,173.1,188.1,150.7,"CH.Belfort","CH.Belfort"
"694","Rammersmatt",84.9,103.7,39.9,27.2,33.6,81.1,176.2,148.7,157.4,119.9,"CH.Mulhouse","CH.Mulhouse"
"698","Rimbach-près-Masevaux",100.7,119.5,55.7,41,36.2,74.3,169.3,164.5,150.5,113.1,"CH.Belfort","CH.Belfort"
"699","Roderen",83.8,102.6,38.8,26.1,30.6,80.8,175.9,147.6,157.1,119.7,"CH.Mulhouse","CH.Mulhouse"
"700","Romagny",96,114.8,54.2,35.1,24.4,97.6,192.6,159.8,173.9,136.4,"CH.Belfort","CH.Belfort"
"703","Saint-Amarin",91.2,110.1,46.3,33.5,40.7,63.7,158.7,155,139.9,102.5,"CH.Mulhouse","CH.Mulhouse"
"704","Saint-Cosme",85.4,104.2,42.2,25.6,19.6,92.3,187.3,149.2,168.6,131.1,"CH.Belfort","CH.Belfort"
"713","Soppe-le-Bas",80.5,99.4,37.4,20.8,18.1,89,184.1,144.4,165.1,127.9,"CH.Belfort","CH.Belfort"
"714","Soppe-le-Haut",83.6,102.5,40.1,23.9,20.9,86.7,181.7,147.4,163,125.5,"CH.Belfort","CH.Belfort"
"715","Spechbach-le-Bas",83,101.9,41.9,17,27.4,93.6,188.6,146.9,167.6,132.4,"CH.Mulhouse","CH.Mulhouse"
"725","Traubach-le-Haut",86.8,105.7,43.3,27.1,24.8,94.9,190,150.7,171.2,133.8,"CH.Belfort","CH.Belfort"
"726","Ueberstrass",102.3,121.2,62.4,34.4,36.7,101.8,196.8,166.2,178,140.6,"CH.Mulhouse","CH.Mulhouse"
"735","Willer",94.3,113.1,55.9,28.4,45.6,111.1,206.1,158.1,178.8,149.9,"CH.Mulhouse","CH.Mulhouse"
"736","Willer-sur-Thur",85.6,104.4,40.6,27.9,35.1,70.3,165.4,149.4,146.6,109.2,"CH.Mulhouse","CH.Mulhouse"
"739","Wolfersdorf",89.2,108,47.4,28.4,24.3,97.4,192.5,153,173.7,136.3,"CH.Belfort","CH.Belfort"
"743","Blotzheim",78.7,97.6,40.3,24.2,44.9,107.6,200.8,142.5,163.3,145.8,"CH.Mulhouse","CH.Mulhouse"
"749","Geispitzen",77.4,96.2,39,18.4,43.1,105.8,199.5,141.2,161.9,144.5,"CH.Mulhouse","CH.Mulhouse"
"750","Habsheim",67.7,86.5,29.3,11.1,33.4,96.1,189.8,131.5,152.3,134.8,"CH.Mulhouse","CH.Mulhouse"
"751","Hagenthal-le-Bas",91.9,110.8,53.6,37.4,58.1,120.9,214,155.8,176.5,159.1,"CH.Mulhouse","CH.Mulhouse"
"756","Huningue",79.5,98.4,41.1,25,45.7,108.5,201.6,143.3,164.1,146.7,"CH.Mulhouse","CH.Mulhouse"
"757","Kappelen",79.2,98.1,40.8,20.3,45.4,108.2,201.3,143,163.8,146.4,"CH.Mulhouse","CH.Mulhouse"
"763","Liebenswiller",97.7,116.5,59.3,43.2,61.3,126.6,219.7,161.5,182.2,164.8,"CH.Mulhouse","CH.Mulhouse"
"770","Ranspach-le-Haut",84.1,103,45.8,25.7,47.2,112.7,206.2,148,168.7,151.3,"CH.Mulhouse","CH.Mulhouse"
"778","Steinbrunn-le-Bas",79.9,98.7,41.5,8.5,36.3,98.5,193.6,143.7,164.4,137.4,"CH.Mulhouse","CH.Mulhouse"
"779","Steinbrunn-le-Haut",82.3,101.1,43.9,10.9,38.7,100.9,196,146.1,166.8,139.8,"CH.Mulhouse","CH.Mulhouse"
"791","Flaxlanden",78.2,97.1,39.9,9.6,32.1,94.3,189.3,142.1,162.8,133.1,"CH.Mulhouse","CH.Mulhouse"
"793","Heimsbrunn",77.6,96.4,37.8,14.9,24.2,88.8,183.9,141.4,162.1,127.7,"CH.Mulhouse","CH.Mulhouse"
"801","Hombourg",72.9,91.7,34.5,20,38.2,101,195,136.7,157.5,139.8,"CH.Mulhouse","CH.Mulhouse"
"807","Ottmarsheim",71.3,90.2,32.9,18.4,36.6,99.4,193.4,135.1,155.9,138.2,"CH.Mulhouse","CH.Mulhouse"
"815","Aspach-le-Bas",75.7,94.6,30.8,18.8,22.7,81.3,176.3,139.5,157.5,120.1,"CH.Mulhouse","CH.Mulhouse"
"817","Bergholtz-zell",68.4,87.3,23.5,25.3,37.4,93.9,188.6,132.2,153,132.7,"CH.Colmar","CH.Colmar"
"818","Bernwiller",78,96.8,36.2,18.2,21.8,87.9,183,141.8,162.6,126.7,"CH.Mulhouse","CH.Mulhouse"
"826","Ensisheim",61.5,80.4,23.2,20.1,38.3,96.2,183.6,125.4,146.1,128.7,"CH.Mulhouse","CH.Mulhouse"
"836","Linthal",76.8,95.6,31.8,30.9,43.6,95.5,190.5,140.6,161.4,134.3,"CH.Mulhouse","CH.Mulhouse"
"841","Murbach",73.5,92.3,28.5,27.6,40.3,96.8,191.8,137.3,158.1,135.6,"CH.Mulhouse","CH.Mulhouse"
"846","Pulversheim",69.8,88.7,26.6,16.9,34.8,92.6,187.7,133.7,154.4,131.4,"CH.Mulhouse","CH.Mulhouse"
"23","Handschuheim",12.3,32.3,54.1,77.2,95.4,123.1,152.9,70.4,91.2,97.9,"HTP","HTP"
"37","Mundolsheim",11.1,20.2,57.5,80.6,98.8,124.8,150.3,67.8,88.6,95.3,"HTP","HTP"
"85","Heiligenstein",27.4,46.3,34.9,58,76.2,104.1,169.1,91.3,112,114.2,"HTP","HTP"
"105","Mittelbergheim",27.5,46.4,34,57.1,75.3,102.6,167.7,91.3,112.1,112.7,"HTP","HTP"
"114","Orschwiller",37.9,56.8,18.9,42,60.2,90.1,155.2,101.7,122.5,100.2,"CH.Colmar","CH.Colmar"
"150","Colroy-la-Roche",53.2,72,47.5,70.6,88.8,79.4,136.6,107.4,117.9,81.7,"CH.Colmar","CH.Colmar"
"195","Saint-Martin",39.2,58.1,32.7,55.8,74,86.7,151.7,103,123.8,96.7,"CH.Colmar","CH.Colmar"
"211","Waldersbach",50.5,69.3,50.7,73.8,92,81.9,139.1,104.7,120.3,84.1,"HTP","HTP"
"232","Burbach",53.3,49.3,95.2,118.3,136.5,108.8,134.3,38.3,59.1,77.3,"CH.Forbach","CH.Forbach"
"267","Herbitzheim",58.2,54.3,100.2,123.3,141.5,121,131.4,30.1,50.9,86.3,"CH.Forbach","CH.Forbach"
"270","Hirschland",52.2,48.2,94.2,117.2,135.5,103.1,128.6,43.2,63.9,73.7,"CH.Forbach","CH.Forbach"
"271","Hochfelden",22.1,18.1,68.2,91.3,109.5,115.4,140.9,58.4,79.2,85.9,"CH.Haguenau","HTP"
"283","La Petite-Pierre",44.6,40.7,90.7,113.8,132,115.6,141.1,49.3,70.1,86.2,"CH.Haguenau","HTP"
"292","Maennolsheim",27.2,32.5,63.4,86.5,104.7,112.1,137.6,55.1,75.9,82.6,"HTP","HTP"
"299","Mutzenhouse",22.7,19.9,71,94.1,112.3,118.3,143.7,61.3,82,88.8,"CH.Haguenau","HTP"
"328","Sarrewerden",50.6,46.7,92.6,115.7,133.9,112.8,136.9,35.6,56.4,81.3,"CH.Forbach","CH.Forbach"
"353","Weyer",49.9,45.9,91.8,114.9,133.1,110.3,135.8,40.3,61,80.9,"CH.Forbach","CH.Forbach"
"358","Wolfskirchen",55.6,51.7,97.6,120.7,138.9,108.5,134,40.7,61.4,77,"CH.Forbach","CH.Forbach"
"373","Engwiller",35.7,21.7,81.8,104.9,123.1,128.5,153.9,71.5,92.2,99,"CH.Haguenau","HTP"
"376","Froeschwiller",40.5,23.2,86.6,109.7,127.9,140.6,166,76.7,104.3,111.1,"CH.Haguenau","HTP"
"393","Lauterbourg",38.8,35.7,84.9,108,126.2,147.8,173.3,90.8,111.6,118.3,"CH.Haguenau","HTP"
"412","Obersteinbach",55.6,38.2,101.7,124.8,143,155.6,181.1,70.4,101.6,126.1,"CH.Haguenau","HTP"
"414","Preuschdorf",43.3,25.5,89.4,112.5,130.7,143.3,168.8,85.9,107.1,113.8,"CH.Haguenau","HTP"
"440","Wissembourg",52,34.2,98.1,121.2,139.4,152.1,177.5,94.2,115.8,122.6,"CH.Haguenau","HTP"
"441","Woerth",36.8,19.4,82.9,106,124.2,136.8,162.3,79.8,100.6,107.3,"CH.Haguenau","HTP"
"461","Haguenau",22.9,4.3,69,92,110.3,122.9,148.4,65.9,86.7,93.4,"CH.Haguenau","HTP"
"462","Herrlisheim",22.8,21.7,68.9,92,110.2,131.8,157.3,74.8,95.6,102.3,"CH.Haguenau","HTP"
"506","Bischwihr",50,68.8,11.8,32.2,50.4,97.7,172.1,113.8,134.6,117.1,"CH.Colmar","CH.Colmar"
"588","Walbach",56.7,75.6,10.7,42.3,54.4,79.9,174.3,120.6,141.3,118.1,"CH.Colmar","CH.Colmar"
"589","Wasserbourg",68.1,86.9,22,52.7,64.8,86.4,180.8,131.9,152.7,124.6,"CH.Colmar","CH.Colmar"
"590","Westhalten",63.3,82.1,18.3,24.8,36.8,93.3,183.5,127.1,147.9,128.5,"CH.Colmar","CH.Colmar"
"608","Biederthal",100.8,119.7,62.4,46.3,67,129.8,222.9,164.6,185.4,167.9,"CH.Mulhouse","CH.Mulhouse"
"620","Dannemarie",88.2,107,46.4,27.5,27.1,98.1,193.1,152,172.8,136.9,"CH.Belfort","CH.Belfort"
"632","Ferrette",100.6,119.5,62.2,37.8,51.2,116.3,211.4,164.4,185.2,155.1,"CH.Mulhouse","CH.Mulhouse"
"659","Kirchberg",94.6,113.5,49.7,35,30.2,72.2,167.3,158.5,148.5,111,"CH.Belfort","CH.Belfort"
"687","Oberdorf",97.7,116.5,59.3,30.4,45.8,111.9,207,161.5,182.2,150.7,"CH.Mulhouse","CH.Mulhouse"
"706","Schwoben",88.4,107.3,50,20.5,37.6,103.1,198.2,152.2,173,142,"CH.Mulhouse","CH.Mulhouse"
"732","Wegscheid",95.5,114.3,50.5,35.8,31,73.2,168.3,159.3,149.5,112,"CH.Belfort","CH.Belfort"
"733","Werentzhouse",93.2,112.1,54.9,37.3,52.7,118.8,213.9,157.1,177.8,157.7,"CH.Mulhouse","CH.Mulhouse"
"737","Winkel",103,121.9,64.6,42.2,48.5,113.6,208.6,166.9,187.6,152.4,"CH.Mulhouse","CH.Mulhouse"
"764","Magstatt-le-Bas",81.3,100.2,42.9,17.9,45.7,107.9,202.9,145.1,165.9,146.7,"CH.Mulhouse","CH.Mulhouse"
"780","Stetten",80.9,99.8,42.5,17.5,45.3,107.5,202.5,144.7,165.5,146.3,"CH.Mulhouse","CH.Mulhouse"
"785","Wentzwiller",83.9,102.8,45.5,29.4,50.1,112.9,206,147.8,168.5,151.1,"CH.Mulhouse","CH.Mulhouse"
"794","Morschwiller-le-Bas",74.6,93.5,36.3,13.3,26.9,87.4,182.4,138.5,159.2,126.2,"CH.Mulhouse","CH.Mulhouse"
"806","Niffer",79.1,98,40.8,24.5,45.2,107.9,201.2,143,163.7,146.3,"CH.Mulhouse","CH.Mulhouse"
"849","Rimbach-près-Guebwiller",78.7,97.6,33.8,31.9,42.5,99,194.1,142.6,163.3,137.8,"CH.Mulhouse","CH.Mulhouse"
"856","Steinbach",76.6,95.4,31.6,21.7,28.9,81.6,176.6,140.4,157.9,120.4,"CH.Mulhouse","CH.Mulhouse"
"106","Mussig",41.7,60.6,28,51.1,69.3,98.7,163.7,105.5,126.3,108.8,"CH.Colmar","CH.Colmar"
"108","Niedernai",19.3,38.1,35.3,58.4,76.6,104.5,165.2,82.7,103.5,110.2,"HTP","HTP"
"142","Belmont",50.9,69.8,48,71.1,89.3,83.1,140.3,105.9,121.5,85.3,"CH.Colmar","CH.Colmar"
"209","Urmatt",30.6,49.4,50.9,74,92.2,103.8,161,84.8,105.6,106,"HTP","HTP"
"229","Bissert",54.4,50.4,96.3,119.4,137.6,117.2,140.7,39.4,60.2,82.4,"CH.Forbach","CH.Forbach"
"289","Lorentzen",52.5,48.6,94.5,117.6,135.8,115.4,138.9,37.6,58.4,85.9,"CH.Forbach","CH.Forbach"
"482","Olwisheim",18.4,19.3,66,89.1,107.3,126,151.5,69,89.8,96.5,"HTP","HTP"
"488","Schirrhoffen",29.4,18.5,75.5,98.6,116.8,137.1,162.6,80.1,100.9,107.6,"CH.Haguenau","HTP"
"854","Soultz-Haut-Rhin",67.4,86.2,22.4,20,31.1,87.7,182.7,131.2,151.9,126.5,"CH.Mulhouse","CH.Mulhouse"
"29","Ittenheim",10,30,52.4,75.5,93.7,121.6,152.9,70.4,91.2,98,"HTP","HTP"
"34","Lingolsheim",8,28.2,48.2,71.3,89.5,117.4,158.2,75.8,96.5,103.3,"HTP","HTP"
"39","Oberhausbergen",6.6,26.1,54.2,77.3,95.5,123.4,156.2,73.7,94.5,101.2,"HTP","HTP"
"120","Saasenheim",45.1,63.9,34.8,56.7,75,108.6,173.7,111.5,132.3,118.7,"CH.Colmar","CH.Colmar"
"324","Saessolsheim",24.6,28.1,65.6,88.7,106.9,117.9,143.3,60.9,81.6,88.4,"HTP","HTP"
"339","Singrist",25.1,32.8,59.1,82.1,100.4,112.4,137.9,55.4,76.2,82.9,"HTP","HTP"
"367","Cleebourg",51.8,34,97.9,121,139.2,151.9,177.3,94.9,115.6,122.4,"CH.Haguenau","HTP"
"434","Uhrwiller",39.1,24.7,85.2,108.3,126.5,129.4,154.8,72.4,93.1,99.9,"CH.Haguenau","HTP"
"522","Neuf-Brisach",57.1,76,19,36.5,54.7,104.9,179.2,121,141.7,124.3,"CH.Colmar","CH.Colmar"
"564","Munster",66.7,85.5,20.6,51.3,63.4,72.4,166.8,130.5,148.1,110.6,"CH.Colmar","CH.Colmar"
"568","Osenbach",71.9,90.7,26.9,33.3,45.4,96,190.4,135.7,156.4,134.2,"CH.Colmar","CH.Colmar"
"572","Riquewihr",49.8,68.7,17,43.9,61.2,94,162.6,113.6,134.4,107.6,"CH.Colmar","CH.Colmar"
"598","Ammertzwiller",80.2,99,38.4,20.4,23.9,90.1,185.1,144,164.7,128.9,"CH.Mulhouse","CH.Mulhouse"
"607","Bettlach",94.6,113.4,56.2,40.1,58.2,123.5,216.7,158.4,179.1,161.7,"CH.Mulhouse","CH.Mulhouse"
"644","Hausgauen",90.6,109.4,52.2,25.2,42.4,107.9,202.9,154.4,175.1,146.7,"CH.Mulhouse","CH.Mulhouse"
"672","Malmerspach",88.4,107.3,43.5,30.7,37.9,65.5,160.5,152.2,141.7,104.3,"CH.Mulhouse","CH.Mulhouse"
"834","Lautenbach",79,97.9,34.1,33.2,45.8,96.9,191.9,142.8,163.6,135.7,"CH.Mulhouse","CH.Mulhouse"
"20","Furdenheim",13.5,33.5,52.6,75.7,93.9,121.6,151.1,68.7,89.4,96.2,"HTP","HTP"
"53","Wintzenheim-Kochersberg",18.9,32.4,59.1,82.2,100.4,120.8,146.2,63.8,84.6,91.3,"HTP","HTP"
"54","Wiwersheim",13.7,30.5,56.5,79.5,97.8,125.5,152.9,70.4,91.2,97.9,"HTP","HTP"
"58","Barr",26.8,45.7,33.3,56.4,74.6,102.4,167.5,90.6,111.4,112.5,"HTP","HTP"
"59","Benfeld",26,44.8,34,57.1,75.3,103.2,168.2,92.5,113.2,113.3,"HTP","HTP"
"84","Heidolsheim",41.2,60,27.5,50.6,68.8,98.1,163.2,105,125.8,108.3,"CH.Colmar","CH.Colmar"
"88","Hilsenheim",39.2,58.1,35.8,58.9,77.1,105.1,170.1,103,123.8,115.2,"CH.Colmar","CH.Colmar"
"110","Nothalten",32.1,51,34.1,57.2,75.4,98.3,163.4,95.9,116.7,108.4,"HTP","HTP"
"112","Obernai",22.3,41.2,37,60,78.2,106.1,166.9,84.4,105.2,111.9,"HTP","HTP"
"113","Ohnenheim",45.2,64,29.1,51.2,69.4,102.1,167.2,109,129.8,112.3,"CH.Colmar","CH.Colmar"
"119","Rossfeld",31.8,50.7,39.9,63,81.2,109.1,174.2,98.3,119.1,119.2,"HTP","HTP"
"183","Nordheim",20,37.6,56.5,79.6,97.8,123.4,150.5,68.1,88.8,95.6,"HTP","HTP"
"203","Steige",47.3,66.2,40.8,63.9,82.1,79.1,143,111.2,124.2,88,"CH.Colmar","CH.Colmar"
"206","Traenheim",21.6,41.6,49.8,72.9,91.1,116.7,149.7,67.3,88,94.8,"HTP","HTP"
"257","Gingsheim",21.6,23.7,70.7,93.8,112,121,146.5,64,84.8,91.5,"HTP","HTP"
"276","Ingwiller",36.1,29.9,82.2,105.3,123.5,124.2,149.6,64.7,85.4,94.7,"CH.Haguenau","HTP"
"311","Printzheim",32.3,28.4,77.3,100.4,118.6,116.4,141.8,59.4,80.1,86.9,"CH.Haguenau","HTP"
"346","Volksberg",60.9,55.2,107,130.1,148.3,131.8,157.3,56.4,77.1,102.3,"CH.Haguenau","CH.Forbach"
"351","Weislingen",59.4,55.4,104.7,127.7,146,123.1,148.6,48.8,69.6,93.7,"CH.Forbach","CH.Forbach"
"399","Mertzwiller",28.6,13,74.7,97.8,116,128.7,154.2,71.7,92.5,99.2,"CH.Haguenau","HTP"
"400","Mietesheim",34.5,18.9,80.6,103.7,121.9,132.2,157.6,75.2,95.9,102.7,"CH.Haguenau","HTP"
"421","Salmbach",44.9,39.8,91,114.1,132.3,154,179.4,97,117.7,124.5,"CH.Haguenau","HTP"
"457","Fort-Louis",33.8,30.5,79.9,103,121.2,142.9,168.3,85.9,106.6,113.4,"CH.Haguenau","HTP"
"459","Geudertheim",20.2,16.2,66.3,89.4,107.6,124.1,149.5,67.1,87.8,94.6,"CH.Haguenau","HTP"
"490","Soufflenheim",27.8,19.1,73.9,97,115.2,136.6,162.1,79.6,100.4,107.1,"CH.Haguenau","HTP"
"494","Wahlenheim",18.6,10.2,64.7,87.8,106,118.7,144.2,61.7,82.5,89.2,"CH.Haguenau","HTP"
"495","Weitbruch",23.6,12.6,69.7,92.8,111,127.2,152.7,70.2,91,97.7,"CH.Haguenau","HTP"
"510","Fortschwihr",54.2,73,15.3,36.6,54.8,102.1,176.3,118,138.7,121.3,"CH.Colmar","CH.Colmar"
"513","Heiteren",61.9,80.8,23.8,36.8,55.5,109.7,184,125.7,146.5,129.1,"CH.Colmar","CH.Colmar"
"531","Wolfgantzen",54.5,73.3,16.3,35.7,53.9,102.2,176.6,118.3,139.1,121.6,"CH.Colmar","CH.Colmar"
"534","Beblenheim",48.2,67.1,11.7,38.7,56,88.8,162.5,112.1,132.8,107.5,"CH.Colmar","CH.Colmar"
"581","Sondernach",83.3,102.2,37.3,67.9,80,89.4,183.9,147.1,165.1,127.7,"CH.Colmar","CH.Colmar"
"584","Soultzmatt",67.6,86.5,22.7,29.1,41.2,97.7,187.8,131.5,152.2,132.9,"CH.Colmar","CH.Colmar"
"593","Wintzenheim",55.4,74.2,9.3,39.4,51.5,87.5,174.2,119.2,140,119.3,"CH.Colmar","CH.Colmar"
"612","Bourbach-le-Haut",92.2,111,47.2,32.5,33.2,82.7,177.7,156,159,121.5,"CH.Mulhouse","CH.Mulhouse"
"614","Bréchaumont",88.5,107.3,45.3,28.7,21,93.7,188.7,152.3,170,132.5,"CH.Belfort","CH.Belfort"
"624","Durmenach",96.5,115.3,58.1,34.9,50.3,116.4,211.5,160.3,181,155.3,"CH.Mulhouse","CH.Mulhouse"
"645","Hecken",82.6,101.4,39,22.8,20.6,90.7,185.7,146.4,167,129.5,"CH.Belfort","CH.Belfort"
"647","Heimersdorf",94.6,113.4,56.2,26.7,42.1,108.2,203.2,158.4,179.1,147,"CH.Mulhouse","CH.Mulhouse"
"720","Strueth",98.1,117,56.4,34.8,32.6,104.6,199.6,161.9,180.9,143.4,"CH.Belfort","CH.Belfort"
"727","Urbès",95.6,114.5,50.7,37.9,45.1,59.2,154.2,159.5,135.4,98,"CH.Mulhouse","CH.Mulhouse"
"730","Waldighoffen",96.1,115,57.7,31.2,46.6,112.8,207.8,159.9,180.7,151.6,"CH.Mulhouse","CH.Mulhouse"
"765","Magstatt-le-Haut",82.8,101.6,44.4,19.4,47.1,109.4,204.4,146.6,167.3,148.2,"CH.Mulhouse","CH.Mulhouse"
"768","Neuwiller",89.3,108.2,50.9,34.8,55.5,118.3,211.4,153.2,173.9,156.5,"CH.Mulhouse","CH.Mulhouse"
"799","Battenheim",64.6,83.5,26.3,16.1,35.3,98.1,186.7,128.5,149.2,131.8,"CH.Mulhouse","CH.Mulhouse"
"833","Jungholtz",74,92.9,29,27.2,37.8,94.3,189.3,137.8,158.6,133.1,"CH.Mulhouse","CH.Mulhouse"
"848","Réguisheim",59.1,77.9,20.7,22.5,40.7,98,181.2,122.9,143.6,126.2,"CH.Colmar","CH.Colmar"
