"","X","HTP","CH.Haguenau","CH.Colmar","CH.Mulhouse","CH.Belfort","CH.Epinal","Bar.le.Duc","CH.Forbach","CH.Metz..Mercy.","CHU.Nancy..Central.","choix1","choix2","choix3"
"1","DUPPIGHEIM",15.1,34.6,42,65.1,83.2,111.1,164.6,82.3,103,109.9,"HTP","HTP","CH.Haguenau"
"2","LUCELLE",109.7,129.2,71.3,48.9,45,110.2,205.1,172.3,186.4,149.1,"CH.Belfort","CH.Belfort","CH.Mulhouse"
"3","ARTOLSHEIM",46.4,65.9,29.6,51.4,69.5,103.4,168.3,109,129.8,113.6,"CH.Colmar","CH.Colmar","HTP"
"4","INNENHEIM",15.8,35.4,37.5,60.6,78.7,106.6,165.4,83,103.8,110.7,"HTP","HTP","CH.Haguenau"
"5","BUSWILLER",26.7,22,73,96.1,114.1,117.7,144.1,61.8,82.5,89.4,"CH.Haguenau","HTP","HTP"
"6","MULHOUSE",69.8,89.4,31.5,4.7,29.6,92.2,187.1,132.5,153.2,131.1,"CH.Mulhouse","CH.Mulhouse","CH.Belfort"
"7","RANTZWILLER",83.6,103.2,45.2,11.6,40.8,103.1,198,146.2,167,142,"CH.Mulhouse","CH.Mulhouse","CH.Belfort"
"8","ELSENHEIM",47.8,67.4,21.6,43.4,61.4,104.9,169.8,110.5,131.2,115.1,"CH.Colmar","CH.Colmar","CH.Mulhouse"
"9","WAHLBACH",86.7,106.2,48.3,16.9,41.8,107.4,202.3,149.3,170,146.3,"CH.Mulhouse","CH.Mulhouse","CH.Belfort"
"10","RETSCHWILLER",40.8,22.4,87.1,110.2,128.2,139.2,165.6,83.2,104,110.9,"CH.Haguenau","HTP","HTP"
"11","WIHR-AU-VAL",59.5,79,13.2,43.8,55.8,77.3,171.7,122.1,142.8,115.7,"CH.Colmar","CH.Colmar","CH.Mulhouse"
"12","SCHOENBOURG",49.3,44.7,87.6,110.8,128.8,108.1,134.5,47.7,68.4,79.8,"CH.Haguenau","CH.Forbach","CH.Forbach"
"13","VALDIEU-LUTRAN",94.1,113.6,52.5,33.4,20.1,93.4,188.3,156.7,169.6,132.3,"CH.Belfort","CH.Belfort","CH.Mulhouse"
"14","PRINTZHEIM",32,27.4,77.8,101,119,113.9,140.3,58,78.7,85.6,"CH.Haguenau","HTP","HTP"
"15","FORT-LOUIS",33.3,29.5,79.6,100.8,118.8,140.9,167.3,84.9,105.7,112.6,"CH.Haguenau","HTP","HTP"
"16","PETERSBACH",49.5,44.9,93.6,116.7,134.7,112.1,138.4,44.7,65.5,83.7,"CH.Forbach","CH.Forbach","CH.Haguenau"
"17","LIEPVRE",44.2,63.8,31.2,54.3,72.4,77.2,142.2,106.9,123.5,87.5,"CH.Colmar","CH.Colmar","HTP"
"18","REICHSHOFFEN",37.5,21.2,83.8,106.9,125,135.9,162.3,71.8,100.7,107.6,"CH.Haguenau","HTP","HTP"
"19","MOLSHEIM",22.7,42.2,41.2,64.3,82.4,109.6,154.7,72.4,93.1,100,"HTP","HTP","CH.Colmar"
"20","KRAUTWILLER",17.3,10.7,63.6,86.7,104.7,116.5,142.9,60.5,81.3,88.2,"CH.Haguenau","HTP","HTP"
"21","INGOLSHEIM",45,26.6,91.3,114.4,132.4,143.4,169.8,87.4,108.2,115.1,"CH.Haguenau","HTP","HTP"
"22","TRIMBACH",40.7,34.8,87,106.4,124.4,148.4,174.8,92.4,113.1,120,"CH.Haguenau","HTP","HTP"
"23","DINGSHEIM",8.4,25.1,56.3,79.4,97.5,125.4,155.1,72.8,93.5,100.4,"HTP","HTP","CH.Haguenau"
"24","OBERBRONN",40.7,24.4,87,110.1,128.2,137.9,164.3,70.4,100.3,109.5,"CH.Haguenau","HTP","HTP"
"25","FORSTFELD",33.6,28.7,79.9,96.5,114.5,141.3,167.7,85.3,106,112.9,"CH.Haguenau","HTP","HTP"
"26","DALHUNDEN",28.9,26.9,75.2,98.3,116.3,136.6,162.9,80.6,101.3,108.2,"CH.Haguenau","HTP","HTP"
"27","SONDERNACH",72.8,92.3,26.5,57.1,69.1,79.2,173.7,135.4,155,117.7,"CH.Colmar","CH.Colmar","CH.Mulhouse"
"28","SAUSHEIM",66.7,86.3,28.4,10.5,30.9,93.8,188.7,129.4,150.1,132.7,"CH.Mulhouse","CH.Mulhouse","CH.Colmar"
"29","STETTEN",80.4,99.9,42,18.1,46.6,109.4,202.4,143,163.8,147.7,"CH.Mulhouse","CH.Mulhouse","CH.Colmar"
"30","BUETHWILLER",84,103.6,42.4,24.1,27.3,94.1,189,146.6,167.4,133,"CH.Mulhouse","CH.Mulhouse","CH.Belfort"
"31","SCHOENENBOURG",41.7,23.3,88,111.1,129.1,140.1,166.5,84.1,104.9,111.8,"CH.Haguenau","HTP","HTP"
"32","ICHTRATZHEIM",14.2,33.7,42.6,65.8,83.8,111.7,163.8,81.4,102.1,109,"HTP","HTP","CH.Haguenau"
"33","MARLENHEIM",17.2,37.9,52,75.1,93.2,120.1,146.5,64.1,84.9,91.8,"HTP","HTP","CH.Haguenau"
"34","HEIDWILLER",83.7,103.2,45.3,16.3,31.1,97.4,192.3,146.3,167,136.3,"CH.Mulhouse","CH.Mulhouse","CH.Belfort"
"35","BLOTZHEIM",77.4,96.9,39,22.7,43.5,106.4,199.3,140,160.7,144.6,"CH.Mulhouse","CH.Mulhouse","CH.Colmar"
"36","KUTZENHAUSEN",40.8,22.3,87,110.2,128.2,139.2,165.6,83.2,103.9,110.8,"CH.Haguenau","HTP","HTP"
"37","ZINSWILLER",39.6,23.3,85.8,109,127,134.5,160.9,73.6,97,106.2,"CH.Haguenau","HTP","HTP"
"38","ETEIMBES",85.8,105.4,40.9,25.9,20.3,91,185.9,148.5,167.2,129.8,"CH.Belfort","CH.Belfort","CH.Mulhouse"
"39","WEITERSWILLER",36.4,31.8,81.5,104.7,122.7,117.5,143.9,57,77.8,89.1,"CH.Haguenau","HTP","HTP"
"40","BURBACH",48.5,44,88.9,112,130,109.7,134.1,33,53.7,81.4,"CH.Forbach","CH.Forbach","CH.Haguenau"
"41","BIBLISHEIM",37,18.5,83.2,106.4,124.4,135.4,161.8,79.4,100.1,107,"CH.Haguenau","HTP","HTP"
"42","FLAXLANDEN",77.5,97.1,39.2,9.1,31.4,93.7,188.6,140.2,160.9,132.6,"CH.Mulhouse","CH.Mulhouse","CH.Belfort"
"43","BRUEBACH",76.5,96,38.1,3.8,32.9,95.2,190.1,139.1,159.8,134.1,"CH.Mulhouse","CH.Mulhouse","CH.Belfort"
"44","KNOERINGUE",88.1,107.6,49.7,28.1,51.1,116.8,210.1,150.7,171.5,155.3,"CH.Mulhouse","CH.Mulhouse","CH.Colmar"
"45","LIGSDORF",102.1,121.6,63.7,41.3,52.9,118.1,213,164.7,185.4,157,"CH.Mulhouse","CH.Mulhouse","CH.Belfort"
"46","MUESPACH",90.1,109.7,51.8,32.7,52.1,118.4,212.1,152.8,173.5,157.3,"CH.Mulhouse","CH.Mulhouse","CH.Colmar"
"47","ROSENAU",75.7,95.2,37.3,21,41.8,104.7,197.7,138.3,159,142.9,"CH.Mulhouse","CH.Mulhouse","CH.Colmar"
"48","VALFF",22.4,41.9,34.1,57.2,75.3,103.2,167.4,85,105.8,112.6,"HTP","HTP","CH.Colmar"
"49","SCHEIBENHARD",38,34.5,84.3,103.7,121.7,145.7,172.1,89.7,110.4,117.3,"CH.Haguenau","HTP","HTP"
"50","LE HOHWALD",37.3,56.8,43.9,67,85,96.3,154,99.9,120.6,99.3,"HTP","HTP","CH.Colmar"
"51","GEISPOLSHEIM",13,32.6,44.6,67.7,85.7,113.7,162.6,80.2,100.9,107.8,"HTP","HTP","CH.Haguenau"
"52","GUMBRECHTSHOFFEN",35.1,18.8,81.3,104.5,122.5,130.4,156.8,74.4,95.2,102.1,"CH.Haguenau","HTP","HTP"
"53","GUNGWILLER",50.1,45.5,90.4,113.5,131.6,110.9,135.6,34.5,55.2,82.5,"CH.Forbach","CH.Forbach","CH.Haguenau"
"54","BERSTHEIM",21.7,12.6,68,91.1,109.1,119.9,146.3,63.9,84.6,91.5,"CH.Haguenau","HTP","HTP"
"55","BAERENDORF",53.7,49.1,94,117.1,135.2,103,129.4,45.4,66.1,74.6,"CH.Forbach","CH.Forbach","CH.Haguenau"
"56","MINVERSHEIM",22.2,15.6,68.5,91.6,109.6,113.2,139.6,57.2,78,84.8,"CH.Haguenau","HTP","HTP"
"57","KESKASTEL",54,49.5,94.4,117.5,135.6,115.2,131.4,30.2,51,86.9,"CH.Forbach","CH.Forbach","CH.Haguenau"
"58","RAUWILLER",48.6,44,88.9,112,130.1,97.9,124.3,46.5,67.2,69.5,"CH.Haguenau","CH.Forbach","CH.Forbach"
"59","LIPSHEIM",13.5,33.1,44,67.2,85.2,113.1,163.1,80.7,101.5,108.4,"HTP","HTP","CH.Haguenau"
"60","TAGSDORF",87.9,107.5,49.5,20.5,37.6,103.2,198.1,150.5,171.3,142.1,"CH.Mulhouse","CH.Mulhouse","CH.Belfort"
"61","LAUW",86.5,106,41.6,26.5,23.3,79.5,174.4,149.1,155.7,118.4,"CH.Belfort","CH.Belfort","CH.Mulhouse"
"62","ERGERSHEIM",17.9,38.7,44.3,67.4,85.5,113.4,154.4,72.1,92.8,99.7,"HTP","HTP","CH.Haguenau"
"63","UFFHOLTZ",73.2,92.8,28.2,20.1,26.9,81.8,176.7,135.9,156.6,120.7,"CH.Mulhouse","CH.Mulhouse","CH.Belfort"
"64","MITTLACH",75.4,95,29.2,59.7,71.7,81.9,176.3,138.1,157.6,120.3,"CH.Colmar","CH.Colmar","CH.Mulhouse"
"65","WOLFISHEIM",6.2,27,49,72.2,90.2,118.1,157,74.6,95.3,102.2,"HTP","HTP","CH.Haguenau"
"66","DAUBENSAND",31.6,51.2,49.6,72.7,90.7,118.7,181.2,98.8,119.5,126.4,"HTP","HTP","CH.Colmar"
"67","INGERSHEIM",49.8,69.3,5.3,36.3,49.3,87.6,167,112.4,133.2,112.2,"CH.Colmar","CH.Colmar","CH.Mulhouse"
"68","KRIEGSHEIM",20,9.1,66.3,89.4,107.4,118.7,145.1,62.7,83.5,90.3,"CH.Haguenau","HTP","HTP"
"69","REXINGEN",53.8,49.2,94.1,117.2,135.3,114.7,139.3,38.2,58.9,86.3,"CH.Forbach","CH.Forbach","CH.Haguenau"
"70","BOURBACH-LE-HAUT",91,110.6,46.1,31.1,31.8,83.2,178.1,153.6,159.4,122.1,"CH.Mulhouse","CH.Mulhouse","CH.Belfort"
"71","REUTENBOURG",28.6,33.5,61.6,84.7,102.7,112.1,138.5,56.1,76.8,83.7,"HTP","HTP","CH.Haguenau"
"72","HAGENTHAL-LE-HAUT",91.7,111.2,53.3,37,57.8,120.7,213.7,154.3,175,158.9,"CH.Mulhouse","CH.Mulhouse","CH.Colmar"
"73","OERMINGEN",58.1,53.6,98.5,121.6,139.7,119.3,135.5,34.4,55.1,91,"CH.Forbach","CH.Forbach","CH.Haguenau"
"74","MOLLAU",95,114.5,49.9,36.9,44.2,61.2,156.1,157.6,137.4,100.1,"CH.Mulhouse","CH.Mulhouse","CH.Belfort"
"75","PETIT-LANDAU",75.9,95.4,37.5,21.6,41.2,104,197.9,138.5,159.2,142.9,"CH.Mulhouse","CH.Mulhouse","CH.Colmar"
"76","QUATZENHEIM",13.5,30.7,53.1,76.2,94.2,122.2,152.2,69.8,90.6,97.5,"HTP","HTP","CH.Haguenau"
"77","STOTZHEIM",27.3,46.9,33.9,57.1,75.1,103,168,89.9,110.7,113.2,"HTP","HTP","CH.Colmar"
"78","HOHENGOEFT",24.3,31.7,57.2,80.4,98.4,115.2,141.6,59.2,80,86.8,"HTP","HTP","CH.Haguenau"
"79","RANSPACH",91.3,110.8,46.2,33.2,40.5,62.8,157.7,153.9,139,101.7,"CH.Mulhouse","CH.Mulhouse","CH.Belfort"
"80","KINDWILLER",35,22.1,81.3,104.4,122.5,126.2,152.6,70.2,90.9,97.8,"CH.Haguenau","HTP","HTP"
"81","NORDHEIM",18.8,36.5,54.3,77.5,95.5,122.4,149.3,66.9,87.7,94.6,"HTP","HTP","CH.Haguenau"
"82","MEYENHEIM",56.4,76,18.1,24.2,40.9,97.5,178.4,119,139.8,123.7,"CH.Colmar","CH.Colmar","CH.Mulhouse"
"83","NAMBSHEIM",68,87.5,29.9,33.5,51.5,114.4,190,130.6,151.3,135.2,"CH.Colmar","CH.Colmar","CH.Mulhouse"
"84","OTTMARSHEIM",70.7,90.2,32.3,17.9,36,98.8,192.7,133.3,154.1,137.7,"CH.Mulhouse","CH.Mulhouse","CH.Colmar"
"85","MACKWILLER",51.7,47.1,92,115.1,133.2,112.9,137.2,36.1,56.8,84.5,"CH.Forbach","CH.Forbach","CH.Haguenau"
"86","SEEBACH",46.5,30.7,92.8,112.2,130.2,147.6,174,91.6,112.3,119.2,"CH.Haguenau","HTP","HTP"
"87","WITTERSDORF",85.7,105.3,47.4,18.4,35.4,101,195.9,148.3,169.1,139.9,"CH.Mulhouse","CH.Mulhouse","CH.Belfort"
"88","FULLEREN",96.7,116.2,56.1,30.3,33.5,106.8,201.7,159.3,180,145.7,"CH.Mulhouse","CH.Mulhouse","CH.Belfort"
"89","LEVONCOURT",110.5,130.1,72.2,48.2,45.5,110.7,205.6,173.2,186.9,149.6,"CH.Belfort","CH.Belfort","CH.Mulhouse"
"90","KINTZHEIM",34.9,54.4,22.2,45.3,63.3,88.5,153.5,97.5,118.2,98.7,"CH.Colmar","CH.Colmar","HTP"
"91","BLIENSCHWILLER",33.3,52.8,31.4,54.7,72.7,96.4,161.4,95.9,116.8,106.5,"CH.Colmar","CH.Colmar","HTP"
"92","MURBACH",75.7,95.2,30.4,29.7,42.2,96.6,191.6,138.3,159.2,135.4,"CH.Mulhouse","CH.Mulhouse","CH.Colmar"
"93","ACHENHEIM",9,29.8,50,73.3,91.3,119.3,156.6,74.1,95.1,101.7,"HTP","HTP","CH.Haguenau"
"94","CLEEBOURG",52.7,34.2,98.7,122.1,140.1,151,177.5,95.1,116,122.6,"CH.Haguenau","HTP","HTP"
"95","WALTENHEIM",77.2,96.7,38.6,16.3,43.4,106.2,199.3,139.8,160.7,144.3,"CH.Mulhouse","CH.Mulhouse","CH.Colmar"
"96","OSTHEIM",40.2,59.7,11.8,35.1,53.1,95,162.2,102.8,123.7,107.3,"CH.Colmar","CH.Colmar","CH.Mulhouse"
"97","DIEMERINGEN",55.4,50.8,95.5,118.9,136.9,116.6,141,39.8,60.7,88.1,"CH.Forbach","CH.Forbach","CH.Haguenau"
"98","NIEDERSOULTZBACH",33.9,29.3,79.9,103.3,121.3,119.5,145.9,61.4,82.3,91,"CH.Haguenau","HTP","HTP"
"99","GOERLINGEN",52.4,47.8,92.6,115.9,133.9,95.3,121.8,50.3,71.2,66.8,"CH.Haguenau","CH.Forbach","CH.Forbach"
"100","PULVERSHEIM",67.2,86.7,26.4,15.4,33,90.2,185.2,129.8,150.7,129,"CH.Mulhouse","CH.Mulhouse","CH.Colmar"
"101","WETTOLSHEIM",53.4,72.9,6.9,34,45.9,88.1,172,116,136.9,117.1,"CH.Colmar","CH.Colmar","CH.Mulhouse"
"102","MAGSTATT-LE-BAS",80.1,99.7,41.6,15.1,44.3,106.6,201.6,142.7,163.7,145.4,"CH.Mulhouse","CH.Mulhouse","CH.Colmar"
"103","CLIMBACH",52.6,34.6,98.6,122,140,150.9,177.4,87,115.9,122.5,"CH.Haguenau","HTP","HTP"
"104","MIETESHEIM",34.3,17.9,80.3,103.7,121.7,129.7,156.1,73.7,94.6,101.2,"CH.Haguenau","HTP","HTP"
"105","WEITBRUCH",23.3,11,69.3,92.7,110.7,125.2,151.7,69.2,90.2,96.8,"CH.Haguenau","HTP","HTP"
"106","RANSPACH-LE-BAS",83.1,102.7,44.6,26,49,112.1,205.2,145.8,166.7,150.3,"CH.Mulhouse","CH.Mulhouse","CH.Colmar"
"107","BIETLENHEIM",20.1,19,66.2,89.5,107.5,126.8,153.2,70.8,91.7,98.3,"CH.Haguenau","HTP","HTP"
"108","ROTHAU",43.2,62.8,57.5,80.9,98.9,84.3,141.6,97.5,118.4,86.6,"HTP","HTP","CH.Colmar"
"109","STATTMATTEN",28.8,25.3,74.9,98.2,116.2,136.4,162.9,80.4,101.4,108,"CH.Haguenau","HTP","HTP"
"110","BOESENBIESEN",46.3,65.9,33.8,56.9,74.9,104.5,169.5,108.9,129.9,114.6,"CH.Colmar","CH.Colmar","HTP"
"111","FALKWILLER",83.5,103.1,39.3,23.6,20.9,91.1,186.1,146.2,167.1,129.9,"CH.Belfort","CH.Belfort","CH.Mulhouse"
"112","BUTTEN",60.9,56.3,101,124.4,142.4,122.1,146.5,45.3,66.2,93.6,"CH.Forbach","CH.Forbach","CH.Haguenau"
"113","WIDENSOLEN",53,72.5,14.7,35.3,53.4,99.8,175.1,115.6,136.5,120.1,"CH.Colmar","CH.Colmar","CH.Mulhouse"
"114","SCHLEITHAL",48.1,37.3,94.2,113.8,131.8,154.1,180.6,98.2,119.1,125.7,"CH.Haguenau","HTP","HTP"
"115","WINTZENBACH",36,32.5,82.1,101.7,119.7,143.6,170.1,87.7,108.6,115.2,"CH.Haguenau","HTP","HTP"
"116","ASPACH",85.7,105.3,44.9,20.3,30.5,96.7,191.7,148.3,169.2,135.6,"CH.Mulhouse","CH.Mulhouse","CH.Belfort"
"117","SIEGEN",43.7,38.6,89.7,109.4,127.4,151.3,177.8,95.3,116.2,122.9,"CH.Haguenau","HTP","HTP"
"118","WESTHALTEN",65,84.5,19.7,26.3,38.2,94.9,185,127.6,148.5,130,"CH.Colmar","CH.Colmar","CH.Mulhouse"
"119","ASPACH-MICHELBACH",77.7,97.2,32.4,19.6,24.3,78.3,173.3,140.3,154.7,117.1,"CH.Mulhouse","CH.Mulhouse","CH.Belfort"
"120","GOUGENHEIM",17.9,23.8,65.9,89.3,107.3,120,146.5,64,85,91.6,"HTP","HTP","CH.Haguenau"
"121","LOGELHEIM",51.8,71.4,13.5,28.6,46.6,98.6,173.9,114.4,135.4,119,"CH.Colmar","CH.Colmar","CH.Mulhouse"
"122","LABAROCHE",66.4,86,22.5,53,66.7,86.1,165.2,129,146.6,110.3,"CH.Colmar","CH.Colmar","CH.Mulhouse"
"123","HAGENTHAL-LE-BAS",89.9,109.5,51.4,35.3,56.1,118.9,212,152.5,173.5,157.1,"CH.Mulhouse","CH.Mulhouse","CH.Colmar"
"124","GUEMAR",38.1,57.7,14.6,37.9,55.9,95.1,160.2,100.7,121.6,105.3,"CH.Colmar","CH.Colmar","CH.Mulhouse"
"125","LIMERSHEIM",17.8,37.4,42.5,65.9,83.9,111.8,167.5,85,105.9,112.5,"HTP","HTP","CH.Haguenau"
"126","MAGSTATT-LE-HAUT",81.9,101.5,43.4,17.1,46.2,108.5,203.5,144.6,165.5,147.4,"CH.Mulhouse","CH.Mulhouse","CH.Colmar"
"127","OFFENDORF",22.5,23.7,68.6,88.7,106.8,130.1,156.6,74.1,95.1,101.7,"HTP","HTP","CH.Haguenau"
"128","WIMMENAU",43.9,37.7,90,113.3,131.3,129,155.5,64.5,85.5,100.6,"CH.Haguenau","HTP","HTP"
"129","BOLLWILLER",69.2,88.8,23.9,17.1,31.6,88.2,183.2,131.8,152.7,127,"CH.Mulhouse","CH.Mulhouse","CH.Colmar"
"130","SCHWINDRATZHEIM",21,15.7,67,90.4,108.4,112.7,139.2,56.7,77.6,84.2,"CH.Haguenau","HTP","HTP"
"131","FORSTHEIM",34.7,18.3,80.7,104.1,122.1,133,159.5,77.1,98,104.6,"CH.Haguenau","HTP","HTP"
"132","NIEDERMORSCHWIHR",53.8,73.4,9.1,40.4,53.4,87.8,169.7,116.4,137.3,114.8,"CH.Colmar","CH.Colmar","CH.Mulhouse"
"133","BERG",51,46.4,91.2,114.5,132.5,112.2,136.7,35.4,56.3,83.8,"CH.Forbach","CH.Forbach","CH.Haguenau"
"134","SUNDHOUSE",46.1,65.7,36.4,58.4,76.4,109.4,174.5,108.9,129.9,119.6,"CH.Colmar","CH.Colmar","HTP"
"135","ZEINHEIM",24.9,30.7,59,82.3,100.3,115.9,142.4,59.9,80.9,87.5,"HTP","HTP","CH.Haguenau"
"136","DOMFESSEL",52,47.4,92.1,115.5,133.5,113.2,137.6,36.4,57.3,84.7,"CH.Forbach","CH.Forbach","CH.Haguenau"
"137","OBERLARG",106.9,126.5,68.4,46.2,49.1,114.3,209.3,169.6,190.5,153.1,"CH.Mulhouse","CH.Mulhouse","CH.Belfort"
"138","DANNEMARIE",88.6,108.1,46.8,27.9,24.2,97.4,192.4,151.2,172.1,136.2,"CH.Belfort","CH.Belfort","CH.Mulhouse"
"139","WESTHOFFEN",22,41.2,51.5,74.8,92.8,116.5,147.7,65.3,86.2,92.8,"HTP","HTP","CH.Haguenau"
"140","ITTENHEIM",9.8,30.5,52.7,76.1,94.1,122,152.5,70.1,91,97.6,"HTP","HTP","CH.Haguenau"
"141","HUNAWIHR",45.7,65.2,17.7,43.8,61.8,93.3,158.3,108.3,129.2,103.4,"CH.Colmar","CH.Colmar","CH.Mulhouse"
"142","ZELLENBERG",45.8,65.4,14.9,41.7,59.2,91.6,158.6,108.4,129.3,103.7,"CH.Colmar","CH.Colmar","CH.Mulhouse"
"143","GEISWILLER",29.5,24.9,75.6,98.9,116.9,117,143.5,61.1,82,88.6,"CH.Haguenau","HTP","HTP"
"144","SARRE-UNION",49.6,45,89.8,113.1,131.1,110.8,135.3,34,55,82.4,"CH.Forbach","CH.Forbach","CH.Haguenau"
"145","MUNDOLSHEIM",10.6,19.8,57.5,80.8,98.8,123.4,149.9,67.4,88.3,94.9,"HTP","HTP","CH.Haguenau"
"146","FLEXBOURG",26.8,47.4,51,74.4,92.4,110.9,153.9,71.5,92.4,99,"HTP","HTP","CH.Haguenau"
"147","MERTZWILLER",29.6,13.3,75.6,99,117,127.8,154.3,71.8,92.7,99.4,"CH.Haguenau","HTP","HTP"
"148","LA VANCELLE",44.5,64,31.2,54.6,72.6,80.2,145.2,107.1,126.6,90.3,"CH.Colmar","CH.Colmar","HTP"
"149","SOUFFLENHEIM",27.9,18.1,73.9,97.3,115.3,134.7,161.1,78.7,99.6,106.2,"CH.Haguenau","HTP","HTP"
"150","SAINT-MAURICE",38.2,57.8,28.8,52.2,70.2,89.2,154.3,100.8,121.7,99.4,"CH.Colmar","CH.Colmar","HTP"
"151","RODERN",40.8,60.4,21.1,44.4,62.4,90.4,155.5,103.4,124.4,100.5,"CH.Colmar","CH.Colmar","HTP"
"152","WILWISHEIM",26.3,21.7,72.3,95.7,113.7,112.7,139.2,56.7,77.6,84.3,"CH.Haguenau","HTP","HTP"
"153","MEMMELSHOFFEN",43.6,25.1,89.6,113,131,142,168.4,86,106.9,113.5,"CH.Haguenau","HTP","HTP"
"154","EBERSHEIM",30.6,50.2,27.5,50.9,68.9,96.8,161.9,93.2,114.2,106.9,"CH.Colmar","CH.Colmar","HTP"
"155","THAL-MARMOUTIER",31.2,31.5,64,87.3,105.3,110.1,136.5,54.1,75,81.6,"HTP","HTP","CH.Haguenau"
"156","BANTZENHEIM",70.7,89.3,35,19.9,38.8,101.7,195.6,136.2,157.1,140.5,"CH.Mulhouse","CH.Mulhouse","CH.Colmar"
"157","LINGOLSHEIM",8.5,28.4,46,69.3,87.3,115.2,158.5,76,96.9,103.6,"HTP","HTP","CH.Haguenau"
"158","REININGUE",74.6,94.1,35.5,14.3,26.5,86.7,181.7,137.2,158.1,125.5,"CH.Mulhouse","CH.Mulhouse","CH.Belfort"
"159","KUNHEIM",54.6,74.1,20.7,42.1,60.1,105.4,176.6,117.2,138.1,121.7,"CH.Colmar","CH.Colmar","CH.Mulhouse"
"160","OSTHOFFEN",15.5,36.2,48.5,71.9,89.9,117.8,153.9,71.4,92.4,99,"HTP","HTP","CH.Haguenau"
"161","NIEDERHAUSBERGEN",7,21.5,55.1,78.4,96.4,124.3,151.6,69.1,90,96.7,"HTP","HTP","CH.Haguenau"
"162","WALBACH",58,77.5,11.5,42.3,54.3,78.9,173.4,120.6,141.5,117.2,"CH.Colmar","CH.Colmar","CH.Mulhouse"
"163","OBERNAI",22,41.5,35.7,59,77,105,165.8,83.3,104.2,110.9,"HTP","HTP","CH.Colmar"
"164","GUNSBACH",62,81.5,15.5,46.3,58.3,75,169.5,124.6,145.5,113.3,"CH.Colmar","CH.Colmar","CH.Mulhouse"
"165","BIESHEIM",57.6,77.1,19.3,40,58,104.4,179.7,120.2,141.1,124.7,"CH.Colmar","CH.Colmar","CH.Mulhouse"
"166","MULHAUSEN",39,28.4,85.1,108.4,126.4,127.5,154,71.2,92.1,99.1,"CH.Haguenau","HTP","HTP"
"167","BERGBIETEN",23.1,43.9,47.4,70.7,88.7,113.9,151.4,68.9,89.8,96.4,"HTP","HTP","CH.Haguenau"
"168","STEINSOULTZ",94.2,113.7,55.6,33.5,48.7,115,210,156.8,177.7,153.8,"CH.Mulhouse","CH.Mulhouse","CH.Belfort"
"169","LAUBACH",33.1,16.8,79.2,102.5,120.5,131.5,158,75.5,96.4,103,"CH.Haguenau","HTP","HTP"
"170","KERTZFELD",27.2,46.7,34.1,57.4,75.4,103.4,168.4,94.3,115.3,113.5,"HTP","HTP","CH.Colmar"
"171","HERBSHEIM",29,48.6,37.3,60.7,78.7,106.6,171.7,96.2,117.1,116.7,"HTP","HTP","CH.Colmar"
"172","HUSSEREN-LES-CHATEAUX",58.7,78.3,12.1,32.7,44.7,93.5,177.3,121.4,142.3,122.4,"CH.Colmar","CH.Colmar","CH.Mulhouse"
"173","EBERSMUNSTER",32,51.5,28.9,52.2,70.3,98.2,163.2,94.6,115.5,108.3,"CH.Colmar","CH.Colmar","HTP"
"174","DETTWILLER",30,25.4,71.1,94.5,112.5,110.7,137.2,54.7,75.6,82.3,"CH.Haguenau","HTP","HTP"
"175","SOULTZ-LES-BAINS",21.9,42.7,44,67.3,85.4,112.3,150.6,68.2,89.1,95.7,"HTP","HTP","CH.Haguenau"
"176","GRIESHEIM-PRES-MOLSHEIM",22.4,41.9,39.9,63.2,81.2,109.2,163,80.5,101.4,108,"HTP","HTP","CH.Colmar"
"177","HENGWILLER",31.3,37.7,64.1,87.4,105.4,116.2,142.7,60.3,81.2,87.8,"HTP","HTP","CH.Haguenau"
"178","WALBOURG",34.3,15.8,80.3,103.7,121.7,132.7,159.2,76.7,97.6,104.2,"CH.Haguenau","HTP","HTP"
"179","FOUDAY",47.9,67.5,52,75.4,93.4,79.3,136.5,102.1,117.9,81.6,"HTP","HTP","CH.Colmar"
"180","KEFFENACH",44.2,25.8,90.3,113.6,131.6,142.6,169.1,86.6,107.5,114.2,"CH.Haguenau","HTP","HTP"
"181","SESSENHEIM",26.9,23.4,73,96.3,114.3,134.5,160.9,78.5,99.3,106.2,"CH.Haguenau","HTP","HTP"
"182","UHLWILLER",27.3,15,73.3,96.7,114.7,122.8,149.2,66.8,87.6,94.5,"CH.Haguenau","HTP","HTP"
"183","DAMBACH",53.6,37.3,99.6,123,141,152,178.4,70,101.2,123.6,"CH.Haguenau","HTP","HTP"
"184","ROGGENHOUSE",66.1,85.6,27.5,25,43.1,105.9,188.1,128.7,149.5,133.3,"CH.Mulhouse","CH.Mulhouse","CH.Colmar"
"185","LAMPERTSLOCH",44.1,25.7,90.2,113.5,131.5,142.5,168.9,86.5,107.3,114.2,"CH.Haguenau","HTP","HTP"
"186","SCHWOBSHEIM",46.9,66.4,34.7,56.7,74.7,105.7,170.7,109.5,130.2,115.9,"CH.Colmar","CH.Colmar","HTP"
"187","GOLDBACH-ALTENBACH",90.9,110.5,45.6,32.8,40.1,75.4,170.3,153.5,151.6,114.3,"CH.Mulhouse","CH.Mulhouse","CH.Belfort"
"188","LA BROQUE",41.4,61,59.9,83.2,101.2,86.7,143,95.6,116.4,88.2,"HTP","HTP","CH.Colmar"
"189","STRUETH",97.3,116.9,55.5,34.1,31.7,103.8,198.7,159.9,180.1,142.7,"CH.Belfort","CH.Belfort","CH.Mulhouse"
"190","JEBSHEIM",51.5,71,16.5,38.5,56.5,100.9,173.5,114.1,134.9,118.7,"CH.Colmar","CH.Colmar","CH.Mulhouse"
"191","MACKENHEIM",46.3,65.8,26.9,48.9,66.9,103.2,168.2,108.9,129.6,113.4,"CH.Colmar","CH.Colmar","HTP"
"192","SAINT-BLAISE-LA-ROCHE",50.4,69.9,50.2,73.5,91.6,76.3,133.5,104.6,114.8,78.7,"CH.Colmar","CH.Colmar","HTP"
"193","NEUVE-EGLISE",38.6,58.2,30.9,54.3,72.3,87.4,152.4,101.3,122,97.6,"CH.Colmar","CH.Colmar","HTP"
"194","HOCHFELDEN",22.1,17.5,68.2,91.5,109.5,113.8,140.2,57.8,78.6,85.5,"CH.Haguenau","HTP","HTP"
"195","JETTERSWILLER",25.7,35.4,58.5,81.8,99.8,114,140.4,58,78.8,85.7,"HTP","HTP","CH.Haguenau"
"196","EBERBACH-SELTZ",39.2,35.7,85.2,104.8,122.9,146.8,173.2,90.8,111.6,118.5,"CH.Haguenau","HTP","HTP"
"197","BERNARDSWILLER",23.5,43.1,35.7,59.1,77.1,105,167.5,85.2,105.9,112.8,"HTP","HTP","CH.Colmar"
"198","GERSTHEIM",25,44.5,45.3,68.6,86.7,114.6,174.6,92.2,112.9,119.8,"HTP","HTP","CH.Haguenau"
"199","RHINAU",34.1,53.7,45.1,68.5,86.5,114.4,179.4,101.3,122.1,124.7,"HTP","HTP","CH.Colmar"
"200","BEINHEIM",31.9,28.4,78,94,112.1,139.6,166,83.6,104.3,111.2,"CH.Haguenau","HTP","HTP"
"201","KIFFIS",110.6,130.1,72,52.2,56.6,121.8,216.7,173.2,193.9,160.7,"CH.Mulhouse","CH.Mulhouse","CH.Belfort"
"202","MOOSLARGUE",104.8,124.3,66.2,37.5,41.6,106.8,201.7,167.4,183,145.7,"CH.Mulhouse","CH.Mulhouse","CH.Belfort"
"203","ENGWILLER",36.4,21.5,82.4,105.7,123.8,127.5,153.9,71.5,92.2,99.1,"CH.Haguenau","HTP","HTP"
"204","NATZWILLER",47.6,67.1,62.6,85.9,104,89.4,146.5,101.8,122.5,91.8,"HTP","HTP","CH.Colmar"
"205","HORBOURG-WIHR",49.7,69.2,8,32,50,94.2,171.6,112.3,133,116.9,"CH.Colmar","CH.Colmar","CH.Mulhouse"
"206","HANGENBIETEN",14.6,35.4,47.7,71,89.1,117,160,77.7,98.4,105.3,"HTP","HTP","CH.Haguenau"
"207","BERENTZWILLER",87.2,106.7,48.6,27.2,48.3,113.9,208.8,149.8,170.5,152.8,"CH.Mulhouse","CH.Mulhouse","CH.Belfort"
"208","LORENTZEN",54,49.4,94.1,117.4,135.5,115.2,139.5,38.4,59.1,86.8,"CH.Forbach","CH.Forbach","CH.Haguenau"
"209","LEMBACH",45.5,27.5,91.5,114.9,132.9,143.9,170.3,79.8,108.6,115.5,"CH.Haguenau","HTP","HTP"
"210","ROHR",19.2,24.1,64.6,87.9,106,120.3,146.7,64.3,85,91.9,"HTP","HTP","CH.Haguenau"
"211","KAPPELEN",78.6,98.1,40,18.8,44.7,107.6,200.6,141.2,161.9,145.8,"CH.Mulhouse","CH.Mulhouse","CH.Colmar"
"212","BIEDERTHAL",98.6,118.1,60,43.9,64.8,127.6,220.6,161.2,182,165.8,"CH.Mulhouse","CH.Mulhouse","CH.Colmar"
"213","HAGUENAU",23.7,4.5,69.8,93.1,111.2,122.1,148.5,66.2,86.9,93.8,"CH.Haguenau","HTP","HTP"
"214","SAINT-PIERRE-BOIS",35.4,55,29.9,53.2,71.2,90.5,155.4,98,118.8,100.7,"CH.Colmar","CH.Colmar","HTP"
"215","HABSHEIM",68.4,88,29.8,11.3,34.1,96.9,190.4,131,151.8,135.7,"CH.Mulhouse","CH.Mulhouse","CH.Colmar"
"216","VOEGTLINSHOFFEN",60.3,79.8,14.3,32.2,44.1,95.7,179.5,122.9,143.7,124.8,"CH.Colmar","CH.Colmar","CH.Mulhouse"
"217","ISSENHEIM",65.2,84.7,19.9,20.3,32.3,88.9,183.8,127.8,148.5,127.8,"CH.Colmar","CH.Colmar","CH.Mulhouse"
"218","MONTREUX-JEUNE",98.2,117.8,56.9,38.3,20.3,93.6,188.5,160.8,169.8,132.5,"CH.Belfort","CH.Belfort","CH.Mulhouse"
"219","STRASBOURG",5.7,25.2,49.1,72.5,90.5,118.4,155.2,72.8,93.6,100.5,"HTP","HTP","CH.Haguenau"
"220","BALSCHWILLER",81.5,101,39.7,21.6,25.3,91.6,186.5,144.1,164.9,130.5,"CH.Mulhouse","CH.Mulhouse","CH.Belfort"
"221","HEILIGENSTEIN",26.3,45.8,34,57.3,75.4,103.3,168.2,88.9,109.7,113.5,"HTP","HTP","CH.Colmar"
"222","RIEDSELTZ",48,29.6,94.1,116.7,134.7,146.4,172.8,90.4,111.2,118.1,"CH.Haguenau","HTP","HTP"
"223","ADAMSWILLER",57.6,53,97.7,121.1,139.1,116.5,142.8,42,62.7,88.1,"CH.Forbach","CH.Forbach","CH.Haguenau"
"224","COSSWILLER",26.6,38.1,59.4,82.7,100.7,116.7,143.1,60.7,81.5,88.4,"HTP","HTP","CH.Haguenau"
"225","UTTENHEIM",24.2,43.8,37.7,61,79,107,171.9,91.4,112.1,117.2,"HTP","HTP","CH.Colmar"
"226","KAYSERSBERG VIGNOBLE",53.6,73.2,11.6,42.1,55.9,81.8,160.8,116.2,137,106.1,"CH.Colmar","CH.Colmar","CH.Mulhouse"
"227","RICHWILLER",73.4,93,32.1,13.1,27.9,88.6,183.5,136,156.8,127.5,"CH.Mulhouse","CH.Mulhouse","CH.Belfort"
"228","KEMBS",74.5,94,35.9,19.8,40.6,103.5,196.5,137.1,157.8,141.7,"CH.Mulhouse","CH.Mulhouse","CH.Colmar"
"229","ESCHAU",13.3,32.9,46,69.3,87.4,115.3,162.9,80.5,101.2,108.1,"HTP","HTP","CH.Haguenau"
"230","PUBERG",54.5,48.3,98.9,122.3,140.3,124,150.4,55.9,76.6,95.6,"CH.Haguenau","HTP","HTP"
"231","RINGENDORF",26.2,21.7,72.3,95.6,113.7,117.3,143.6,61.3,82,88.9,"CH.Haguenau","HTP","HTP"
"232","METZERAL",71,90.5,24.5,55.3,67.3,77.4,171.8,133.6,153.2,115.8,"CH.Colmar","CH.Colmar","CH.Mulhouse"
"233","SELTZ",32.9,29.4,79,98.6,116.6,140.5,166.9,84.6,105.3,112.2,"CH.Haguenau","HTP","HTP"
"234","BRINCKHEIM",76.9,96.4,38.3,21.3,43,105.9,198.8,139.5,160.2,144.1,"CH.Mulhouse","CH.Mulhouse","CH.Colmar"
"235","RANGEN",24.7,32.2,57.5,80.8,98.8,115.6,142,59.6,80.4,87.3,"HTP","HTP","CH.Haguenau"
"236","RETZWILLER",90.5,110.1,48.7,29.8,22.1,95.4,190.2,153.1,171.6,134.2,"CH.Belfort","CH.Belfort","CH.Mulhouse"
"237","LAUTERBOURG",38.9,35.4,85,104.6,122.6,146.5,172.9,90.5,111.3,118.2,"CH.Haguenau","HTP","HTP"
"238","AUBURE",58.2,77.8,29.8,56.4,74.1,87.6,152.5,120.8,133.8,97.8,"CH.Colmar","CH.Colmar","CH.Mulhouse"
"239","MICHELBACH-LE-BAS",81.1,100.6,42.5,26.4,47.2,110,203,143.7,164.4,148.3,"CH.Mulhouse","CH.Mulhouse","CH.Colmar"
"240","BEBLENHEIM",45.6,65.1,13.8,40.5,58.1,90.5,161.3,108.2,128.9,106.6,"CH.Colmar","CH.Colmar","CH.Mulhouse"
"241","LANDSER",76.6,96.1,38,9.4,38.5,100.8,195.7,139.2,160,139.7,"CH.Mulhouse","CH.Mulhouse","CH.Colmar"
"242","HIRSCHLAND",52.8,48.2,92.9,116.2,134.3,102.1,128.4,42.3,63.1,73.7,"CH.Forbach","CH.Forbach","CH.Haguenau"
"243","BILTZHEIM",56,75.5,17.4,24.5,42.5,102.1,178,118.6,139.3,123.2,"CH.Colmar","CH.Colmar","CH.Mulhouse"
"244","HECKEN",82.6,102.1,37.4,22.6,19.1,89.3,184.2,145.2,165.5,128.2,"CH.Belfort","CH.Belfort","CH.Mulhouse"
"245","JETTINGEN",86.1,105.6,47.5,26,45.3,110.9,205.8,148.7,169.4,149.8,"CH.Mulhouse","CH.Mulhouse","CH.Belfort"
"246","OBERSAASHEIM",61.2,80.8,22.9,40.2,58.2,108,183.2,123.8,144.6,128.5,"CH.Colmar","CH.Colmar","CH.Mulhouse"
"247","BURNHAUPT-LE-BAS",76.2,95.8,34.4,16.3,20,86.3,181.2,138.8,159.6,125.2,"CH.Mulhouse","CH.Mulhouse","CH.Belfort"
"248","OTTERSWILLER",30.8,29.9,63.6,87,105,108.3,134.7,52.5,73.3,80,"CH.Haguenau","HTP","HTP"
"249","SCHWEIGHOUSE-THANN",78.3,97.8,33,19.7,22.5,83.3,178.2,140.9,159.5,122.2,"CH.Mulhouse","CH.Mulhouse","CH.Belfort"
"250","ATTENSCHWILLER",82.7,102.3,44.2,28,48.9,111.7,204.7,145.3,166.1,150,"CH.Mulhouse","CH.Mulhouse","CH.Colmar"
"251","SPARSBACH",43.9,37.8,89.9,113.2,131.3,123.3,149.7,59.3,80.1,94.9,"CH.Haguenau","HTP","HTP"
"252","RIXHEIM",68,87.5,29.4,9.1,31.6,94.4,189.3,130.6,151.4,133.3,"CH.Mulhouse","CH.Mulhouse","CH.Colmar"
"253","WINGERSHEIM LES QUATRE BANS",21.1,17.3,68.9,92.2,110.3,121,147.4,65,85.8,92.7,"CH.Haguenau","HTP","HTP"
"254","COLMAR",48.4,68,3.5,32.1,49.7,89.7,170.4,111,131.8,115.7,"CH.Colmar","CH.Colmar","CH.Mulhouse"
"255","GRIESBACH-AU-VAL",62.1,81.7,15.7,46.5,58.4,75.2,169.6,124.7,145.5,113.6,"CH.Colmar","CH.Colmar","CH.Mulhouse"
"256","FEGERSHEIM",12.1,31.6,43,66.3,84.3,112.3,161.6,79.3,100,106.9,"HTP","HTP","CH.Haguenau"
"257","STRUTH",53.6,49,97,120.4,138.4,115.7,142.1,48.4,69.1,87.4,"CH.Forbach","CH.Forbach","CH.Haguenau"
"258","KRUTH",97.7,117.3,52.5,39.6,47,59.1,154,160.4,135.3,98,"CH.Mulhouse","CH.Mulhouse","CH.Belfort"
"259","NEUBOIS",38.6,58.2,27.7,51,69.1,88.6,153.5,101.2,122,98.8,"CH.Colmar","CH.Colmar","HTP"
"260","FRIESENHEIM",34.2,53.8,44.8,67,85.1,114.1,179,101.4,122.1,124.3,"HTP","HTP","CH.Colmar"
"261","NORDHOUSE",17.2,36.7,42.5,65.8,83.8,111.8,166.7,84.3,105.1,112,"HTP","HTP","CH.Haguenau"
"262","WESTHOUSE",27.3,46.9,36.2,59.6,77.6,105.5,170.5,93.3,114,115.7,"HTP","HTP","CH.Colmar"
"263","ERNOLSHEIM-LES-SAVERNE",36.6,32,74.1,97.5,115.5,110.5,136.9,54.5,75.3,82.2,"CH.Haguenau","HTP","HTP"
"264","SEPPOIS-LE-BAS",102.8,122.3,64.1,35.5,35.7,100.8,195.7,165.4,177,139.7,"CH.Mulhouse","CH.Mulhouse","CH.Belfort"
"265","DIEDENDORF",56.2,51.6,96.3,119.6,137.7,106,132.4,40.6,61.3,76.2,"CH.Forbach","CH.Forbach","CH.Haguenau"
"266","WINTZENHEIM-KOCHERSBERG",20.4,31.7,59.4,82.7,100.7,119,145.4,63.1,83.8,90.7,"HTP","HTP","CH.Haguenau"
"267","SAINT-HIPPOLYTE",38.5,58.1,18.8,42.1,60.1,89.1,154,101.2,121.9,99.3,"CH.Colmar","CH.Colmar","HTP"
"268","KESSELDORF",35.3,31.8,81.3,97.4,115.4,142.9,169.3,86.9,107.7,114.6,"CH.Haguenau","HTP","HTP"
"269","PFULGRIESHEIM",8.4,23,57.5,80.9,98.9,126.6,153,70.6,91.4,98.3,"HTP","HTP","CH.Haguenau"
"270","STUTZHEIM-OFFENHEIM",10.1,30.1,57,80.3,98.3,126.3,155,72.6,93.4,100.3,"HTP","HTP","CH.Haguenau"
"271","SCHIRRHEIN",30.4,16.5,76.4,99.8,117.8,134.2,160.6,78.2,98.9,105.8,"CH.Haguenau","HTP","HTP"
"272","BOLSENHEIM",22.6,42.1,39.8,63.1,81.1,109,172.2,89.7,110.5,117.4,"HTP","HTP","CH.Colmar"
"273","UTTWILLER",32.3,27.7,78.4,101.7,119.7,118.8,145.3,62.3,83.1,90.4,"CH.Haguenau","HTP","HTP"
"274","WITTERSHEIM",22.1,13,68.2,91.5,109.5,117.2,143.7,61.2,82,88.8,"CH.Haguenau","HTP","HTP"
"275","DUTTLENHEIM",17.2,36.7,39.1,62.5,80.5,108.4,163.5,81.1,101.8,108.7,"HTP","HTP","CH.Haguenau"
"276","SOMMERAU",27.6,36,60.3,83.7,101.7,114.5,141,58.5,79.3,86.2,"HTP","HTP","CH.Haguenau"
"277","HIPSHEIM",15.3,34.8,43.3,66.7,84.7,112.6,164.9,82.5,103.2,110.1,"HTP","HTP","CH.Haguenau"
"278","WIWERSHEIM",12.4,28.1,56.6,79.9,98,125.9,152.6,70.2,90.9,97.8,"HTP","HTP","CH.Haguenau"
"279","ALTENHEIM",29,29.5,64.9,88.3,106.3,112.2,138.6,56.2,76.9,83.8,"HTP","HTP","CH.Haguenau"
"280","HOCHSTATT",75.6,95.1,37,11.1,28.5,90.9,185.9,138.2,158.9,129.8,"CH.Mulhouse","CH.Mulhouse","CH.Belfort"
"281","WINKEL",104.2,123.7,65.6,43.4,48.1,113.3,208.3,166.8,187.5,152.1,"CH.Mulhouse","CH.Mulhouse","CH.Belfort"
"282","RUELISHEIM",68.7,88.2,30.1,16.5,34,96.3,190.8,131.3,152.1,135.1,"CH.Mulhouse","CH.Mulhouse","CH.Colmar"
"283","BILWISHEIM",18.9,17.5,65,88.3,106.3,123.2,149.7,67.2,87.9,94.8,"CH.Haguenau","HTP","HTP"
"284","VOELLERDINGEN",54.1,49.5,94.2,117.6,135.6,115.3,139.7,38.5,59.2,86.9,"CH.Forbach","CH.Forbach","CH.Haguenau"
"285","BINDERNHEIM",40.3,59.8,40.5,63.8,81.9,109.8,174.8,106.2,126.9,120,"HTP","HTP","CH.Colmar"
"286","LEYMEN",93.1,112.6,54.5,38.4,59.3,122.1,215.2,155.7,176.4,160.3,"CH.Mulhouse","CH.Mulhouse","CH.Colmar"
"287","MITZACH",91.4,110.9,46.1,33.3,40.6,64.8,159.8,154,141,103.7,"CH.Mulhouse","CH.Mulhouse","CH.Belfort"
"288","INGWILLER",37,31,83,106.4,124.4,122.1,148.6,63.8,84.5,93.7,"CH.Haguenau","HTP","HTP"
"289","ORSCHWILLER",37.3,56.8,20.1,43.4,61.4,90.6,155.7,99.9,120.7,100.8,"CH.Colmar","CH.Colmar","HTP"
"290","LAUTENBACHZELL",75,94.5,29.7,29,41.5,88.2,183.2,137.6,158.4,127.1,"CH.Mulhouse","CH.Mulhouse","CH.Colmar"
"291","MUNWILLER",57.3,76.8,18.7,26.5,42.8,99.4,179.3,119.9,140.6,124.5,"CH.Colmar","CH.Colmar","CH.Mulhouse"
"292","FELLERING",92.6,112.1,47.3,34.5,41.8,61.1,156.1,155.2,137.3,100,"CH.Mulhouse","CH.Mulhouse","CH.Belfort"
"293","ILLZACH",68.5,88,29.9,9.5,28,90.8,185.8,131.1,151.8,129.7,"CH.Mulhouse","CH.Mulhouse","CH.Belfort"
"294","BASSEMBERG",40.6,60.2,34,57.4,75.4,84,149.1,103.2,124,94.2,"CH.Colmar","CH.Colmar","HTP"
"295","NEUGARTHEIM-ITTLENHEIM",19.8,32.7,61.6,84.9,102.9,122.4,148.9,66.4,87.1,94,"HTP","HTP","CH.Haguenau"
"296","SAINT-ULRICH",95.2,114.7,53.3,33.7,29.6,102.8,197.8,157.8,178.5,141.7,"CH.Belfort","CH.Belfort","CH.Mulhouse"
"297","WAHLENHEIM",18.7,9.6,64.8,88.1,106.1,117.1,143.6,61.1,81.9,88.7,"CH.Haguenau","HTP","HTP"
"298","GOERSDORF",42.2,24.2,88.3,111.6,129.6,140.6,167.1,82.9,105.4,112.2,"CH.Haguenau","HTP","HTP"
"299","BLANCHERUPT",51,70.5,52.9,76.2,94.2,82.3,139.6,105.2,120.8,84.7,"HTP","HTP","CH.Colmar"
"300","NEUWILLER-LES-SAVERNE",38.5,33.9,76.5,99.8,117.8,112.6,139.1,56.6,77.4,84.3,"CH.Haguenau","HTP","HTP"
"301","SCHAFFHOUSE-PRES-SELTZ",33.6,30.1,79.6,99.3,117.3,141.2,167.7,85.2,106,112.8,"CH.Haguenau","HTP","HTP"
"302","BELMONT",52.3,71.8,50.2,73.5,91.5,85.7,142.9,108.6,124.2,88.1,"CH.Colmar","CH.Colmar","HTP"
"303","RUSS",37.4,56.9,56.6,79.9,97.9,90.6,147.4,91.6,112.3,92.5,"HTP","HTP","CH.Colmar"
"304","OBERROEDERN",44.3,26.8,90.4,110,128,143.6,170.1,87.6,108.4,115.3,"CH.Haguenau","HTP","HTP"
"305","WECKOLSHEIM",57.4,76.9,19.1,33.6,51.7,104.2,179.5,120,140.7,124.6,"CH.Colmar","CH.Colmar","CH.Mulhouse"
"306","PLOBSHEIM",16.1,35.6,48.3,71.7,89.7,117.6,165.7,83.3,104,110.9,"HTP","HTP","CH.Haguenau"
"307","DOLLEREN",97,116.5,51.9,37,32.6,68.4,163.4,159.6,144.6,107.2,"CH.Belfort","CH.Belfort","CH.Mulhouse"
"308","OTTWILLER",49.2,44.6,89.3,112.6,130.7,108,134.5,40.6,61.4,79.6,"CH.Forbach","CH.Forbach","CH.Haguenau"
"309","SCHERWILLER",35.9,55.5,24.4,47.8,65.8,89,154,98.5,119.3,99.2,"CH.Colmar","CH.Colmar","HTP"
"310","ROMAGNY",95.7,115.2,53.9,34.9,24.4,97.2,192.2,158.3,173.4,136.1,"CH.Belfort","CH.Belfort","CH.Mulhouse"
"311","WEINBOURG",38.1,33.5,84.2,107.5,125.5,120.6,147.1,59.1,79.9,92.2,"CH.Haguenau","HTP","HTP"
"312","PLAINE",51.2,70.7,53.5,76.8,94.9,78.8,136,105.4,117.3,81.2,"HTP","HTP","CH.Colmar"
"313","BERRWILLER",71,90.5,25.7,22.3,29.6,86.2,181.2,133.6,154.4,125.1,"CH.Mulhouse","CH.Mulhouse","CH.Colmar"
"314","LICHTENBERG",46.8,40.4,92.9,116.2,134.2,131.9,158.4,71.8,92.5,103.5,"CH.Haguenau","HTP","HTP"
"315","FERRETTE",97.5,117,58.9,36.7,50,115.1,210.1,160.1,180.8,154,"CH.Mulhouse","CH.Mulhouse","CH.Belfort"
"316","SAINTE-CROIX-EN-PLAINE",50.9,70.4,12.3,26.4,44.4,97.4,172.9,113.5,134.2,118.1,"CH.Colmar","CH.Colmar","CH.Mulhouse"
"317","OBERSCHAEFFOLSHEIM",8.2,28.9,50.8,74.2,92.2,120.1,158.8,76.4,97.1,104,"HTP","HTP","CH.Haguenau"
"318","BRUMATH",16.2,11.1,62.3,85.6,103.6,117.9,144.4,62,82.7,89.6,"CH.Haguenau","HTP","HTP"
"319","BENNWIHR",48.3,67.8,11.2,37.8,55.4,87.8,162.5,110.9,131.6,107.7,"CH.Colmar","CH.Colmar","CH.Mulhouse"
"320","MUNTZENHEIM",51.7,71.2,15.1,36.5,54.5,99.8,173.8,114.3,135.1,118.9,"CH.Colmar","CH.Colmar","CH.Mulhouse"
"321","WALDOLWISHEIM",33.7,30.4,66.8,90.1,108.1,109.5,135.9,53.5,74.2,81.1,"CH.Haguenau","HTP","HTP"
"322","DACHSTEIN",19.2,39.9,43.5,66.8,84.9,112.8,156,73.5,94.3,101.1,"HTP","HTP","CH.Haguenau"
"323","MOMMENHEIM",18.5,11.9,64.6,87.9,106,116.3,142.8,60.3,81.1,88,"CH.Haguenau","HTP","HTP"
"324","BUHL",71.8,91.4,26.6,25.8,38.3,92.2,187.2,134.4,155.2,131.1,"CH.Mulhouse","CH.Mulhouse","CH.Colmar"
"325","HARTMANNSWILLER",70.3,89.8,25,21.6,31,87.6,182.6,132.9,153.6,126.5,"CH.Mulhouse","CH.Mulhouse","CH.Colmar"
"326","SOPPE-LE-BAS",81.8,101.3,36.6,21.8,17.4,88.5,183.5,144.4,164.7,127.4,"CH.Belfort","CH.Belfort","CH.Mulhouse"
"327","COURTAVON",112.9,132.5,74.3,46.1,44.2,109.4,204.4,175.5,185.6,148.3,"CH.Belfort","CH.Belfort","CH.Mulhouse"
"328","DAUENDORF",29.1,16,75.1,98.5,116.5,124.6,151.1,68.6,89.4,96.3,"CH.Haguenau","HTP","HTP"
"329","BERGHEIM",41.8,61.3,18.2,41.5,59.5,92.9,158,104.4,125.1,103.1,"CH.Colmar","CH.Colmar","CH.Mulhouse"
"330","DURNINGEN",19,25.8,63.7,87,105,122.1,148.6,66.1,86.9,93.7,"HTP","HTP","CH.Haguenau"
"331","AUENHEIM",28,24.2,74.1,97.4,115.4,135.6,162.1,79.7,100.4,107.3,"CH.Haguenau","HTP","HTP"
"332","BITSCHHOFFEN",34.5,19.9,80.6,103.9,122,125.7,152.2,69.7,90.4,97.3,"CH.Haguenau","HTP","HTP"
"333","OLWISHEIM",17.9,18.3,65.4,88.7,106.7,124,150.5,68,88.8,95.7,"HTP","HTP","CH.Haguenau"
"334","KOLBSHEIM",14.8,35.5,44.7,68,86.1,114,159.9,77.5,98.2,105.1,"HTP","HTP","CH.Haguenau"
"335","LANDERSHEIM",24.8,30.6,62.2,85.6,103.6,114.2,140.7,58.2,79,85.8,"HTP","HTP","CH.Haguenau"
"336","MUHLBACH-SUR-MUNSTER",68.8,88.4,22.4,53.2,65.1,75.3,169.8,131.4,151,113.7,"CH.Colmar","CH.Colmar","CH.Mulhouse"
"337","REIPERTSWILLER",49.5,39.6,95.5,118.9,136.9,134.5,161,69.7,91.3,106.2,"CH.Haguenau","HTP","HTP"
"338","BUSCHWILLER",83.2,102.7,44.6,28.5,49.3,112.1,205.2,145.8,166.5,150.4,"CH.Mulhouse","CH.Mulhouse","CH.Colmar"
"339","PORTE DU RIED",48,67.5,11.7,35.4,53.4,96.1,170,110.6,131.3,115.2,"CH.Colmar","CH.Colmar","CH.Mulhouse"
"340","SARREWERDEN",50.4,45.8,90.5,113.9,131.9,111.1,136.1,34.8,55.5,81.3,"CH.Forbach","CH.Forbach","CH.Haguenau"
"341","ZOEBERSDORF",26.6,22,72.7,96,114,117.6,144.1,61.6,82.4,89.3,"CH.Haguenau","HTP","HTP"
"342","MALMERSPACH",89.2,108.7,43.9,31.1,38.4,66,161,151.8,142.2,104.8,"CH.Mulhouse","CH.Mulhouse","CH.Belfort"
"343","ROSTEIG",51.6,45.4,97.6,121,139,130.6,157.1,60.1,80.8,102.2,"CH.Haguenau","HTP","HTP"
"344","SEPPOIS-LE-HAUT",103,122.6,64.5,35.7,36.3,101.5,196.5,165.6,177.7,140.4,"CH.Mulhouse","CH.Mulhouse","CH.Belfort"
"345","SCHNERSHEIM",16.7,29.6,59.4,82.8,100.8,122.3,148.8,66.3,87.1,94,"HTP","HTP","CH.Haguenau"
"346","HAEGEN",33.9,33.4,66.7,90,108,110.4,136.9,56,76.7,82,"CH.Haguenau","HTP","HTP"
"347","HATTMATT",33.6,29,71.5,94.8,112.8,107.6,134.1,51.6,72.4,79.2,"CH.Haguenau","HTP","HTP"
"348","ROUNTZENHEIM",26.3,22.6,72.4,95.7,113.8,134,160.5,78,98.7,105.6,"CH.Haguenau","HTP","HTP"
"349","GEUDERTHEIM",21.3,16.6,67.3,90.7,108.7,123.5,150,67.5,88.2,95.1,"CH.Haguenau","HTP","HTP"
"350","LUTTENBACH-PRES-MUNSTER",66.5,86,20,50.8,62.8,72.9,167.4,129.1,148.7,111.3,"CH.Colmar","CH.Colmar","CH.Mulhouse"
"351","STERNENBERG",84.2,103.7,39,24.2,20.7,90.9,185.9,146.8,167.1,129.8,"CH.Belfort","CH.Belfort","CH.Mulhouse"
"352","NIEDERBRONN-LES-BAINS",40.1,23.8,86.1,109.5,127.5,138.5,165,68.3,99.5,110.1,"CH.Haguenau","HTP","HTP"
"353","HINSBOURG",54,49.4,98.4,121.7,139.8,123,149.5,52.5,73.2,94.6,"CH.Haguenau","CH.Forbach","CH.Forbach"
"354","RAMMERSMATT",87.2,106.8,42,29.1,36.4,82.7,177.7,149.8,158.9,121.6,"CH.Mulhouse","CH.Mulhouse","CH.Belfort"
"355","BOURG-BRUCHE",56,75.5,49.4,72.7,90.7,72.1,136.1,111.4,117.4,81.3,"CH.Colmar","CH.Colmar","HTP"
"356","LA WANTZENAU",15.3,22.9,61.4,84.7,102.8,126.5,153,70.5,91.2,98.1,"HTP","HTP","CH.Haguenau"
"357","LA PETITE-PIERRE",44.3,39.7,88.7,112,130,113.7,140.2,49,69.7,85.3,"CH.Haguenau","HTP","HTP"
"358","GUEBWILLER",68.4,88,23.2,22.4,34.9,91.6,186.6,131,151.8,130.4,"CH.Mulhouse","CH.Mulhouse","CH.Colmar"
"359","ROTT",55.4,37,101.5,123.6,141.6,153.8,180.3,91.2,118.6,125.4,"CH.Haguenau","HTP","HTP"
"360","MERTZEN",97.1,116.6,55.3,32.2,31.5,104.8,199.8,159.7,180.4,143.6,"CH.Belfort","CH.Belfort","CH.Mulhouse"
"361","OBERHASLACH",34.1,53.7,53.4,76.7,94.7,103.2,160.1,79.5,100.3,105.3,"HTP","HTP","CH.Colmar"
"362","WICKERSCHWIHR",49.7,69.2,13.4,36,54,97.8,171.8,112.3,133.1,116.9,"CH.Colmar","CH.Colmar","CH.Mulhouse"
"363","SIEWILLER",45.7,41.1,85.8,109.1,127.2,104.5,131,40.3,61.1,76.1,"CH.Forbach","CH.Forbach","CH.Haguenau"
"364","HEGENHEIM",81.5,101.1,43,26.8,47.7,110.5,203.6,144.1,164.9,148.8,"CH.Mulhouse","CH.Mulhouse","CH.Colmar"
"365","PFALZWEYER",42.7,38.1,82.9,106.2,124.2,101.5,128,48.8,69.5,73.2,"CH.Haguenau","HTP","HTP"
"366","OSTHOUSE",22.1,41.7,37.2,60.6,78.6,106.5,171.6,89.3,110.1,116.7,"HTP","HTP","CH.Colmar"
"367","HOHROD",67.2,86.7,20.7,51.5,63.5,71,165.5,129.8,146.7,109.4,"CH.Colmar","CH.Colmar","CH.Mulhouse"
"368","ZITTERSHEIM",52.4,46.2,97.4,120.8,138.8,122.4,148.9,57.1,77.9,94.1,"CH.Haguenau","HTP","HTP"
"369","MUHLBACH-SUR-BRUCHE",33.7,53.3,53,76.3,94.3,94.5,151.7,88,108.7,96.9,"HTP","HTP","CH.Colmar"
"370","BISSERT",56.4,51.8,96.5,119.9,137.9,117.6,140.9,39.6,60.4,80.7,"CH.Forbach","CH.Forbach","CH.Haguenau"
"371","KURTZENHOUSE",21.6,14.1,67.7,91,109.1,129.3,155.8,73.3,94,100.9,"CH.Haguenau","HTP","HTP"
"372","ETTENDORF",25.2,20.5,71.3,94.6,112.7,116.3,142.8,60.3,81,87.9,"CH.Haguenau","HTP","HTP"
"373","STEINSELTZ",51.4,33,97.5,120.4,138.4,149.8,176.3,92.2,114.6,121.5,"CH.Haguenau","HTP","HTP"
"374","WINGEN",50.2,32.2,96.2,119.6,137.6,148.6,175.1,83.2,113.4,120.2,"CH.Haguenau","HTP","HTP"
"375","ASCHBACH",44.3,30.4,90.3,109.9,128,147.3,173.7,91.3,112,118.9,"CH.Haguenau","HTP","HTP"
"376","GRASSENDORF",28.3,19.2,74.3,97.7,115.7,121.2,147.7,65.2,85.9,92.8,"CH.Haguenau","HTP","HTP"
"377","ENTZHEIM",13,32.9,41.8,65.1,83.1,111.1,163,80.5,101.2,108.1,"HTP","HTP","CH.Haguenau"
"378","KILSTETT",18.8,24.1,64.9,88.2,106.2,127.7,154.2,71.7,92.5,99.3,"HTP","HTP","CH.Haguenau"
"379","DIEFFENTHAL",35.2,54.7,28.5,51.8,69.9,93.1,158.1,97.8,118.5,103.3,"CH.Colmar","CH.Colmar","HTP"
"380","FRIESEN",101.4,120.9,59.5,34.6,35.8,103.7,198.7,164,179.9,142.6,"CH.Mulhouse","CH.Mulhouse","CH.Belfort"
"381","FESSENHEIM-LE-BAS",16.4,34.2,55.7,79.1,97.1,123.4,149.8,67.4,88.1,95,"HTP","HTP","CH.Haguenau"
"382","SOULTZ-HAUT-RHIN",68.8,88.4,23.6,21.4,32.3,88.9,183.9,131.4,152.2,127.8,"CH.Mulhouse","CH.Mulhouse","CH.Colmar"
"383","ESCHBOURG",48.3,43.7,84.1,107.5,125.5,108.6,135.1,53.6,74.4,80.3,"CH.Haguenau","HTP","HTP"
"384","REICHSTETT",11,18.9,57.1,80.4,98.5,122.6,149.1,66.6,87.3,94.2,"HTP","HTP","CH.Haguenau"
"385","VOGELGRUN",60.6,80.2,22.3,39.5,57.6,107.4,182.7,123.2,144,127.9,"CH.Colmar","CH.Colmar","CH.Mulhouse"
"386","URMATT",32.1,51.6,51.3,74.6,92.7,97.6,154.5,84.6,105.3,99.7,"HTP","HTP","CH.Colmar"
"387","THANN",78.8,98.4,33.6,20.7,28.1,74.7,169.7,141.5,151,113.6,"CH.Mulhouse","CH.Mulhouse","CH.Belfort"
"388","URBES",94.6,114.1,49.3,36.5,43.8,57.9,152.9,157.2,134.1,96.8,"CH.Mulhouse","CH.Mulhouse","CH.Belfort"
"389","GUNDERSHOFFEN",33.5,17.2,79.5,102.9,120.9,131.9,158.4,74.5,96.6,103.5,"CH.Haguenau","HTP","HTP"
"390","SUNDHOFFEN",49.7,69.3,11.4,30,48,96.5,171.8,112.3,133.1,117,"CH.Colmar","CH.Colmar","CH.Mulhouse"
"391","LIXHAUSEN",24.1,19.5,70.2,93.5,111.5,115.1,141.6,59.1,79.9,86.8,"CH.Haguenau","HTP","HTP"
"392","WOERTH",38.5,20.6,84.6,107.9,126,137,163.4,79.5,101.7,108.6,"CH.Haguenau","HTP","HTP"
"393","ENSISHEIM",61.2,80.8,22.6,19.9,37.9,95.9,183.3,123.8,144.6,128.5,"CH.Mulhouse","CH.Mulhouse","CH.Colmar"
"394","HUNINGUE",80.7,100.3,42.1,26,46.9,109.7,202.8,143.3,164.1,148,"CH.Mulhouse","CH.Mulhouse","CH.Colmar"
"395","OBERMORSCHWIHR",58.3,77.9,12.5,30.2,42.2,93.9,177.7,120.9,141.7,122.9,"CH.Colmar","CH.Colmar","CH.Mulhouse"
"396","BELLEFOSSE",51.7,71.2,50.8,74.1,92.1,83,140.3,105.9,121.5,85.4,"CH.Colmar","CH.Colmar","HTP"
"397","BATTENHEIM",66.5,86,27.9,14.5,33.9,96.8,188.6,129.1,149.8,133.7,"CH.Mulhouse","CH.Mulhouse","CH.Colmar"
"398","REGUISHEIM",58.9,78.4,20.3,21.4,39.4,98.4,180.9,121.5,142.2,126.1,"CH.Colmar","CH.Colmar","CH.Mulhouse"
"399","WITTELSHEIM",74.3,93.8,30.4,17.5,28.6,85.2,180.2,136.9,157.6,124.1,"CH.Mulhouse","CH.Mulhouse","CH.Belfort"
"400","AMMERSCHWIHR",52.6,72.1,8.8,39.3,53.1,83.6,162.7,115.2,136,107.9,"CH.Colmar","CH.Colmar","CH.Mulhouse"
"401","KUTTOLSHEIM",17.8,33.8,56.8,80.1,98.2,121.2,147.7,65.2,86,92.9,"HTP","HTP","CH.Haguenau"
"402","ORBEY",64.6,84.2,22.1,52.7,66.4,76.3,155.4,127.2,136.6,100.6,"CH.Colmar","CH.Colmar","CH.Mulhouse"
"403","ZIMMERSHEIM",72.7,92.2,34.1,6.8,34.9,97.5,192.5,135.3,156,136.4,"CH.Mulhouse","CH.Mulhouse","CH.Colmar"
"404","ILLFURTH",79.6,99.2,41.1,12.7,30.4,95,190,142.3,163,133.9,"CH.Mulhouse","CH.Mulhouse","CH.Belfort"
"405","SURBOURG",34.6,16.2,80.7,104,122,133,159.5,77,97.8,104.7,"CH.Haguenau","HTP","HTP"
"406","DURRENENTZEN",54,73.6,17.4,38.8,56.8,102.2,176.1,116.6,137.4,121.2,"CH.Colmar","CH.Colmar","CH.Mulhouse"
"407","STOSSWIHR",67.3,86.9,20.9,51.6,63.6,68.6,163.1,129.9,144.4,107,"CH.Colmar","CH.Colmar","CH.Mulhouse"
"408","KOESTLACH",101.7,121.2,63.1,37,48,113.2,208.2,164.3,185.1,152.1,"CH.Mulhouse","CH.Mulhouse","CH.Belfort"
"409","NEUHAEUSEL",34,30.2,80.1,97.3,115.3,141.6,168.1,85.7,106.4,113.3,"CH.Haguenau","HTP","HTP"
"410","DRULINGEN",48.8,44.2,89,112.3,130.3,107.6,134.1,38.2,58.9,79.3,"CH.Forbach","CH.Forbach","CH.Haguenau"
"411","LOCHWILLER",30,33.4,62.7,86.1,104.1,112,138.5,56,76.7,83.6,"HTP","HTP","CH.Haguenau"
"412","MORSCHWILLER",26.6,17.5,72.6,96,114,119.8,146.3,63.8,84.5,91.4,"CH.Haguenau","HTP","HTP"
"413","ALTECKENDORF",23.3,17.6,69.3,92.7,110.7,114.3,140.8,58.3,79,85.9,"CH.Haguenau","HTP","HTP"
"414","LUTTER",99.6,119.1,61,44.9,60.4,125.5,220.5,162.2,182.9,164.4,"CH.Mulhouse","CH.Mulhouse","CH.Belfort"
"415","THAL-DRULINGEN",48.5,43.9,88.6,112,130,109.7,134.1,32.9,53.6,81.3,"CH.Forbach","CH.Forbach","CH.Haguenau"
"416","MOTHERN",37.1,33.7,83.2,102.8,120.8,144.8,171.3,88.8,109.5,116.4,"CH.Haguenau","HTP","HTP"
"417","UNGERSHEIM",64.8,84.3,23.3,18.7,34.8,91.5,186.4,127.4,148.1,130.3,"CH.Mulhouse","CH.Mulhouse","CH.Colmar"
"418","JUNGHOLTZ",71.6,91.2,26.4,24.6,35.1,91.7,186.7,134.2,155,130.6,"CH.Mulhouse","CH.Mulhouse","CH.Colmar"
"419","MUTTERSHOLTZ",38.8,58.3,30.8,54.1,72.1,100.1,165.2,101.4,122.1,110.3,"CH.Colmar","CH.Colmar","HTP"
"420","LOHR",49.7,45.1,89.9,113.2,131.2,108.6,135,42.6,63.4,80.2,"CH.Forbach","CH.Forbach","CH.Haguenau"
"421","NIFFER",77.4,96.9,38.8,23.1,42.7,105.5,199.5,140,160.8,144.4,"CH.Mulhouse","CH.Mulhouse","CH.Colmar"
"422","SAULXURES",54.7,74.2,54.6,77.9,96,74.5,131.7,108.9,112.9,76.9,"CH.Colmar","CH.Colmar","HTP"
"423","HESINGUE",79.5,99,40.9,24.8,45.6,108.5,201.5,142.1,162.8,146.7,"CH.Mulhouse","CH.Mulhouse","CH.Colmar"
"424","ERCKARTSWILLER",43.1,38.5,88,111.4,129.4,121,147.4,57,77.8,92.6,"CH.Haguenau","HTP","HTP"
"425","TAGOLSHEIM",82.1,101.6,43.5,14.7,32.8,97.4,192.4,144.7,165.4,136.3,"CH.Mulhouse","CH.Mulhouse","CH.Belfort"
"426","MITTELBERGHEIM",25.8,45.3,32.2,55.5,73.6,101.3,166.3,88.4,109.2,111.5,"HTP","HTP","CH.Colmar"
"427","ARTZENHEIM",51.5,71,19.3,41.3,59.3,103.7,173.5,114.1,134.8,118.6,"CH.Colmar","CH.Colmar","CH.Mulhouse"
"428","THANNENKIRCH",47.4,66.9,28.2,51.6,69.6,87.1,152.1,110,130.7,97.3,"CH.Colmar","CH.Colmar","HTP"
"429","DURLINSDORF",106.6,126.2,68,39.6,47.1,112.3,207.3,169.2,188.5,151.1,"CH.Mulhouse","CH.Mulhouse","CH.Belfort"
"430","WOLSCHHEIM",28.8,32.1,61.8,85.1,103.1,110.7,137.2,54.7,75.5,82.3,"HTP","HTP","CH.Haguenau"
"431","HATTSTATT",58.2,77.8,12.4,29.4,41.4,93.8,177.7,120.9,141.6,122.8,"CH.Colmar","CH.Colmar","CH.Mulhouse"
"432","WOLSCHWILLER",100.2,119.7,61.6,45.5,63,128.6,222.2,162.8,183.5,167.4,"CH.Mulhouse","CH.Mulhouse","CH.Colmar"
"433","CHATENOIS",35,54.6,21.8,45.1,63.1,86.5,151.5,97.6,118.4,96.7,"CH.Colmar","CH.Colmar","HTP"
"434","RANRUPT",52.1,71.6,45.4,68.8,86.8,78.3,138.5,109.6,119.7,83.7,"CH.Colmar","CH.Colmar","HTP"
"435","ROMANSWILLER",24.9,35.9,57.7,81,99,114.5,141,58.5,79.3,86.2,"HTP","HTP","CH.Haguenau"
"436","ZELLWILLER",24.4,44,31.4,54.8,72.8,100.7,165.8,87.1,107.8,110.9,"HTP","HTP","CH.Colmar"
"437","VIEUX-THANN",77.5,97.1,32.3,19.4,26.8,75.8,170.7,140.2,152,114.6,"CH.Mulhouse","CH.Mulhouse","CH.Belfort"
"438","MITTELWIHR",47.3,66.8,12.1,38.9,56.4,88.8,161.5,109.9,130.6,106.7,"CH.Colmar","CH.Colmar","CH.Mulhouse"
"439","WESTHOUSE-MARMOUTIER",27.3,32.8,60.1,83.4,101.4,111.4,137.9,55.4,76.1,83,"HTP","HTP","CH.Haguenau"
"440","MICHELBACH-LE-HAUT",85.3,104.8,46.7,30.6,51.5,114.3,207.4,147.9,168.7,152.5,"CH.Mulhouse","CH.Mulhouse","CH.Colmar"
"441","OBERENTZEN",55.9,75.5,17.4,24.4,42.4,102.5,178,118.5,139.3,123.2,"CH.Colmar","CH.Colmar","CH.Mulhouse"
"442","HUSSEREN-WESSERLING",93,112.5,47.7,34.9,42.2,62.9,157.9,155.6,139.1,101.8,"CH.Mulhouse","CH.Mulhouse","CH.Belfort"
"443","WOLFGANTZEN",55.3,74.8,17,35.2,53.2,102.1,177.4,117.9,138.7,122.5,"CH.Colmar","CH.Colmar","CH.Mulhouse"
"444","SCHAFFHOUSE-SUR-ZORN",20.9,20.1,68.8,92.2,110.2,116.4,142.8,60.4,81.1,88,"CH.Haguenau","HTP","HTP"
"445","SENTHEIM",83.7,103.2,38.5,23.7,25.8,82.4,177.4,146.3,158.6,121.2,"CH.Mulhouse","CH.Mulhouse","CH.Belfort"
"446","BITSCHWILLER-LES-THANN",82.5,102,37.2,24.4,31.7,70.3,165.3,145.1,146.5,109.2,"CH.Mulhouse","CH.Mulhouse","CH.Belfort"
"447","MAISONSGOUTTE",42,61.6,35.4,58.7,76.8,85.3,148.6,104.6,125.4,93.8,"CH.Colmar","CH.Colmar","HTP"
"448","MOLLKIRCH",30.6,50.1,47.6,71,89,104,161.2,84.8,105.6,106.4,"HTP","HTP","CH.Colmar"
"449","MORSCHWILLER-LE-BAS",72.5,92,33.9,10.1,25.5,87.8,182.8,135.1,155.9,126.7,"CH.Mulhouse","CH.Mulhouse","CH.Belfort"
"450","HOENHEIM",9.3,21.7,55.3,78.7,96.7,124.6,151.8,69.3,90.1,96.9,"HTP","HTP","CH.Haguenau"
"451","MERKWILLER-PECHELBRONN",40.6,22.1,86.6,110,128,139,165.4,83,103.7,110.6,"CH.Haguenau","HTP","HTP"
"452","TRAUBACH-LE-BAS",89.7,109.2,45.4,29.7,26.7,97.3,192.3,152.3,173,136.2,"CH.Belfort","CH.Belfort","CH.Mulhouse"
"453","HETTENSCHLAG",55.1,74.6,16.7,32.7,50.7,101.8,177.1,117.7,138.4,122.3,"CH.Colmar","CH.Colmar","CH.Mulhouse"
"454","STORCKENSOHN",95.3,114.9,50,37.2,44.5,59.1,154.1,157.9,135.3,98,"CH.Mulhouse","CH.Mulhouse","CH.Belfort"
"455","BISCHHOLTZ",41.1,30.5,87.1,110.5,128.5,129.1,155.6,70.8,91.6,100.8,"CH.Haguenau","HTP","HTP"
"456","MOOSCH",86.6,106.1,41.3,28.5,35.8,65.7,160.7,149.2,142,104.6,"CH.Mulhouse","CH.Mulhouse","CH.Belfort"
"457","WILDENSTEIN",102.2,121.7,55.7,45.5,52.8,60.4,155.4,163.9,136.6,99.3,"CH.Mulhouse","CH.Mulhouse","CH.Belfort"
"458","STEINBACH",76.6,96.2,31.3,21.4,28.7,81.2,176.2,139.2,157.4,120,"CH.Mulhouse","CH.Mulhouse","CH.Belfort"
"459","ROTHBACH",43,29.5,89,112.4,130.4,128.5,155,70.2,91,100.2,"CH.Haguenau","HTP","HTP"
"460","BOURGHEIM",22.5,42,34,57.3,75.4,103.3,167.6,85.1,105.9,112.7,"HTP","HTP","CH.Colmar"
"461","STEINBRUNN-LE-BAS",79.7,99.2,41.1,6.9,36.1,98.4,193.4,142.3,163,137.3,"CH.Mulhouse","CH.Mulhouse","CH.Belfort"
"462","RIMSDORF",47.9,43.3,88,111.4,129.4,109.1,133.6,32.3,53.1,80.7,"CH.Forbach","CH.Forbach","CH.Haguenau"
"463","BALDERSHEIM",65.8,85.4,27.3,12.3,32.4,95.2,187.9,128.4,149.2,133.1,"CH.Mulhouse","CH.Mulhouse","CH.Colmar"
"464","COLROY-LA-ROCHE",53.1,72.7,48.1,71.4,89.5,79.1,136.3,107.4,117.5,81.5,"CH.Colmar","CH.Colmar","HTP"
"465","FROENINGEN",76.8,96.3,38.2,12.3,29.8,92.1,187.1,139.4,160.2,131,"CH.Mulhouse","CH.Mulhouse","CH.Belfort"
"466","LARGITZEN",97.8,117.3,59,30.4,40,105.5,200.5,160.4,181.1,144.4,"CH.Mulhouse","CH.Mulhouse","CH.Belfort"
"467","GUNSTETT",36.4,18.4,82.4,105.8,123.8,134.8,161.3,78.8,99.6,106.4,"CH.Haguenau","HTP","HTP"
"468","ROPPENHEIM",30.6,27.1,76.6,93.4,111.4,138.2,164.7,82.2,102.9,109.8,"CH.Haguenau","HTP","HTP"
"469","MASEVAUX-NIEDERBRUCK",89.5,109,44.4,29.5,24.3,76.7,171.7,152.1,152.9,115.6,"CH.Belfort","CH.Belfort","CH.Mulhouse"
"470","NIEDERROEDERN",35.2,31.7,81.3,100.9,118.9,142.9,169.4,86.9,107.6,114.5,"CH.Haguenau","HTP","HTP"
"471","TIEFFENBACH",55.8,51.2,99.3,122.6,140.6,117.9,144.4,47.1,67.9,89.6,"CH.Forbach","CH.Forbach","CH.Haguenau"
"472","BISCHWILLER",25.9,12.3,72,95.3,113.3,130.6,157.1,74.6,95.4,102.2,"CH.Haguenau","HTP","HTP"
"473","BATZENDORF",19.9,8.1,66,89.3,107.3,118.3,144.8,62.3,83.1,90,"CH.Haguenau","HTP","HTP"
"474","SERMERSHEIM",27.7,47.3,29.2,52.5,70.6,98.5,163.5,94.9,115.6,108.7,"HTP","HTP","CH.Colmar"
"475","NIEDERENTZEN",55,74.6,16.5,23.5,41.5,101.6,177.1,117.6,138.4,122.3,"CH.Colmar","CH.Colmar","CH.Mulhouse"
"476","BUST",46.7,42.1,86.8,110.2,128.2,105.5,132,43.1,63.8,77.1,"CH.Haguenau","CH.Forbach","CH.Forbach"
"477","TRAENHEIM",21.2,41.9,48.2,71.6,89.6,116.5,149.5,67,87.7,94.6,"HTP","HTP","CH.Haguenau"
"478","WISSEMBOURG",53.5,35.1,99.6,120.6,138.6,151.9,178.4,88.2,116.7,123.5,"CH.Haguenau","HTP","HTP"
"479","ROTTELSHEIM",18.5,9,64.6,87.9,105.9,116.9,143.4,60.9,81.7,88.5,"CH.Haguenau","HTP","HTP"
"480","MEISTRATZHEIM",21,40.6,37.9,61.2,79.2,107.2,166,83.5,104.2,111.1,"HTP","HTP","CH.Colmar"
"481","BISCHHEIM",8.2,22.3,54.3,77.6,95.7,123.6,152.4,69.9,90.7,97.5,"HTP","HTP","CH.Haguenau"
"482","HERBITZHEIM",58.5,53.9,98.7,122,140,119.7,131.1,29.8,50.6,86.7,"CH.Forbach","CH.Forbach","CH.Metz..Mercy."
"483","KALTENHOUSE",28.4,9.8,74.5,97.8,115.9,127.4,153.9,71.4,92.1,99,"CH.Haguenau","HTP","HTP"
"484","MUSSIG",41.2,60.7,27.4,50.7,68.8,98.2,163.2,103.8,124.5,108.4,"CH.Colmar","CH.Colmar","HTP"
"485","DIEFFENBACH-LES-WOERTH",41.9,23.9,88,111.3,129.4,140.3,166.8,82.7,105.1,112,"CH.Haguenau","HTP","HTP"
"486","LAUTENBACH",74,93.6,28.7,28,40.5,88.5,183.6,136.6,157.4,127.4,"CH.Mulhouse","CH.Mulhouse","CH.Colmar"
"487","RUMERSHEIM-LE-HAUT",73.8,93.4,35.3,23.9,42.8,105.7,195.9,136.4,157.2,141.1,"CH.Mulhouse","CH.Mulhouse","CH.Colmar"
"488","WERENTZHOUSE",92.8,112.3,54.2,36.8,52.1,118.4,213.4,155.4,176.1,157.3,"CH.Mulhouse","CH.Mulhouse","CH.Belfort"
"489","DEHLINGEN",59.9,55.3,100,123.4,141.4,121.1,143.5,42.3,63,92.7,"CH.Forbach","CH.Forbach","CH.Haguenau"
"490","HINDISHEIM",17.4,36.9,42.1,65.4,83.4,111.4,167,84.5,105.3,112.2,"HTP","HTP","CH.Haguenau"
"491","STEIGE",44.2,63.8,37.6,60.9,79,83,146.3,106.8,127.5,91.4,"CH.Colmar","CH.Colmar","HTP"
"492","DESSENHEIM",59.1,78.6,20.7,29.6,47.7,105.8,181.2,121.7,142.4,126.3,"CH.Colmar","CH.Colmar","CH.Mulhouse"
"493","ROUFFACH",60.6,80.2,16.2,25.8,37.8,94.4,181.5,123.2,144,126.7,"CH.Colmar","CH.Colmar","CH.Mulhouse"
"494","SCHWOBEN",88.6,108.1,50,21.2,38.3,103.9,198.9,151.2,172,142.8,"CH.Mulhouse","CH.Mulhouse","CH.Belfort"
"495","VOLGELSHEIM",59,78.5,20.6,37.9,55.9,105.7,181,121.6,142.3,126.2,"CH.Colmar","CH.Colmar","CH.Mulhouse"
"496","DURRENBACH",35.5,17.5,81.5,104.9,122.9,133.9,160.4,77.9,98.6,105.5,"CH.Haguenau","HTP","HTP"
"497","HAGENBACH",84.2,103.8,42.4,24.3,27.5,94.3,189.3,146.9,167.6,133.2,"CH.Mulhouse","CH.Mulhouse","CH.Belfort"
"498","BOERSCH",26.3,45.9,40.2,63.5,81.6,109.5,166.6,84.1,104.9,111.7,"HTP","HTP","CH.Colmar"
"499","ECKBOLSHEIM",5.1,26.3,49.7,73,91.1,119,156.4,74,94.7,101.6,"HTP","HTP","CH.Haguenau"
"500","FROHMUHL",56.6,51.1,100.9,124.3,142.3,120.5,147,50,70.7,92.1,"CH.Forbach","CH.Forbach","CH.Haguenau"
"501","WINTZENHEIM",52.2,71.8,5.8,36.1,48.1,84.8,170.8,114.9,135.6,116,"CH.Colmar","CH.Colmar","CH.Mulhouse"
"502","GRANDFONTAINE",48.1,67.7,66.8,90.1,108.2,83.4,138.2,96,116.3,83.3,"HTP","HTP","CH.Colmar"
"503","VILLAGE-NEUF",80.3,99.8,41.7,25.6,46.5,109.3,202.4,142.9,163.7,147.5,"CH.Mulhouse","CH.Mulhouse","CH.Colmar"
"504","DORLISHEIM",20,39.6,38.4,61.7,79.7,107.7,158.8,76.3,97.1,104,"HTP","HTP","CH.Colmar"
"505","SONDERSDORF",101.2,120.8,62.7,40.4,53.8,118.9,213.9,163.8,184.6,157.8,"CH.Mulhouse","CH.Mulhouse","CH.Belfort"
"506","WITTERNHEIM",34.9,54.5,37.4,60.8,78.8,106.7,171.8,102.1,122.8,116.9,"HTP","HTP","CH.Colmar"
"507","MONTREUX-VIEUX",96,115.5,54.6,36,18,91.3,186.3,158.6,167.5,130.2,"CH.Belfort","CH.Belfort","CH.Mulhouse"
"508","MUTZENHOUSE",23.9,18.2,70,93.3,111.4,115.6,142.1,59.6,80.4,87.3,"CH.Haguenau","HTP","HTP"
"509","DRACHENBRONN-BIRLENBACH",48,29.6,94.1,117.4,135.4,146.4,172.9,90.4,111.2,118.1,"CH.Haguenau","HTP","HTP"
"510","ERNOLSHEIM-BRUCHE",15.8,36.5,45.6,68.9,87,114.9,159.7,77.2,98,104.8,"HTP","HTP","CH.Haguenau"
"511","LE HAUT SOULTZBACH",87.7,107.2,42.6,27.8,22.7,83.6,178.6,150.3,159.8,122.5,"CH.Belfort","CH.Belfort","CH.Mulhouse"
"512","BALBRONN",24.6,44.3,50.5,73.8,91.8,113.3,150.8,68.4,89.1,96,"HTP","HTP","CH.Haguenau"
"513","OBERHOFFEN-SUR-MODER",26,12,72.1,95.4,113.4,129.6,156.1,73.6,94.4,101.2,"CH.Haguenau","HTP","HTP"
"514","KIRCHHEIM",16.9,37.6,49.6,73,91,117.9,147.6,65.1,85.9,92.8,"HTP","HTP","CH.Haguenau"
"515","DIMBSTHAL",28.5,35,61.3,84.6,102.7,113.6,140.1,57.6,78.4,85.2,"HTP","HTP","CH.Haguenau"
"516","GRIES",24,11.7,70.1,93.4,111.5,130,156.5,74,94.7,101.6,"CH.Haguenau","HTP","HTP"
"517","BRETTEN",84.1,103.7,39,24.2,19.8,90.9,185.9,146.7,167.1,129.7,"CH.Belfort","CH.Belfort","CH.Mulhouse"
"518","GUNDOLSHEIM",63.1,82.6,18.2,25.4,37.4,94,183.5,125.7,146.4,128.6,"CH.Colmar","CH.Colmar","CH.Mulhouse"
"519","ROHRWILLER",21.2,16.7,67.3,90.6,108.6,128.8,155.3,72.9,93.6,100.5,"CH.Haguenau","HTP","HTP"
"520","PFETTERHOUSE",109,128.5,70.4,41.7,37.3,102.5,197.5,171.6,178.7,141.4,"CH.Belfort","CH.Belfort","CH.Mulhouse"
"521","FELDKIRCH",68.5,88.1,23.2,17.6,32.8,89.4,184.4,131.1,151.9,128.2,"CH.Mulhouse","CH.Mulhouse","CH.Colmar"
"522","HEIDOLSHEIM",41.1,60.7,27.4,49.5,67.5,98.1,163.2,103.8,124.5,108.3,"CH.Colmar","CH.Colmar","HTP"
"523","CERNAY",73.6,93.1,28.3,17.8,25.1,80.3,175.3,136.2,156.5,119.2,"CH.Mulhouse","CH.Mulhouse","CH.Belfort"
"524","MARCKOLSHEIM",46,65.5,23.1,45.1,63.1,102.9,168,108.6,129.3,113.1,"CH.Colmar","CH.Colmar","CH.Mulhouse"
"525","SAINT-NABOR",26.4,46,38.6,61.9,79.9,107.9,170.5,88.1,108.8,115.7,"HTP","HTP","CH.Colmar"
"526","FRIEDOLSHEIM",27.7,30.3,65.3,88.7,106.7,114.6,141.1,58.6,79.4,86.2,"HTP","HTP","CH.Haguenau"
"527","NIEDERHERGHEIM",53.1,72.7,14.6,26.6,44.6,99.3,175.2,115.7,136.5,120.4,"CH.Colmar","CH.Colmar","CH.Mulhouse"
"528","EYWILLER",52,47.4,92.1,115.5,133.5,108.5,134.9,36.4,57.1,80.1,"CH.Forbach","CH.Forbach","CH.Haguenau"
"529","RIMBACH-PRES-MASEVAUX",99.3,118.8,54.2,39.3,34.9,72.9,167.9,161.9,149.1,111.8,"CH.Belfort","CH.Belfort","CH.Mulhouse"
"530","HERRLISHEIM-PRES-COLMAR",55.8,75.4,10.7,29.5,43.5,92.1,176,118.4,139.2,121.1,"CH.Colmar","CH.Colmar","CH.Mulhouse"
"531","WANGEN",19.1,39.8,50.9,74.3,92.3,119.2,146.8,64.3,85,91.9,"HTP","HTP","CH.Haguenau"
"532","BREITENBACH",42.4,61.9,35.8,59.1,77.2,89.9,153.2,105,125.8,98.4,"CH.Colmar","CH.Colmar","HTP"
"533","KATZENTHAL",51.8,71.3,7.8,38.4,52.1,87.5,166.6,114.4,135.2,111.8,"CH.Colmar","CH.Colmar","CH.Mulhouse"
"534","LEUTENHEIM",31.5,27.7,77.5,98.6,116.7,139.1,165.6,83.1,103.9,110.7,"CH.Haguenau","HTP","HTP"
"535","ELBACH",93.2,112.7,50.6,32.5,23.4,96.2,191.2,155.8,172.4,135,"CH.Belfort","CH.Belfort","CH.Mulhouse"
"536","GUEWENHEIM",80.5,100,35.3,20.5,23.3,84.9,179.9,143.1,161.1,123.7,"CH.Mulhouse","CH.Mulhouse","CH.Belfort"
"537","HUTTENDORF",24.4,15.3,70.5,93.8,111.8,116.6,143.1,60.6,81.3,88.2,"CH.Haguenau","HTP","HTP"
"538","SOULTZBACH-LES-BAINS",59.8,79.3,13.3,44.1,56.1,78.4,172.9,122.4,143.1,116.8,"CH.Colmar","CH.Colmar","CH.Mulhouse"
"539","ROESCHWOOG",28.6,24.8,74.6,95.9,113.9,136.2,162.7,80.2,101,107.9,"CH.Haguenau","HTP","HTP"
"540","WEISLINGEN",60.6,56,104,127.4,145.4,122.8,149.3,48.3,69.1,94.4,"CH.Forbach","CH.Forbach","CH.Haguenau"
"541","UFFHEIM",76.2,95.7,37.6,18.5,42.3,105.2,198.3,138.8,159.5,143.4,"CH.Mulhouse","CH.Mulhouse","CH.Colmar"
"542","BERGHOLTZZELL",68.6,88.2,23.4,25.4,37.3,94,188.6,131.3,152,132.8,"CH.Colmar","CH.Colmar","CH.Mulhouse"
"543","OBENHEIM",27.3,46.9,44.9,68.3,86.3,114.2,177,94.5,115.2,122.1,"HTP","HTP","CH.Colmar"
"544","MATZENHEIM",22,41.5,35.6,58.9,77,104.9,169.9,89.2,109.9,115.1,"HTP","HTP","CH.Colmar"
"545","MOERNACH",103.4,123,64.9,36.1,45.9,111.1,206.1,166.1,186.8,150,"CH.Mulhouse","CH.Mulhouse","CH.Belfort"
"546","ERSTEIN",20.4,39.9,38.9,62.2,80.2,108.2,170,87.6,108.3,115.2,"HTP","HTP","CH.Colmar"
"547","STILL",27.6,47.2,46.8,70.1,88.2,105.4,158.6,76.1,96.9,103.8,"HTP","HTP","CH.Colmar"
"548","KINGERSHEIM",68.5,88,29.9,10.8,28.3,91.1,186.1,131.1,151.8,130,"CH.Mulhouse","CH.Mulhouse","CH.Belfort"
"549","MITTELSCHAEFFOLSHEIM",17.7,18,65.5,88.9,106.9,123.7,150.2,67.7,88.5,95.4,"HTP","HTP","CH.Haguenau"
"550","PFAFFENHEIM",59,78.5,13.1,27,38.9,94.5,178.4,121.6,142.4,123.6,"CH.Colmar","CH.Colmar","CH.Mulhouse"
"551","URBEIS",46.3,65.8,39.7,63,81,78.5,143.5,108.9,124.7,88.7,"CH.Colmar","CH.Colmar","HTP"
"552","ESCHENTZWILLER",72.2,91.8,33.7,8.5,36.6,99.2,194.1,134.8,155.6,138,"CH.Mulhouse","CH.Mulhouse","CH.Colmar"
"553","NIEDERMODERN",32.2,17.5,78.2,101.5,119.6,123.3,149.8,67.3,88,94.9,"CH.Haguenau","HTP","HTP"
"554","SIERENTZ",74.1,93.7,35.5,17,40.3,103.1,196.2,136.7,157.5,141.4,"CH.Mulhouse","CH.Mulhouse","CH.Colmar"
"555","WITTENHEIM",69.3,88.8,30.7,12.8,30.4,93.2,188.2,131.9,152.6,132.1,"CH.Mulhouse","CH.Mulhouse","CH.Belfort"
"556","KOGENHEIM",28.5,48,28.1,51.4,69.4,97.4,162.4,95.7,116.4,107.6,"CH.Colmar","CH.Colmar","HTP"
"557","BOOTZHEIM",47.7,67.3,28.3,50.3,68.4,104.7,169.8,110.3,131.1,114.9,"CH.Colmar","CH.Colmar","HTP"
"558","STEINBOURG",31.2,26.6,69.1,92.4,110.4,105.2,131.7,49.2,70,76.9,"CH.Haguenau","HTP","HTP"
"559","LUPSTEIN",29.9,25.8,69.8,93.1,111.1,113.9,140.4,57.9,78.7,85.5,"CH.Haguenau","HTP","HTP"
"560","GILDWILLER",81.3,100.9,38.9,21.4,20.5,90.7,185.7,144,164.7,129.6,"CH.Belfort","CH.Belfort","CH.Mulhouse"
"561","MARMOUTIER",27.2,30.9,60,83.3,101.3,109.5,136,53.5,74.3,81.2,"HTP","HTP","CH.Haguenau"
"562","GRESSWILLER",24.3,43.8,43.5,66.9,84.9,105.5,160.4,77.9,98.7,105.6,"HTP","HTP","CH.Colmar"
"563","HEGENEY",33.3,15.3,79.3,102.7,120.7,131.7,158.2,75.7,96.4,103.3,"CH.Haguenau","HTP","HTP"
"564","WILLER",93.8,113.3,55.2,26.9,45.1,110.7,205.7,156.4,177.1,149.6,"CH.Mulhouse","CH.Mulhouse","CH.Belfort"
"565","WINDSTEIN",50.5,34.2,96.5,119.9,137.9,148.9,175.4,78,109.2,120.5,"CH.Haguenau","HTP","HTP"
"566","HIRSINGUE",91.5,111,52.9,24.1,39.4,105.7,200.7,154.1,174.8,144.6,"CH.Mulhouse","CH.Mulhouse","CH.Belfort"
"567","HOFFEN",41,22.5,87,110.4,128.4,139.4,165.9,83.4,104.1,111,"CH.Haguenau","HTP","HTP"
"568","ROSHEIM",23,42.5,39.2,62.5,80.5,108.4,162.7,80.2,100.9,107.8,"HTP","HTP","CH.Colmar"
"569","SAINT-MARTIN",39.8,59.4,33.2,56.6,74.6,87.3,150.7,102.5,123.2,95.8,"CH.Colmar","CH.Colmar","HTP"
"570","RORSCHWIHR",39.7,59.2,19.9,43.2,61.2,90.5,155.6,102.3,123,100.7,"CH.Colmar","CH.Colmar","HTP"
"571","TRUCHTERSHEIM",15.2,24.7,59,82.3,100.3,125.9,152.4,69.9,90.6,97.5,"HTP","HTP","CH.Haguenau"
"572","ECKARTSWILLER",32.5,27.9,70.1,93.5,111.5,103.5,130,47.5,68.2,75.1,"CH.Haguenau","HTP","HTP"
"573","BREITENBACH-HAUT-RHIN",68.6,88.1,22.1,52.9,64.9,75,169.5,131.2,150.7,113.4,"CH.Colmar","CH.Colmar","CH.Mulhouse"
"574","HEILIGENBERG",29.2,48.7,48.4,71.7,89.7,102.9,160.1,81.2,101.9,105.3,"HTP","HTP","CH.Colmar"
"575","LINTHAL",76.4,95.9,31.1,30.4,42.9,86.2,181.2,139,159.8,125,"CH.Mulhouse","CH.Mulhouse","CH.Colmar"
"576","BUHL",40,31.1,86.1,105.7,123.7,147.7,174.2,91.7,112.4,119.3,"CH.Haguenau","HTP","HTP"
"577","BRECHAUMONT",90,109.5,44.8,30,21.5,94.3,189.3,152.6,170.5,133.2,"CH.Belfort","CH.Belfort","CH.Mulhouse"
"578","ASSWILLER",52.7,48.1,92.8,116.1,134.2,111.5,138,42.1,62.8,83.1,"CH.Forbach","CH.Forbach","CH.Haguenau"
"579","BERGHOLTZ",66,85.6,20.8,22.8,34.7,91.4,186,128.7,149.4,130.2,"CH.Colmar","CH.Colmar","CH.Mulhouse"
"580","GRUSSENHEIM",49.6,69.1,19.4,41.4,59.4,103.8,171.7,112.2,133,116.8,"CH.Colmar","CH.Colmar","CH.Mulhouse"
"581","HEIMSBRUNN",76.9,96.4,37.7,14.5,23.3,89.6,184.6,139.5,160.2,128.5,"CH.Mulhouse","CH.Mulhouse","CH.Belfort"
"582","BREITENAU",42,61.5,34.5,57.8,75.8,86.2,151.3,104.6,125.4,96.4,"CH.Colmar","CH.Colmar","HTP"
"583","MORSBRONN-LES-BAINS",33.7,15.7,79.7,103.1,121.1,132.1,158.6,76.1,96.8,103.7,"CH.Haguenau","HTP","HTP"
"584","BALLERSDORF",90.9,110.4,49.5,24.5,27.3,100.6,195.6,153.5,174.2,139.5,"CH.Mulhouse","CH.Mulhouse","CH.Belfort"
"585","RAEDERSHEIM",65.8,85.3,21.6,19.8,33.1,89.7,184.7,128.4,149.2,128.6,"CH.Mulhouse","CH.Mulhouse","CH.Colmar"
"586","KOETZINGUE",82.5,102,43.9,13.7,42.8,105.2,200.2,145.1,165.8,144.1,"CH.Mulhouse","CH.Mulhouse","CH.Belfort"
"587","BOURBACH-LE-BAS",85.8,105.4,40.7,25.9,28.6,85.3,180.3,148.4,161.6,124.2,"CH.Mulhouse","CH.Mulhouse","CH.Belfort"
"588","GOTTENHOUSE",31.5,30.5,64.3,87.6,105.6,109.1,135.6,53.1,73.9,80.8,"CH.Haguenau","HTP","HTP"
"589","SAINT-BERNARD",83.4,102.9,41.6,18.9,27.2,93.5,188.4,146,166.8,132.3,"CH.Mulhouse","CH.Mulhouse","CH.Belfort"
"590","REINHARDSMUNSTER",33.9,35.7,66.7,90,108.1,114.2,140.7,58.3,79,85.9,"HTP","HTP","CH.Haguenau"
"591","BENFELD",24.7,44.3,32.9,56.2,74.2,102.2,167.2,91.9,112.7,112.4,"HTP","HTP","CH.Colmar"
"592","RODEREN",83.5,103.1,38.2,25.4,29.6,79.8,174.8,146.1,156,118.7,"CH.Mulhouse","CH.Mulhouse","CH.Belfort"
"593","ZEHNACKER",26.1,34.1,58.8,82.2,100.2,113.1,139.6,57.1,77.9,84.7,"HTP","HTP","CH.Haguenau"
"594","VENDENHEIM",13.2,19.5,59.2,82.6,100.6,123.1,149.6,67.1,87.9,94.8,"HTP","HTP","CH.Haguenau"
"595","RUEDERBACH",95.8,115.3,57.2,28.4,43.7,110,205,158.4,179.1,148.9,"CH.Mulhouse","CH.Mulhouse","CH.Belfort"
"596","OBERLAUTERBACH",40.7,37.2,86.8,106.4,124.4,148.4,174.8,92.4,113.1,120,"CH.Haguenau","HTP","HTP"
"597","MUNSTER",64.4,83.9,17.9,48.7,60.7,70.9,165.4,127,146.6,109.3,"CH.Colmar","CH.Colmar","CH.Mulhouse"
"598","ALGOLSHEIM",59.6,79.1,21.3,38.5,56.6,106.4,181.7,122.2,143,126.8,"CH.Colmar","CH.Colmar","CH.Mulhouse"
"599","WITTISHEIM",43,62.6,36.6,59.9,77.9,106,171,105.7,126.4,116.2,"CH.Colmar","CH.Colmar","HTP"
"600","CARSPACH",89.2,108.7,48.8,21.8,34.4,100.7,195.7,151.8,172.5,139.6,"CH.Mulhouse","CH.Mulhouse","CH.Belfort"
"601","SAINT-COSME",87.5,107,42.3,27.5,19.8,92.5,187.5,150.1,168.8,131.4,"CH.Belfort","CH.Belfort","CH.Mulhouse"
"602","ROMBACH-LE-FRANC",47.3,66.8,34.1,57.4,75.4,80.3,145.4,109.9,126.6,90.5,"CH.Colmar","CH.Colmar","HTP"
"603","BERNOLSHEIM",18.1,9.8,64.2,87.5,105.5,117.3,143.8,61.3,82,88.9,"CH.Haguenau","HTP","HTP"
"604","CHAVANNES-SUR-L'ETANG",94.1,113.6,52.2,34.1,16.2,89.4,184.4,156.7,165.7,128.3,"CH.Belfort","CH.Belfort","CH.Mulhouse"
"605","SAINT-LOUIS",78.7,98.2,40.1,24,44.8,107.7,200.7,141.3,162,145.9,"CH.Mulhouse","CH.Mulhouse","CH.Colmar"
"606","GEISPITZEN",76.8,96.4,38.3,16.4,42.5,105.4,198.9,139.5,160.2,144.1,"CH.Mulhouse","CH.Mulhouse","CH.Colmar"
"607","BLAESHEIM",16.9,36.4,42.2,65.6,83.6,111.5,166.5,84.1,104.8,111.7,"HTP","HTP","CH.Haguenau"
"608","WASSELONNE",20.9,36.2,53.7,77,95.1,116.1,142.6,60.1,80.9,87.8,"HTP","HTP","CH.Haguenau"
"609","WEYER",51.5,46.9,91.7,115,133,110.2,136.7,39.7,60.5,81.9,"CH.Forbach","CH.Forbach","CH.Haguenau"
"610","SPECHBACH",81.1,100.6,39.3,17.3,24.8,91.1,186.1,143.7,164.4,130,"CH.Mulhouse","CH.Mulhouse","CH.Belfort"
"611","SCHIRMECK",40.9,60.5,60.2,83.5,101.5,87,143.1,95.2,115.9,88.3,"HTP","HTP","CH.Colmar"
"612","BETSCHDORF",39,20.6,85.1,108.4,126.4,137.4,163.9,81.4,102.2,109.1,"CH.Haguenau","HTP","HTP"
"613","FROESCHWILLER",40.1,22.1,86.2,109.5,127.5,138.5,165,77.1,103.3,110.2,"CH.Haguenau","HTP","HTP"
"614","WILDERSBACH",46.9,66.5,62,85.3,103.3,88.8,146,101.2,121.9,91.2,"HTP","HTP","CH.Colmar"
"615","MANSPACH",91.4,110.9,49.6,30.6,25.8,99.1,194.1,154,174.7,137.9,"CH.Belfort","CH.Belfort","CH.Mulhouse"
"616","OHLUNGEN",26.5,11.9,72.6,95.9,113.9,123.6,150.1,67.6,88.3,95.2,"CH.Haguenau","HTP","HTP"
"617","RIQUEWIHR",48.7,68.2,16.1,42.9,60.4,92.8,161.4,111.3,132,106.6,"CH.Colmar","CH.Colmar","CH.Mulhouse"
"618","WENTZWILLER",83.3,102.8,44.7,28.6,49.4,112.3,205.3,145.9,166.6,150.5,"CH.Mulhouse","CH.Mulhouse","CH.Colmar"
"619","UTTENHOFFEN",33.2,16.9,79.3,102.6,120.6,131.6,158.1,75.4,96.4,103.3,"CH.Haguenau","HTP","HTP"
"620","ROSENWILLER",26.4,45.9,42.6,65.9,83.9,111.9,166.1,83.6,104.3,111.2,"HTP","HTP","CH.Colmar"
"621","ANDLAU",27.4,47,33.9,57.2,75.2,100.7,164.1,90.1,110.8,109.2,"HTP","HTP","CH.Colmar"
"622","CHALAMPE",68.8,87.4,35.6,21.4,39.4,102.2,196.2,135.1,155.8,141.1,"CH.Mulhouse","CH.Mulhouse","CH.Colmar"
"623","LIEBENSWILLER",95.6,115.1,57,40.9,61.7,124.6,217.7,158.2,178.9,162.8,"CH.Mulhouse","CH.Mulhouse","CH.Colmar"
"624","LE BONHOMME",68.1,87.6,25.6,56.1,69.9,66.4,145.6,130.7,126.8,90.7,"CH.Colmar","CH.Colmar","CH.Mulhouse"
"625","VILLE",38.4,58,31.8,55.1,73.2,86,151,101,121.8,96.2,"CH.Colmar","CH.Colmar","HTP"
"626","DIEFMATTEN",80.7,100.2,35.5,20.7,17.2,87.4,182.4,143.3,163.6,126.3,"CH.Belfort","CH.Belfort","CH.Mulhouse"
"627","MONSWILLER",31.7,27.1,67.6,90.9,109,105.7,132.2,49.7,70.5,77.3,"CH.Haguenau","HTP","HTP"
"628","SCHOENAU",47.7,67.3,35.9,57.9,75.9,111.9,177,114.9,135.7,122.1,"CH.Colmar","CH.Colmar","HTP"
"629","MAGNY",97.5,117,55.7,36.7,23,95.9,190.9,160.1,172.1,134.8,"CH.Belfort","CH.Belfort","CH.Mulhouse"
"630","FRELAND",62.2,81.8,19.8,50.3,64,78.5,157.6,124.8,138.8,102.8,"CH.Colmar","CH.Colmar","CH.Mulhouse"
"631","RIMBACH-PRES-GUEBWILLER",77.7,97.3,32.4,30.7,41.2,97.8,192.7,140.3,161.1,136.7,"CH.Mulhouse","CH.Mulhouse","CH.Colmar"
"632","SCHLIERBACH",74.8,94.4,36.2,10.9,40.1,102.4,196.8,137.4,158.2,141.3,"CH.Mulhouse","CH.Mulhouse","CH.Colmar"
"633","SEWEN",99.3,118.9,54.2,39.4,34.9,66,160.9,161.9,142.2,104.9,"CH.Belfort","CH.Belfort","CH.Mulhouse"
"634","MUNCHHOUSE",65.7,85.2,27.1,24.6,42.7,105.5,187.7,128.3,149.1,132.9,"CH.Mulhouse","CH.Mulhouse","CH.Colmar"
"635","ORSCHWIHR",69.1,88.6,23.8,25.8,37.8,94.4,188.9,131.7,152.4,133.3,"CH.Colmar","CH.Colmar","CH.Mulhouse"
"636","DRUSENHEIM",23.7,21.7,69.7,93.1,111.1,131.3,157.7,75.3,96.1,103,"CH.Haguenau","HTP","HTP"
"637","THANVILLE",36.7,56.2,27.7,51,69,88.5,153.5,99.3,120,98.8,"CH.Colmar","CH.Colmar","HTP"
"638","CRASTATT",23,35.7,55.8,79.2,97.2,114.3,140.6,58.3,79,85.9,"HTP","HTP","CH.Haguenau"
"639","SAINTE-CROIX-AUX-MINES",49,68.5,35.7,59.1,77.1,72.6,137.6,111.6,118.9,82.8,"CH.Colmar","CH.Colmar","HTP"
"640","ROPPENTZWILLER",96.3,115.9,57.7,33.2,48.5,114.8,209.7,158.9,179.7,153.7,"CH.Mulhouse","CH.Mulhouse","CH.Belfort"
"641","ESCHWILLER",56.3,51.7,96.4,119.7,137.8,107,133.4,40.7,61.4,78.7,"CH.Forbach","CH.Forbach","CH.Haguenau"
"642","GEISHOUSE",93,112.5,47.7,34.9,42.2,72,166.9,155.6,148.2,110.9,"CH.Mulhouse","CH.Mulhouse","CH.Belfort"
"643","FISLIS",95.3,114.8,56.7,40,55.3,121.6,216.5,157.9,178.6,160.5,"CH.Mulhouse","CH.Mulhouse","CH.Belfort"
"644","SAINT-JEAN-SAVERNE",33.6,29,71.2,94.6,112.6,104.4,130.8,48.4,69.2,76.1,"CH.Haguenau","HTP","HTP"
"645","BERNWILLER",80,99.5,38.1,20,23.7,90,184.9,142.6,163.3,128.9,"CH.Mulhouse","CH.Mulhouse","CH.Belfort"
"646","EGUISHEIM",55.3,74.8,8.6,32.9,44.9,90,173.8,117.9,138.7,119.1,"CH.Colmar","CH.Colmar","CH.Mulhouse"
"647","SCHOPPERTEN",53.5,48.9,93.6,116.9,135,114.7,135,33.8,54.5,86.3,"CH.Forbach","CH.Forbach","CH.Haguenau"
"648","SILTZHEIM",65,60.4,105.2,128.5,146.5,126.2,133.3,24.3,52.9,91,"CH.Forbach","CH.Forbach","CH.Metz..Mercy."
"649","NIEDERHASLACH",32.6,52.1,51.8,75.1,93.2,101.7,158.5,80.6,101.4,103.7,"HTP","HTP","CH.Colmar"
"650","OFFWILLER",43.7,27.4,89.8,113.1,131.2,130.4,156.8,72.1,92.9,102,"CH.Haguenau","HTP","HTP"
"651","LAMPERTHEIM",11.2,20.6,58.3,81.6,99.7,124.2,150.6,68.2,89,95.9,"HTP","HTP","CH.Haguenau"
"652","OBERHAUSBERGEN",4.5,25.6,52.1,75.5,93.5,121.4,155.6,73.2,94,100.9,"HTP","HTP","CH.Haguenau"
"653","WOLFERSDORF",90.7,110.2,48.2,30,25.7,99,193.9,153.3,174.1,137.9,"CH.Belfort","CH.Belfort","CH.Mulhouse"
"654","NIEDERSCHAEFFOLSHEIM",20.2,7,66.3,89.6,107.6,118.6,145,62.6,83.4,90.3,"CH.Haguenau","HTP","HTP"
"655","ALTWILLER",60.8,56.2,100.9,124.3,142.3,117.8,138.7,39.8,60.5,76.1,"CH.Forbach","CH.Forbach","CH.Haguenau"
"656","NEUVILLER-LA-ROCHE",47.3,66.8,62.3,85.6,103.7,89.1,146.2,101.5,122.2,91.5,"HTP","HTP","CH.Colmar"
"657","OBERSTEINBACH",55.8,37.8,101.8,125.2,143.2,154.2,180.6,69.4,100.6,125.8,"CH.Haguenau","HTP","HTP"
"658","GRENDELBRUCH",40.1,59.6,53.1,76.4,94.5,99.3,156.4,94.3,115.1,101.7,"HTP","HTP","CH.Colmar"
"659","BELLEMAGNY",86.1,105.7,41,26.2,20.9,92.9,187.8,148.7,169.1,131.8,"CH.Belfort","CH.Belfort","CH.Mulhouse"
"660","STEINBRUNN-LE-HAUT",82.8,102.3,44.2,10.1,39.2,101.6,196.5,145.4,166.2,140.5,"CH.Mulhouse","CH.Mulhouse","CH.Belfort"
"661","BLODELSHEIM",70.3,89.9,32,28.2,47.2,110,192.3,132.9,153.7,137.6,"CH.Mulhouse","CH.Mulhouse","CH.Colmar"
"662","GEISWASSER",66.5,86.1,28.2,39.3,57.4,113.3,188.5,129.1,149.9,133.8,"CH.Colmar","CH.Colmar","CH.Mulhouse"
"663","WUENHEIM",70.6,90.1,25.3,23.5,34,90.3,185.2,133.2,153.9,129.2,"CH.Mulhouse","CH.Mulhouse","CH.Colmar"
"664","HOHFRANKENHEIM",21.9,20.6,69.8,93.1,111.2,118,144.4,62,82.8,89.7,"CH.Haguenau","HTP","HTP"
"665","FURCHHAUSEN",31.1,30.8,64.1,87.4,105.5,109.4,135.8,53.4,74.1,81,"CH.Haguenau","HTP","HTP"
"666","SAASENHEIM",44.3,63.8,34.9,56.9,74.9,108.8,173.8,111.5,132.2,119,"CH.Colmar","CH.Colmar","HTP"
"667","RATZWILLER",62.1,57.5,102.3,125.6,143.6,123.3,147.7,46.5,67.3,95,"CH.Forbach","CH.Forbach","CH.Haguenau"
"668","HOERDT",14.8,18.8,60.8,84.2,102.2,122.4,148.8,66.4,87.2,94.1,"HTP","HTP","CH.Haguenau"
"669","ODRATZHEIM",18.4,39.2,48.4,71.7,89.7,116.7,147.9,65.5,86.3,93.2,"HTP","HTP","CH.Haguenau"
"670","SAINT-PIERRE",24,43.5,30.4,53.7,71.8,99.7,164.6,86.6,107.3,109.9,"HTP","HTP","CH.Colmar"
"671","WASSERBOURG",67.6,87.1,21.1,51.9,63.9,86.2,180.6,130.2,151,124.6,"CH.Colmar","CH.Colmar","CH.Mulhouse"
"672","DINSHEIM-SUR-BRUCHE",24.9,44.4,44,67.4,85.4,105,160,77.6,98.3,105.2,"HTP","HTP","CH.Colmar"
"673","BARTENHEIM",74.8,94.3,36.2,19.8,40.9,103.8,196.7,137.4,158.1,142,"CH.Mulhouse","CH.Mulhouse","CH.Colmar"
"674","AVOLSHEIM",21.4,42.1,43,66.3,84.3,111.3,152.3,69.9,90.7,97.5,"HTP","HTP","CH.Haguenau"
"675","EMLINGEN",87.5,107.1,48.9,19.5,37.2,102.8,197.7,150.1,170.9,141.7,"CH.Mulhouse","CH.Mulhouse","CH.Belfort"
"676","HINSINGEN",61.8,57.2,101.9,125.3,143.3,123,135.3,34.1,54.9,81.8,"CH.Forbach","CH.Forbach","CH.Metz..Mercy."
"677","SAESSOLSHEIM",23.9,27.3,65.5,88.8,106.8,118,144.3,62,82.7,89.6,"HTP","HTP","CH.Haguenau"
"678","LUEMSCHWILLER",84.1,103.7,45.6,16.8,34.9,99.4,194.3,146.7,167.5,138.3,"CH.Mulhouse","CH.Mulhouse","CH.Belfort"
"679","SCHILTIGHEIM",7,23.2,53,76.3,94.4,122.3,153.2,70.8,91.6,98.4,"HTP","HTP","CH.Haguenau"
"680","KRAUTERGERSHEIM",18,37.6,36.4,59.8,77.8,105.7,164.6,82.2,102.9,109.8,"HTP","HTP","CH.Colmar"
"681","HOLTZHEIM",11.8,32.5,45.3,68.7,86.7,114.6,160.1,77.7,98.5,105.4,"HTP","HTP","CH.Haguenau"
"682","FOUCHY",42.8,62.4,36.2,59.5,77.6,83.2,148.1,105.4,126.2,93.4,"CH.Colmar","CH.Colmar","HTP"
"683","MITTELHAUSBERGEN",5.2,23.7,53.8,77.2,95.2,123.1,153.8,71.4,92.1,99,"HTP","HTP","CH.Haguenau"
"684","HEIWILLER",89,108.5,50.4,19.3,39.1,104.7,199.6,151.6,172.4,143.6,"CH.Mulhouse","CH.Mulhouse","CH.Belfort"
"685","DUNTZENHEIM",21,24.4,68,91.4,109.4,120,146.4,64,84.7,91.6,"HTP","HTP","CH.Haguenau"
"686","OBERHERGHEIM",54.5,74,15.9,26,44,100.6,176.4,117.1,137.8,121.7,"CH.Colmar","CH.Colmar","CH.Mulhouse"
"687","WATTWILLER",75.1,94.7,29.9,22,28.8,84,178.9,137.8,158.5,122.9,"CH.Mulhouse","CH.Mulhouse","CH.Belfort"
"688","RUSTENHART",61.6,81.2,23,26.3,44.4,107.2,183.6,124.2,145,128.9,"CH.Colmar","CH.Colmar","CH.Mulhouse"
"689","GUEBERSCHWIHR",59.3,78.8,13.4,29.7,41.6,94.8,178.6,121.9,142.6,123.8,"CH.Colmar","CH.Colmar","CH.Mulhouse"
"690","ISSENHAUSEN",26.1,21.5,72.2,95.5,113.5,117.1,143.5,61.1,81.9,88.8,"CH.Haguenau","HTP","HTP"
"691","NEEWILLER-PRES-LAUTERBOURG",40,36.5,86,105.6,123.6,147.6,174,91.6,112.3,119.2,"CH.Haguenau","HTP","HTP"
"692","ASPACH-LE-BAS",76,95.6,30.7,18.7,21.7,80.4,175.3,138.6,156.6,119.3,"CH.Mulhouse","CH.Mulhouse","CH.Belfort"
"693","HEITEREN",61.2,80.7,22.9,37.1,56,108,183.2,123.8,144.5,128.4,"CH.Colmar","CH.Colmar","CH.Mulhouse"
"694","HARSKIRCHEN",54.6,50,94.7,118,136.1,115.8,140.1,39,59.7,83,"CH.Forbach","CH.Forbach","CH.Haguenau"
"695","HATTEN",40,28.1,86.1,105.5,123.6,144.9,171.3,88.9,109.7,116.6,"CH.Haguenau","HTP","HTP"
"696","SCHWEIGHOUSE-SUR-MODER",25.6,9,71.6,94.9,113,123.9,150.3,68,88.7,95.6,"CH.Haguenau","HTP","HTP"
"697","ESCHBACH",32.9,15.1,79,102.3,120.3,131.3,157.7,75.3,96.1,103,"CH.Haguenau","HTP","HTP"
"698","FRANKEN",88.1,107.6,49.5,24.1,43.4,109,203.9,150.7,171.4,147.9,"CH.Mulhouse","CH.Mulhouse","CH.Belfort"
"699","ALBE",40.6,60.1,33.9,57.3,75.3,88.9,153.8,103.2,123.9,99.1,"CH.Colmar","CH.Colmar","HTP"
"700","GRIESHEIM-SUR-SOUFFEL",8.4,24.6,57.2,80.5,98.6,126.5,154.6,72.2,93,99.9,"HTP","HTP","CH.Haguenau"
"701","ILLTAL",97,116.6,58.5,29.7,45,111.3,206.2,159.7,180.4,150.2,"CH.Mulhouse","CH.Mulhouse","CH.Belfort"
"702","HUNDSBACH",90.1,109.6,51.5,23.2,42.1,107.7,202.6,152.7,173.4,146.6,"CH.Mulhouse","CH.Mulhouse","CH.Belfort"
"703","BALTZENHEIM",54,73.5,22.1,44.1,62.1,106.5,175.9,116.6,137.4,121.2,"CH.Colmar","CH.Colmar","CH.Mulhouse"
"704","EGLINGEN",83.8,103.4,42,22.3,27.6,93.9,188.8,146.4,167.2,132.8,"CH.Mulhouse","CH.Mulhouse","CH.Belfort"
"705","FESSENHEIM",66.9,86.4,28.5,31.1,50.1,112.9,188.9,129.5,150.2,134.1,"CH.Colmar","CH.Colmar","CH.Mulhouse"
"706","LIEBSDORF",108.1,127.6,69.5,41.1,46.8,112,206.9,170.7,188.2,150.9,"CH.Mulhouse","CH.Mulhouse","CH.Belfort"
"707","KIENHEIM",17.4,26.3,64.9,88.3,106.3,123.4,149.8,67.4,88.1,95,"HTP","HTP","CH.Haguenau"
"708","SCHIRRHOFFEN",29.7,18.6,75.8,99.1,117.1,135.3,161.7,79.3,100.1,106.9,"CH.Haguenau","HTP","HTP"
"709","KAUFFENHEIM",33.3,29.5,79.3,97.4,115.4,140.9,167.3,84.9,105.6,112.5,"CH.Haguenau","HTP","HTP"
"710","BETTENDORF",93.9,113.4,55.3,26.6,41.9,108.2,203.1,156.5,177.3,147.1,"CH.Mulhouse","CH.Mulhouse","CH.Belfort"
"711","SICKERT",91.7,111.2,46.6,31.7,27.3,74.9,169.8,154.3,151.2,113.8,"CH.Belfort","CH.Belfort","CH.Mulhouse"
"712","WILLER-SUR-THUR",84.2,103.7,38.9,26.1,33.4,68.7,163.6,146.8,145,107.6,"CH.Mulhouse","CH.Mulhouse","CH.Belfort"
"713","LALAYE",42.6,62.2,36,59.3,77.4,82.8,147.7,105.2,126,93,"CH.Colmar","CH.Colmar","HTP"
"714","SAND",24.3,43.8,35.4,58.7,76.8,104.7,169.6,91.5,112.2,114.9,"HTP","HTP","CH.Colmar"
"715","DURMENACH",95.2,114.7,56.6,35.2,50.5,116.8,211.7,157.8,178.5,155.7,"CH.Mulhouse","CH.Mulhouse","CH.Belfort"
"716","BREUSCHWICKERSHEIM",11,31.7,48.5,71.8,89.9,117.8,156,73.7,94.4,101.3,"HTP","HTP","CH.Haguenau"
"717","DAHLENHEIM",19.4,40.1,48.6,71.9,90,117.8,152.1,69.7,90.4,97.3,"HTP","HTP","CH.Haguenau"
"718","VOLKSBERG",59,52.8,105.1,128.4,146.4,130.4,156.8,56,76.7,102.1,"CH.Haguenau","CH.Forbach","CH.Forbach"
"719","DIEFFENBACH-AU-VAL",40.3,59.8,30,53.4,71.4,90.5,155.5,102.9,123.7,100.7,"CH.Colmar","CH.Colmar","HTP"
"720","HIRTZBACH",90.5,110,51.7,23.1,37.3,103.6,198.5,153.1,173.8,142.5,"CH.Mulhouse","CH.Mulhouse","CH.Belfort"
"721","SCHWENHEIM",31.7,30.5,64.5,87.8,105.9,109.1,135.4,53.1,73.8,80.7,"CH.Haguenau","HTP","HTP"
"722","VIEUX-FERRETTE",98.6,118.2,60,35.4,48.7,113.8,208.7,161.2,182,152.7,"CH.Mulhouse","CH.Mulhouse","CH.Belfort"
"723","BISEL",99.9,119.5,61.4,32.6,39.7,104.9,199.7,162.5,181.1,143.7,"CH.Mulhouse","CH.Mulhouse","CH.Belfort"
"724","HERRLISHEIM",21.7,20.2,67.8,89.6,107.6,129.4,155.8,73.4,94.1,101,"CH.Haguenau","HTP","HTP"
"725","LOBSANN",43.8,25.4,89.9,113.2,131.2,142.2,168.6,86.2,107,113.9,"CH.Haguenau","HTP","HTP"
"726","WALHEIM",83,102.5,44.4,15.7,33.8,98.3,193.2,145.6,166.4,137.2,"CH.Mulhouse","CH.Mulhouse","CH.Belfort"
"727","BOSSENDORF",22.5,17.9,68.5,91.9,109.9,113.5,139.9,57.5,78.2,85.1,"CH.Haguenau","HTP","HTP"
"728","NIEDERSTEINBACH",53.6,35.6,99.7,123,141,152,178.4,71.6,102.8,123.7,"CH.Haguenau","HTP","HTP"
"729","WANGENBOURG-ENGENTHAL",36.8,46.1,69.6,92.9,110.9,122.2,149.9,68.7,89.5,95.2,"HTP","HTP","CH.Haguenau"
"730","SCHARRACHBERGHEIM-IRMSTETT",20.4,41.2,49.1,72.4,90.5,117.4,150,67.6,88.4,95.3,"HTP","HTP","CH.Haguenau"
"731","GOMMERSDORF",87,106.6,45.2,27.1,25.6,97.1,192,149.6,170.4,136,"CH.Belfort","CH.Belfort","CH.Mulhouse"
"732","WISCHES",36.1,55.7,55.4,78.7,96.7,92.3,149,89.9,110.7,94.2,"HTP","HTP","CH.Colmar"
"733","KIRRBERG",52.4,47.8,92.5,115.8,133.9,100.6,127,48.1,68.8,72.3,"CH.Haguenau","CH.Forbach","CH.Forbach"
"734","HILSENHEIM",39,58.6,35.9,59.3,77.3,105.2,170.2,101.6,122.4,115.4,"CH.Colmar","CH.Colmar","HTP"
"735","ZILLISHEIM",77,96.5,38.4,9.5,30,92.3,187.2,139.6,160.4,131.2,"CH.Mulhouse","CH.Mulhouse","CH.Belfort"
"736","SCHAEFFERSHEIM",20.1,39.7,38.2,61.5,79.5,107.5,169.7,87.3,108.1,114.9,"HTP","HTP","CH.Colmar"
"737","HANDSCHUHEIM",11.4,32.1,52.2,75.6,93.6,121.5,151.9,69.6,90.3,97.2,"HTP","HTP","CH.Haguenau"
"738","TRIEMBACH-AU-VAL",36.6,56.2,30.3,53.6,71.7,87.7,152.7,99.2,120,98,"CH.Colmar","CH.Colmar","HTP"
"739","ESCHBACH-AU-VAL",64.9,84.4,18.4,49.2,61.2,73.1,167.5,127.5,148.3,111.5,"CH.Colmar","CH.Colmar","CH.Mulhouse"
"740","KIRCHBERG",95.2,114.7,50.1,35.2,30.8,73,167.8,157.8,149.2,111.8,"CH.Belfort","CH.Belfort","CH.Mulhouse"
"741","HOMBOURG",71.3,90.9,32.8,18.6,36.6,99.5,193.3,134,154.7,138.4,"CH.Mulhouse","CH.Mulhouse","CH.Colmar"
"742","MUESPACH-LE-HAUT",89,108.6,50.4,31.6,54.6,118,211,151.6,172.4,156.3,"CH.Mulhouse","CH.Mulhouse","CH.Colmar"
"743","EPFIG",27.5,47.1,30.4,53.8,71.8,99.8,164.7,90.1,110.9,110,"HTP","HTP","CH.Colmar"
"744","ROSSFELD",30.5,50.1,38.8,62.2,80.2,108.1,173.1,97.7,118.5,118.3,"HTP","HTP","CH.Colmar"
"745","SAALES",58.8,78.3,52.1,75.5,93.5,68.6,132.3,113.4,113.6,77.5,"CH.Colmar","CH.Colmar","HTP"
"746","BETTWILLER",52.8,48.2,92.9,116.3,134.3,111.6,138,37.2,58,83.2,"CH.Forbach","CH.Forbach","CH.Haguenau"
"747","WILLGOTTHEIM",21.8,29.5,61.1,84.4,102.5,116.9,143.3,60.9,81.7,88.5,"HTP","HTP","CH.Haguenau"
"748","KLEINGOEFT",28.5,32.6,61.3,84.7,102.7,111.2,137.5,55.2,75.9,82.8,"HTP","HTP","CH.Haguenau"
"749","LEIMBACH",81.8,101.3,36.5,23.7,31,77.2,172.1,144.4,153.5,116.1,"CH.Mulhouse","CH.Mulhouse","CH.Belfort"
"750","BURNHAUPT-LE-HAUT",78.7,98.2,33.5,18.7,21.5,85.4,180.3,141.3,161.6,124.3,"CH.Mulhouse","CH.Mulhouse","CH.Belfort"
"751","DIEBOLSHEIM",36.9,56.4,42.9,64.9,82.9,115.1,180.1,104,124.8,125.4,"HTP","HTP","CH.Colmar"
"752","BISCHWIHR",51.2,70.7,12.4,33.8,51.8,98.2,173.1,113.8,134.5,118.4,"CH.Colmar","CH.Colmar","CH.Mulhouse"
"753","GOXWILLER",21,40.6,32.1,55.4,73.5,101.4,166,83.6,104.4,111.3,"HTP","HTP","CH.Colmar"
"754","WEGSCHEID",94.1,113.7,49,34.2,29.7,71.2,166.1,156.7,147.4,110.1,"CH.Belfort","CH.Belfort","CH.Mulhouse"
"755","HIRTZFELDEN",60.2,79.8,21.6,22.9,40.9,103.8,182.2,122.8,143.6,127.5,"CH.Colmar","CH.Colmar","CH.Mulhouse"
"756","DIETWILLER",74.5,94,35.9,10.8,39.9,102.3,196.5,137.1,157.8,141.2,"CH.Mulhouse","CH.Mulhouse","CH.Colmar"
"757","MERXHEIM",61.9,81.4,20.6,23.5,35.5,92.1,183.9,124.5,145.3,129.1,"CH.Colmar","CH.Colmar","CH.Mulhouse"
"758","LANGENSOULTZBACH",43.1,25.1,89.2,112.5,130.5,141.5,167.9,83.2,106.3,113.2,"CH.Haguenau","HTP","HTP"
"759","PFASTATT",71.3,90.8,32.1,10.5,25.6,87.8,182.7,133.9,154.6,126.7,"CH.Mulhouse","CH.Mulhouse","CH.Belfort"
"760","ILLKIRCH-GRAFFENSTADEN",10.9,30.5,46.4,69.7,87.7,115.7,160.5,78.1,98.8,105.7,"HTP","HTP","CH.Haguenau"
"761","FURDENHEIM",12.3,33.1,50.2,73.6,91.6,119.5,149.9,67.5,88.3,95.2,"HTP","HTP","CH.Haguenau"
"762","OSENBACH",72.1,91.6,26.8,33.3,45.3,95.6,190,134.7,155.4,134,"CH.Colmar","CH.Colmar","CH.Mulhouse"
"763","BOSSELSHAUSEN",27.9,23.3,73.9,97.3,115.3,118,144.4,62,82.8,89.7,"CH.Haguenau","HTP","HTP"
"764","WALDERSBACH",50,69.5,50.4,73.8,91.8,81.3,138.4,104.2,119.8,83.7,"HTP","HTP","CH.Colmar"
"765","OBERMORSCHWILLER",87.9,107.5,49.4,15.2,41,106.6,201.5,150.6,171.3,145.5,"CH.Mulhouse","CH.Mulhouse","CH.Belfort"
"766","NIEDERLAUTERBACH",41.1,37.7,87.2,106.8,124.8,148.8,175.2,92.8,113.5,120.4,"CH.Haguenau","HTP","HTP"
"767","BISCHOFFSHEIM",20.5,40.1,36.5,59.9,77.9,105.8,162.7,80.3,101,107.9,"HTP","HTP","CH.Colmar"
"768","ZIMMERBACH",56.3,75.8,9.8,41.1,53.1,80.8,174.1,118.9,139.6,119.2,"CH.Colmar","CH.Colmar","CH.Mulhouse"
"769","OTTROTT",26.9,46.4,39,62.3,80.4,108.3,168,86.8,107.5,113.3,"HTP","HTP","CH.Colmar"
"770","WOLXHEIM",19.3,40,45.4,68.7,86.7,113.7,153.2,70.9,91.6,98.5,"HTP","HTP","CH.Haguenau"
"771","SAINT-AMARIN",89.2,108.7,43.9,31.1,38.4,64.9,159.8,151.8,141.1,103.8,"CH.Mulhouse","CH.Mulhouse","CH.Belfort"
"772","MUNCHHAUSEN",35.7,32.2,81.8,101.4,119.4,143.4,169.8,87.4,108.1,115,"CH.Haguenau","HTP","HTP"
"773","GAMBSHEIM",19.5,23.5,65.5,86.7,104.7,127.1,153.5,71.1,91.9,98.8,"HTP","HTP","CH.Haguenau"
"774","OBERMODERN-ZUTZENDORF",31.5,24.1,77.5,100.9,118.9,120,146.4,64,84.8,91.7,"CH.Haguenau","HTP","HTP"
"775","MAENNOLSHEIM",27.5,32.3,62,85.3,103.4,110.9,137.3,54.9,75.6,82.5,"HTP","HTP","CH.Haguenau"
"776","HAUSGAUEN",91.2,110.7,52.6,24,41.1,106.7,201.6,153.8,174.5,145.6,"CH.Mulhouse","CH.Mulhouse","CH.Belfort"
"777","APPENWIHR",52.4,72,14.1,31,49,99.2,174.4,115.1,135.8,119.7,"CH.Colmar","CH.Colmar","CH.Mulhouse"
"778","WICKERSHEIM-WILSHAUSEN",26.4,21.8,72.4,95.8,113.8,117.4,143.8,61.4,82.1,89,"CH.Haguenau","HTP","HTP"
"779","LUTTERBACH",70.9,90.4,32.3,10.5,24.8,85.1,180,133.5,154.3,124,"CH.Mulhouse","CH.Mulhouse","CH.Belfort"
"780","DURSTEL",54.8,50.2,95,118.3,136.3,113.6,140,39.2,60,85.3,"CH.Forbach","CH.Forbach","CH.Haguenau"
"781","HEIMERSDORF",93.2,112.7,54.6,25.8,41.1,107.4,202.3,155.8,176.5,146.3,"CH.Mulhouse","CH.Mulhouse","CH.Belfort"
"782","DANGOLSHEIM",23.3,44,46.5,69.8,87.8,112.7,151.4,69,89.8,96.7,"HTP","HTP","CH.Haguenau"
"783","SAINTE-MARIE-AUX-MINES",52.2,71.7,38.9,62.3,80.3,72.2,137.1,114.8,118.4,82.4,"CH.Colmar","CH.Colmar","HTP"
"784","SOUFFELWEYERSHEIM",10,20.2,56.1,79.4,97.5,123.8,150.2,67.8,88.5,95.4,"HTP","HTP","CH.Haguenau"
"785","ITTERSWILLER",28.9,48.4,33.9,57.3,75.3,97.8,162.7,91.5,112.2,108,"HTP","HTP","CH.Colmar"
"786","OSTWALD",8.8,28.7,46.6,69.9,88,115.9,158.7,76.3,97.1,104,"HTP","HTP","CH.Haguenau"
"787","SCHALKENDORF",29.5,24.5,75.5,98.9,116.9,120.5,146.9,64.5,85.2,92.1,"CH.Haguenau","HTP","HTP"
"788","URSCHENHEIM",53.9,73.5,16.5,37.8,55.8,102.1,175.9,116.5,137.3,121.2,"CH.Colmar","CH.Colmar","CH.Mulhouse"
"789","DAMBACH-LA-VILLE",32.9,52.4,27.7,51,69,94.4,159.3,95.5,116.2,104.6,"CH.Colmar","CH.Colmar","HTP"
"790","NEUF-BRISACH",56.3,75.9,18,36.5,54.6,103.1,178.3,118.9,139.7,123.6,"CH.Colmar","CH.Colmar","CH.Mulhouse"
"791","SOULTZ-SOUS-FORETS",38.4,20,84.5,107.8,125.8,136.8,163.2,80.8,101.6,108.5,"CH.Haguenau","HTP","HTP"
"792","STAFFELFELDEN",73.5,93,28.2,18.5,29.8,86.4,181.3,136.1,156.9,125.3,"CH.Mulhouse","CH.Mulhouse","CH.Colmar"
"793","WINGEN-SUR-MODER",47.4,41.2,93.4,116.8,134.8,127,153.4,60.1,80.9,98.7,"CH.Haguenau","HTP","HTP"
"794","BALDENHEIM",42.9,62.4,30.9,54.2,72.2,101.6,166.6,105.5,126.2,111.9,"CH.Colmar","CH.Colmar","HTP"
"795","NOTHALTEN",31.6,51.1,33.4,56.7,74.7,98.4,163.3,94.2,114.9,108.6,"HTP","HTP","CH.Colmar"
"796","LINSDORF",93.8,113.4,55.3,39.2,56,122.3,215.8,156.5,177.2,161.1,"CH.Mulhouse","CH.Mulhouse","CH.Colmar"
"797","BALGAU",65.2,84.8,26.9,32.7,51.6,112,187.2,127.8,148.6,132.5,"CH.Colmar","CH.Colmar","CH.Mulhouse"
"798","EICHHOFFEN",25.6,45.2,32,55.4,73.4,98.7,163.6,88.3,109,108.9,"HTP","HTP","CH.Colmar"
"799","HINDLINGEN",99.9,119.4,58.1,36.7,34.3,105.8,200.7,162.5,182,144.7,"CH.Belfort","CH.Belfort","CH.Mulhouse"
"800","UEBERSTRASS",101.6,121.1,61.9,34.2,36.4,101.6,196.5,164.2,177.8,140.5,"CH.Mulhouse","CH.Mulhouse","CH.Belfort"
"801","SCHERLENHEIM",27,22.4,73,96.4,114.4,116.5,142.9,60.5,81.2,88.1,"CH.Haguenau","HTP","HTP"
"802","HOUSSEN",45.2,64.8,10.2,34.8,52.9,92,167.2,107.9,128.6,112.5,"CH.Colmar","CH.Colmar","CH.Mulhouse"
"803","BETTLACH",91,110.6,52.4,36.3,57.2,120,213,153.6,174.4,158.3,"CH.Mulhouse","CH.Mulhouse","CH.Colmar"
"804","TURCKHEIM",52.5,72.1,6.1,38.3,50.3,84.8,170.4,115.2,135.9,115.6,"CH.Colmar","CH.Colmar","CH.Mulhouse"
"805","HUNSPACH",45.3,26.9,91.4,114.7,132.7,143.7,170.1,87.7,108.5,115.4,"CH.Haguenau","HTP","HTP"
"806","SOLBACH",52,71.6,56.1,79.5,97.5,83.4,140.5,106.3,121.9,85.8,"HTP","HTP","CH.Colmar"
"807","FORTSCHWIHR",53,72.6,14,35.5,53.5,99.9,175,115.6,136.4,120.3,"CH.Colmar","CH.Colmar","CH.Mulhouse"
"808","SAVERNE",33,28.9,65.8,89.1,107.2,105.6,132,51.5,72.2,77.3,"CH.Haguenau","HTP","HTP"
"809","LUTZELHOUSE",34.2,53.7,53.4,76.7,94.8,94.5,151.2,87.8,108.5,96.5,"HTP","HTP","CH.Colmar"
"810","OHNENHEIM",44.3,63.8,24.4,46.4,64.4,101.3,166.2,106.9,127.6,111.5,"CH.Colmar","CH.Colmar","HTP"
"811","RIESPACH",99.2,118.8,60.7,32.7,46,111.1,206.1,161.8,182.6,150,"CH.Mulhouse","CH.Mulhouse","CH.Belfort"
"812","BENDORF",102.4,122,63.9,41.6,52.3,117.5,212.5,165,185.8,156.4,"CH.Mulhouse","CH.Mulhouse","CH.Belfort"
"813","RICHTOLSHEIM",47,66.5,32.3,54.3,72.3,106.2,171.3,111.7,132.5,116.4,"CH.Colmar","CH.Colmar","HTP"
"814","ANDOLSHEIM",49.4,69,11.1,31.8,49.8,96.2,171.5,112,132.8,116.7,"CH.Colmar","CH.Colmar","CH.Mulhouse"
"815","MELSHEIM",26.2,21.6,72.3,95.6,113.6,115.7,142.2,59.7,80.4,87.3,"CH.Haguenau","HTP","HTP"
"816","WEYERSHEIM",18.4,17.6,64.5,87.8,105.8,126,152.5,70,90.8,97.6,"CH.Haguenau","HTP","HTP"
"817","HESSENHEIM",44,63.6,30.3,53.4,71.4,101,166.1,106.6,127.4,111.2,"CH.Colmar","CH.Colmar","HTP"
"818","RAEDERSDORF",99.6,119.2,61,44.7,58,123.2,218.2,162.2,183,162.1,"CH.Mulhouse","CH.Mulhouse","CH.Belfort"
"819","RITTERSHOFFEN",42.2,25.7,88.3,107.7,125.7,142.5,169,86.5,107.3,114.1,"CH.Haguenau","HTP","HTP"
"820","HOCHSTETT",19.9,10.8,66,89.3,107.3,118.3,144.8,62.3,83.1,89.9,"CH.Haguenau","HTP","HTP"
"821","OBERDORF-SPACHBACH",41.5,23.5,87.6,110.9,128.9,139.9,166.4,82.6,104.7,111.5,"CH.Haguenau","HTP","HTP"
"822","GOTTESHEIM",31.9,27.3,75,98.3,116.3,114.5,141,58.5,79.3,86.1,"CH.Haguenau","HTP","HTP"
"823","WALDHAMBACH",59.3,54.8,99.5,122.8,140.8,120.5,145,43.7,64.5,92.2,"CH.Forbach","CH.Forbach","CH.Haguenau"
"824","SOULTZMATT",67.2,86.7,21.9,28.5,40.4,97,187.2,129.8,150.5,132.3,"CH.Colmar","CH.Colmar","CH.Mulhouse"
"825","BOOFZHEIM",31.4,51,42.3,65.6,83.6,111.5,176.6,98.6,119.3,121.7,"HTP","HTP","CH.Colmar"
"826","RIMBACHZELL",75.1,94.6,29.8,28.1,38.6,95.2,190.2,137.7,158.5,134.1,"CH.Mulhouse","CH.Mulhouse","CH.Colmar"
"827","ALTENACH",93.4,113,51.6,32.6,27.8,101.1,196.1,156,176.8,140,"CH.Belfort","CH.Belfort","CH.Mulhouse"
"828","DOSSENHEIM-SUR-ZINSEL",35.4,30.8,73.3,96.6,114.6,109.4,135.9,53.4,74.1,81,"CH.Haguenau","HTP","HTP"
"829","OBERSOULTZBACH",34.4,29.8,80.4,103.8,121.8,119.5,146,59.7,80.4,91.1,"CH.Haguenau","HTP","HTP"
"830","TRAUBACH-LE-HAUT",88.9,108.5,44.3,29,24.4,96.1,191.1,151.5,172.3,135,"CH.Belfort","CH.Belfort","CH.Mulhouse"
"831","RINGELDORF",28.5,19.5,74.6,97.9,115.9,119.5,146,63.5,84.3,91.2,"CH.Haguenau","HTP","HTP"
"832","DONNENHEIM",20.5,19.1,66.6,89.9,107.9,123.3,149.8,67.4,88.1,95,"CH.Haguenau","HTP","HTP"
"833","SALMBACH",44.3,40.8,90.4,110,128,151.9,178.4,95.9,116.7,123.6,"CH.Haguenau","HTP","HTP"
"834","ILLHAEUSERN",41.1,60.6,17.5,40.9,58.9,98.1,163.1,103.7,124.4,108.3,"CH.Colmar","CH.Colmar","CH.Mulhouse"
"835","MENCHHOFFEN",34.5,27.6,80.6,103.9,121.9,121,147.5,64.5,85.3,92.6,"CH.Haguenau","HTP","HTP"
"836","BERNARDVILLE",30.7,50.3,36.8,60.1,78.1,97.6,162.7,93.3,114.1,107.8,"HTP","HTP","CH.Colmar"
"837","ALTKIRCH",86.2,105.7,47.6,18.9,33.4,99.7,194.7,148.8,169.6,138.6,"CH.Mulhouse","CH.Mulhouse","CH.Belfort"
"838","ZAESSINGUE",85.9,105.4,47.3,18.6,44.4,110,205,148.5,169.2,148.9,"CH.Mulhouse","CH.Mulhouse","CH.Belfort"
"839","HELFRANTZKIRCH",81.1,100.7,42.6,21.2,47.3,110.1,203.2,143.7,164.5,148.4,"CH.Mulhouse","CH.Mulhouse","CH.Colmar"
"840","HUTTENHEIM",27.3,46.8,32.1,55.4,73.5,101.4,166.4,94.5,115.2,111.6,"HTP","HTP","CH.Colmar"
"841","OLTINGUE",94.8,114.4,56.2,40.1,57.6,123.8,216.9,157.4,178.2,162,"CH.Mulhouse","CH.Mulhouse","CH.Colmar"
"842","PREUSCHDORF",43.5,25,89.5,112.9,130.9,141.9,168.4,85.4,106.6,113.5,"CH.Haguenau","HTP","HTP"
"843","LAPOUTROIE",63.1,82.7,20.7,51.2,64.9,72.3,151.5,125.7,132.7,96.6,"CH.Colmar","CH.Colmar","CH.Mulhouse"
"844","BOUXWILLER",30.5,25.9,76.5,99.9,117.9,115.3,141.7,59.3,80,86.9,"CH.Haguenau","HTP","HTP"
"845","BOUXWILLER",94.4,113.9,55.8,38.5,52.9,118.1,213.1,157,177.7,157,"CH.Mulhouse","CH.Mulhouse","CH.Belfort"
"846","WALTENHEIM-SUR-ZORN",21.3,14.6,67.3,90.7,108.7,116.9,143.4,60.9,81.6,88.5,"CH.Haguenau","HTP","HTP"
"847","OBERHOFFEN-LES-WISSEMBOURG",52.9,34.5,99,121.9,139.9,151.3,177.8,93.5,116.1,123,"CH.Haguenau","HTP","HTP"
"848","RANSPACH-LE-HAUT",86.2,105.7,47.6,26.7,49.6,115.2,208.2,148.8,169.5,153.4,"CH.Mulhouse","CH.Mulhouse","CH.Colmar"
"849","NIEDERNAI",20,39.6,35.2,58.5,76.5,104.4,165,82.5,103.2,110.1,"HTP","HTP","CH.Colmar"
"850","BRUNSTATT-DIDENHEIM",74.2,93.8,35.7,5.1,29.5,91.9,186.9,136.8,157.6,130.7,"CH.Mulhouse","CH.Mulhouse","CH.Belfort"
"851","UHRWILLER",38.9,25.9,85,108.3,126.3,127.4,153.9,71.4,92.2,99,"CH.Haguenau","HTP","HTP"
"852","ODEREN",94.7,114.3,49.5,36.6,43.9,61.6,156.6,157.3,137.8,100.5,"CH.Mulhouse","CH.Mulhouse","CH.Belfort"
"853","RIEDISHEIM",70,89.5,31.4,5.2,31.1,93.9,188.9,132.6,153.3,132.8,"CH.Mulhouse","CH.Mulhouse","CH.Belfort"
"854","WOLFSKIRCHEN",54.9,50.4,95.1,118.4,136.4,106.2,132.7,39.3,60.1,76.4,"CH.Forbach","CH.Forbach","CH.Haguenau"
"855","VAL DE MODER",31.6,19.3,77.7,101,119,122.7,149.2,66.8,87.5,94.4,"CH.Haguenau","HTP","HTP"
"856","LITTENHEIM",28.5,27,68.3,91.6,109.6,115.5,142,59.5,80.2,87.1,"CH.Haguenau","HTP","HTP"
"857","ALTORF",20.1,39.6,40.2,63.5,81.6,109.5,160.3,77.8,98.5,105.4,"HTP","HTP","CH.Haguenau"
"858","NEUWILLER",86.7,106.3,48.2,32.1,52.9,115.7,208.8,149.4,170.1,154,"CH.Mulhouse","CH.Mulhouse","CH.Colmar"
"859","GUEVENATTEN",86.9,106.5,41.8,27,22.6,93.6,188.6,149.5,169.9,132.5,"CH.Belfort","CH.Belfort","CH.Mulhouse"
"860","SCHILLERSDORF",36.2,28.9,82.3,105.6,123.6,123.7,150.2,67.2,87.9,95.3,"CH.Haguenau","HTP","HTP"
"861","OBERBRUCK",96,115.5,50.8,36,31.5,69.4,164.4,158.6,145.6,108.3,"CH.Belfort","CH.Belfort","CH.Mulhouse"
"862","GERTWILLER",24,43.6,31.7,55,73,101,166,86.6,107.4,111.2,"HTP","HTP","CH.Colmar"
"863","OTTERSTHAL",32.3,27.7,68,91.3,109.3,105.1,131.6,50.1,70.8,76.8,"CH.Haguenau","HTP","HTP"
"864","KNOERSHEIM",27.4,33.8,60.2,83.5,101.6,112.9,139.3,56.9,77.6,84.5,"HTP","HTP","CH.Haguenau"
"865","BERSTETT",14.1,22.3,63.3,86.6,104.6,128,154.5,72,92.7,99.6,"HTP","HTP","CH.Haguenau"
"866","CROETTWILLER",39.4,36,85.5,105.1,123.1,147.1,173.5,91.1,111.8,118.7,"CH.Haguenau","HTP","HTP"
"867","REICHSFELD",32.2,51.7,38.3,61.6,79.7,99.1,164.2,94.8,115.6,109.3,"HTP","HTP","CH.Colmar"
"868","WALDIGHOFEN",96,115.6,57.4,31,46.3,112.6,207.6,158.6,179.4,151.5,"CH.Mulhouse","CH.Mulhouse","CH.Belfort"
"869","BAREMBACH",40.9,60.4,60.1,83.5,101.5,88.9,145.1,95.1,115.8,90.2,"HTP","HTP","CH.Colmar"
"870","WINTERSHOUSE",22.4,10.6,68.5,91.8,109.8,120.8,147.3,64.8,85.6,92.5,"CH.Haguenau","HTP","HTP"
"871","HURTIGHEIM",11.5,32.3,54.6,78,96,123.9,154.4,72,92.7,99.6,"HTP","HTP","CH.Haguenau"
"872","ECKWERSHEIM",15.2,18.5,61.3,84.6,102.6,122.1,148.6,66.1,86.9,93.8,"HTP","HTP","CH.Haguenau"
"873","FOLGENSBOURG",84.3,103.8,45.7,29.6,50.4,113.2,206.3,146.9,167.6,151.5,"CH.Mulhouse","CH.Mulhouse","CH.Colmar"
"874","RIBEAUVILLE",44.4,63.9,19.1,42.5,60.6,90.5,155.5,107,127.7,100.7,"CH.Colmar","CH.Colmar","CH.Mulhouse"
"875","MUTZIG",23.1,42.7,41.5,64.8,82.8,105.5,157.5,75,95.8,102.6,"HTP","HTP","CH.Colmar"
"876","SELESTAT",33.8,53.3,22.1,45.4,63.4,91.4,156.5,96.4,117.2,101.6,"CH.Colmar","CH.Colmar","HTP"
"877","STUNDWILLER",42.4,28.7,88.5,108.1,126.1,145.6,172.1,89.6,110.3,117.2,"CH.Haguenau","HTP","HTP"
"878","SOULTZEREN",68.6,88.1,22.1,52.9,64.9,67.1,161.6,131.2,142.8,105.5,"CH.Colmar","CH.Colmar","CH.Mulhouse"
"879","DOSSENHEIM-KOCHERSBERG",15.9,30.9,55.2,78.5,96.5,124.5,152.4,70,90.7,97.6,"HTP","HTP","CH.Haguenau"
"880","FELDBACH",97.8,117.4,59.3,30.5,43.6,108.8,203.8,160.4,181.2,147.7,"CH.Mulhouse","CH.Mulhouse","CH.Belfort"
"881","INGENHEIM",25.7,24.1,70.8,94.1,112.1,115.8,142.3,59.9,80.6,87.5,"CH.Haguenau","HTP","HTP"
"882","BARR",25.6,45.1,32.7,56,74,102,167,88.2,109,112.2,"HTP","HTP","CH.Colmar"
"883","KIRRWILLER",27.2,22.6,73.3,96.6,114.6,118.2,144.7,62.2,83,89.8,"CH.Haguenau","HTP","HTP"
"884","GALFINGUE",79.9,99.5,41,17.6,26.6,92.8,187.8,142.5,163.3,131.7,"CH.Mulhouse","CH.Mulhouse","CH.Belfort"
